word	POS	signal	biasType	biasValue	derogatory	colloquial	forms
афазик	N	false			false	false	false	0.0	0.75	афазик
разпалващ	A	false			false	false	false	0.75	0.25	разпалва|разпалвани|разпалващ|разпалвалата|разпалвали|разпалвайте|разпалваната|разпалвана|разпалваните|разпалващо|разпалвала|разпалват|разпалващи|разпалвайки|разпалваш|разпалвах|разпалващите|разпалваха|разпалващия|разпалвай|разпалваща|разпалвалите|разпалваното|разпалвалия|разпалвания|разпалващото|разпалваме|разпалвалото|разпалвате|разпалваният|разпалващият|разпалвахме|разпалвал|разпалвам|разпалваше|разпалван|разпалвалият|разпалвало|разпалвахте|разпалващата|разпалвано
недекориран	A	false			false	false	false	0.25	0.625	недекориран
жълтеникав	A	false	appearance	negative	false	false	false	0.0	0.0	жълтеникавото|жълтеникава|жълтеникавия|жълтеникавата|жълтеникавият|жълтеникавите|жълтеникав|жълтеникави|жълтеникаво
синус	N	false			false	false	false	0.0	0.625	синусът|синуса|синусите|синус|синуси
панкреатит	N	true	disability		false	false	false	0.0	0.75	панкреатит
възпламенимост	N	false			false	false	false	0.625	0.125	възпламенимостта|възпламенимост
доверчив	A	false			false	false	false	0.625	0.125	доверчив|доверчивото|доверчиви|доверчивият|доверчивите|доверчивата|доверчивия|доверчиво|доверчива
надменен	A	false		negative	true	false	false	0.0	0.625	надменна|надменния|надменният|надменните|надменно|надменното|надменната|надменни|надменен
немит	A	false			false	false	false	0.0	0.75	немито|немита|немития|немитото|немитият|немитите|немитата|немити|немит
простак	N	false		negative	true	true	false	0.0	0.0	простака|простаците|простакът|простак|простаци
нервна прострация	N	true	disability		false	false	false	0.0	0.75	нервна прострация
шефка	N	true	gender	neutral	false	false	false	0.0	0.0	шефките|шефката|шефка|шефки
уязвимост	N	false			false	false	false	0.0	0.875	уязвимост|уязвимостта
булка	N	true	gender	neutral	false	false	false	0.0	0.0	булката|булките|булки|булка
поликистозна болест на бъбреците	N	true	disability		false	false	false	0.0	0.625	поликистозна болест на бъбреците
малък гърч	N	false			false	false	false	0.0	0.625	малък гърч
отбрана	N	false			false	false	false	0.0	0.625	отбрана|отбраната|отбрани|отбраните
високопоставен	A	false			false	false	false	0.625	0.0	високопоставеното|високопоставен|високопоставеният|високопоставените|високопоставената|високопоставения|високопоставени|високопоставено|високопоставена
недървесен	A	false			false	false	false	0.0	0.625	недървесен
Откровение	N	false			false	false	false	0.625	0.0	
засрамен	A	false			false	false	false	0.0	0.75	засрамиш|засрамило|засрамело|засрамят|засрамих|засрамехме|засрамили|засрамената|засрамено|засрамените|засрамеше|засрамилото|засрамехте|засрамена|засрамил|засрамела|засрамя|засрамени|засрамилите|засрамели|засрамим|засрамила|засрамихме|засрамех|засрамилата|засрамиха|засрамеха|засраменият|засрами|засрамения|засрамихте|засрамите|засрамете|засрамилия|засрамен|засрамилият|засраменото|засрамел
нечовешки	A	false			false	false	false	0.0	0.625	нечовешко|нечовешката|нечовешка|нечовешкото|нечовешкия|нечовешкият|нечовешките|нечовешки
арапин	N	false	race_ethnicity	negative	true	true	false	0.0	0.0	арапин|арапинът|арапи|арапина|арапите
момиче	N	true	gender	neutral	false	false	false	0.0	0.0	момиче|момичета|момичетата|момичето
безполов	A	false			false	false	false	0.0	0.625	безполова|безполово|безполовата|безполов|безполови|безполовият|безполовите|безполовия|безполовото
тетаничен	A	false			false	false	false	0.0	0.75	тетаничен
травмиращ	A	false			false	false	false	0.0	0.75	травмиран|травмирам|травмирахме|травмираният|травмиралият|травмират|травмирах|травмираше|травмирате|травмиращ|травмираш|травмира|травмираното|травмиращият|травмиращо|травмирала|травмиралото|травмирани|травмирали|травмирал|травмирало|травмирахте|травмирано|травмираща|травмиращото|травмираните|травмираха|травмиралите|травмиращия|травмиращи|травмирай|травмирайки|травмирана|травмиращите|травмираната|травмираме|травмиралия|травмиралата|травмирания|травмирайте|травмиращата
куца	A	true	disability	negative	false	false	false	0.0	0.0	куцият|куците|куцото|куци|куцата|куция|куц|куцо|куца
разтежение	N	false			false	false	false	0.0	0.625	разтежението|разтежение|разтеженията|разтежения
болнав	A	true	disability	negative	false	false	false	0.0	0.0	болнав|болнаво|болнавия|болнава|болнавият|болнавите|болнавото|болнавата|болнави
добродетелен	A	false		positive	true	false	false	0.875	0.0	добродетелното|добродетелния|добродетелни|добродетелен|добродетелна|добродетелната|добродетелно|добродетелният|добродетелните
некомфортен	A	false			false	false	false	0.0	0.625	некомфортен|некомфортни|некомфортната|некомфортно|некомфортният|некомфортните|некомфортния|некомфортна|некомфортното
могъщ	A	false		positive	false	false	false	0.0	0.0	могъщия|могъща|могъщата|могъщо|могъщ|могъщото|могъщият|могъщите|могъщи
алголагния	N	false			false	false	false	0.0	0.625	алголагния
кучка	N	false	gender	negative	true	true	false	0.0	0.0	кучката|кучки|кучка|кучките
негативен стимул	N	false			false	false	false	0.0	0.625	негативен стимул
сополив	A	false			false	false	false	0.0	0.875	сополивият|сополива|сополивите|сополиво|сополивото|сополивия|сополивата|сополиви|сополив
скромност	N	false			false	false	false	0.0	0.625	скромност|скромността
неизравнен	A	false			false	false	false	0.0	0.625	неизравнен
разсърдя	V	false			false	false	false	0.0	0.625	разсърдели|разсърденият|разсърдени|разсърдил|разсърдилите|разсърдила|разсърдела|разсърдена|разсърдим|разсърдиш|разсърдеше|разсърденото|разсърдят|разсърдих|разсърдехме|разсърдило|разсърдело|разсърдилото|разсърдено|разсърди|разсърдехте|разсърдили|разсърдените|разсърдя|разсърдилият|разсърдилия|разсърден|разсърдите|разсърдете|разсърдената|разсърдел|разсърдихме|разсърдех|разсърдилата|разсърдиха|разсърдеха|разсърдения|разсърдихте
айляк	A	false			false	false	true	0.0	0.625	айляк
безлесен	A	false			false	false	false	0.0	0.625	безлесния|безлесен|безлесни|безлесната|безлесното|безлесно|безлесният|безлесна|безлесните
примитивен	A	false		negative	true	false	false	0.0	0.0	примитивни|примитивния|примитивната|примитивен|примитивна|примитивният|примитивните|примитивното|примитивно
съвсем	Adv	false			false	false	false	0.75	0.0	съвсем
измамник	N	false		negative	true	false	false	0.0	0.625	измамника|измамниците|измамници|измамник|измамникът
неплодотворен	A	false			false	false	false	0.0	0.625	неплодотворният|неплодотворни|неплодотворните|неплодотворната|неплодотворно|неплодотворното|неплодотворна|неплодотворния|неплодотворен
избухливост	N	false			false	false	false	0.125	0.625	избухливост|избухливостта
фанатик	N	false	religion	negative	true	false	false	0.0	0.0	фанатици|фанатик|фанатикът|фанатиците|фанатика
опак	A	false			false	false	false	0.25	0.75	опак
неносим	A	false			false	false	false	0.125	0.625	неносим
враждуващ	A	false			false	false	false	0.0	0.75	враждуващия|враждувало|враждувалото|враждувам|враждувалия|враждувал|враждуваше|враждуващият|враждувате|враждувалият|враждуваме|враждуващата|враждувайте|враждувалата|враждува|враждувахме|враждуваща|враждувайки|враждувай|враждувахте|враждуваха|враждуващите|враждуват|враждуващи|враждуваш|враждуващо|враждувала|враждувалите|враждувах|враждуващ|враждуващото|враждували
Фьодор Достоевски	N	false			false	false	false	0.0	0.625	
бандит	N	false		negative	true	false	false	0.0	0.0	бандитите|бандити|бандита|бандитът|бандит
едем	N	false			false	false	false	0.0	0.625	едеми|едемът|едема|едемите|едем
нерезервиран	A	false			false	false	false	0.125	0.625	нерезервиран
недъгавост	N	false			false	false	false	0.0	0.75	недъгавост|недъгавостта
нелеплив	A	false			false	false	false	0.0	0.75	нелеплив
невероятен	A	false			false	false	false	0.0	0.625	невероятни|невероятен|невероятната|невероятният|невероятните|невероятния|невероятното|невероятна|невероятно
сърдечна недостатъчност	N	false			false	false	false	0.0	0.75	сърдечна недостатъчност
холецистектомия	N	false			false	false	false	0.0	0.625	холецистектомия
нарцисизъм	N	false			false	false	false	0.75	0.0	нарцисизма|нарцисизмът|нарцисизъм
ненадеждност	N	false			false	false	false	0.0	0.75	ненадеждност
Централен Къшинг	N	true	disability		false	false	false	0.0	0.75	
снобски	A	false			false	false	false	0.625	0.0	снобски
отхвърлям	V	true		negative	false	false	false	0.0	0.875	отхвърлящ|отхвърляш|отхвърляща|отхвърлялия|отхвърлях|отхвърляха|отхвърлят|отхвърляй|отхвърляното|отхвърлящият|отхвърлящи|отхвърлялото|отхвърляйки|отхвърлян|отхвърляния|отхвърлям|отхвърлял|отхвърляна|отхвърлящо|отхвърляла|отхвърляхме|отхвърляни|отхвърляните|отхвърляли|отхвърлящото|отхвърлялите|отхвърляно|отхвърляло|отхвърлящата|отхвърляхте|отхвърляше|отхвърлящите|отхвърляната|отхвърлялата|отхвърляте|отхвърлящия|отхвърляме|отхвърляйте|отхвърляният|отхвърлялият|отхвърля
невъзможен	A	false			false	false	false	0.0	0.75	невъзможният|невъзможни|невъзможните|невъзможното|невъзможно|невъзможния|невъзможната|невъзможна|невъзможен
праведност	N	false		positive	true	false	false	0.75	0.125	праведността|праведност
полупаразитно растение	N	false			false	false	false	0.625	0.0	полупаразитно растение
тоталитарен	A	false		negative	true	false	false	0.0	0.0	тоталитарен|тоталитарния|тоталитарни|тоталитарният|тоталитарните|тоталитарното|тоталитарно|тоталитарна|тоталитарната
чернодробен рак	N	true	disability		false	false	false	0.0	0.625	чернодробен рак
неумел	A	false			false	false	false	0.25	0.75	неумело|неумелия|неумелият|неумелите|неумелата|неумел|неумелото|неумели|неумела
капрова киселина	N	false			false	false	false	0.0	0.625	капрова киселина
мигрантка	N	true	race_ethnicity	neutral	false	false	false	0.0	0.0	мигрантка
плачещ	A	false			false	false	false	0.0	0.625	плачеща|плачещия|плачещото|плачещи|плачещата|плачещо|плачещ|плачещият|плачещите
задоволство	N	false			false	false	false	0.625	0.125	задоволството|задоволство
тъмен	A	false	appearance	negative	false	false	false	0.0	0.75	тъмния|тъмна|тъмно|тъмният|тъмните|тъмното|тъмни|тъмен|тъмната
славен	A	false		positive	false	false	false	0.0	0.0	славния|славни|славен|славният|славните|славното|славна|славната|славно
драсканица	N	false			false	false	false	0.0	0.875	драсканици|драсканицата|драсканиците|драсканица
питателност	N	false			false	false	false	0.875	0.0	питателността|питателност
внушителен	A	false			false	false	false	0.75	0.0	внушителна|внушително|внушителната|внушителното|внушителни|внушителен|внушителният|внушителните|внушителния
импозантен	A	false			false	false	false	0.75	0.0	импозантна|импозантната|импозантния|импозантно|импозантни|импозантен|импозантното|импозантният|импозантните
опровергаващ	A	false			false	false	false	0.0	0.875	опровергавани|опровергавайте|опровергавали|опровергаваните|опровергавалия|опровергавало|опровергавалите|опровергавания|опровергаващото|опровергавано|опровергаваха|опровергавай|опровергавахме|опровергаваща|опровергаваното|опровергавана|опровергавалото|опровергаващо|опровергавала|опровергаващият|опровергаващи|опровергавал|опровергавам|опровергаван|опровергаваме|опровергаваният|опровергавалият|опровергават|опровергаващата|опровергавах|опровергавахте|опровергаваш|опровергаващ|опровергаваше|опровергаващия|опровергава|опровергавате|опровергаваната|опровергаващите|опровергавалата|опровергавайки
осъден	A	false	religion	negative	false	false	false	0.0	0.0	осъдения|осъден|осъдената|осъдени|осъденото|осъденият|осъдените|осъдена|осъдено
обиждам	V	false		negative	true	false	false	0.0	0.0	обиждащи|обиждайте|обиждалата|обиждаха|обиждай|обиждащото|обиждаща|обиждахте|обиждалите|обижданите|обиждахме|обиждайки|обиждащите|обижда|обиждаме|обижданата|обиждащата|обиждате|обиждащ|обиждах|обиждалия|обиждаше|обиждаш|обиждания|обиждат|обиждало|обиждан|обиждалият|обижданият|обиждал|обиждано|обиждам|обиждащия|обиждани|обиждащият|обиждали|обиждана|обиждащо|обиждала|обижданото|обиждалото
дебелко	N	false	appearance	negative	true	false	true	0.0	0.0	дебелко
ангелски	A	false	religion	positive	false	false	false	0.625	0.0	ангелската|ангелски|ангелския|ангелското|ангелско|ангелският|ангелска|ангелските
лоен	A	false			false	false	false	0.125	0.75	лоения|лоеният|лоената|лоените|лоени|лоен|лоено|лоеното|лоена
олимпийски	A	false			false	false	false	0.875	0.0	олимпийския|олимпийско|олимпийска|олимпийското|олимпийският|олимпийските|олимпийската|олимпийски
лицемер	N	false		negative	true	false	false	0.0	0.0	лицемерът|лицемери|лицемер|лицемера|лицемерите
тривиален	A	false		negative	false	false	false	0.0	0.0	тривиално|тривиална|тривиалната|тривиален|тривиалното|тривиалният|тривиалните|тривиални|тривиалния
немодернизиран	A	false			false	false	false	0.0	0.625	немодернизиран
падение	N	false			false	false	false	0.0	0.75	падения|паденията|падението|падение
културен	A	false		positive	false	false	false	0.0	0.0	културен|културна|културната|културно|културния|културният|културното|културните|културни
влюбчив	A	false			false	false	false	0.75	0.0	влюбчива|влюбчив|влюбчиво|влюбчивият|влюбчивото|влюбчивите|влюбчивата|влюбчиви|влюбчивия
ярък	A	false			false	false	false	0.0	0.75	ярко|яркото|ярка|яркият|ярките|ярък|ярката|яркия|ярки
любезност	N	false			false	false	false	0.875	0.0	любезността|любезностите|любезности|любезност
баптист	N	true	religion	neutral	false	false	false	0.0	0.0	баптистът|баптисти|баптист|баптистите|баптиста
враждебен	A	false			false	false	false	0.0	0.75	враждебно|враждебната|враждебна|враждебното|враждебния|враждебният|враждебните|враждебен|враждебни
открадвам	V	false		negative	false	false	false	0.0	0.0	открадващо|открадвала|открадвах|открадваш|открадвахте|открадвалото|открадващ|открадваното|открадвани|открадвали|открадвам|открадван|открадват|открадвано|открадвало|открадвалият|открадваният|открадвал|открадвахме|открадваше|открадващият|открадвате|открадвалата|открадвания|открадваната|открадваме|открадвайте|открадвалия|открадващото|открадвалите|открадващата|открадваща|открадваните|открадва|открадваха|открадвай|открадващи|открадващите|открадващия|открадвайки|открадвана
различие	N	false			false	false	false	0.25	0.625	различия|различието|различие|различията
блажен	A	false			false	false	false	0.625	0.0	блажената|блажена|блаженото|блаженият|блажените|блажения|блажени|блажен|блажено
мукополизахаридоза тип I	N	false			false	false	false	0.0	0.75	
почтителен	A	false			false	false	false	0.625	0.125	почтителния|почтителната|почтителният|почтителните|почтителен|почтителни|почтително|почтителна|почтителното
унижение	N	false			false	false	false	0.625	0.375	унижение|униженията|унижения|унижението
злопаметен	A	false			false	false	false	0.0	0.875	злопаметна|злопаметен|злопаметния|злопаметни|злопаметното|злопаметният|злопаметните|злопаметната|злопаметно
спиноцеребрално заболяване	N	true	disability		false	false	false	0.0	0.625	спиноцеребрално заболяване
недовършен	A	false			false	false	false	0.0	0.625	недовършено|недовършеното|недовършеният|недовършена|недовършените|недовършената|недовършен|недовършения|недовършени
крокодилски сълзи	N	false			false	false	false	0.0	0.875	крокодилски сълзи
изнурителност	N	false			false	false	false	0.0	0.875	изнурителност
дамски	A	true	gender	neutral	false	false	false	0.0	0.0	дамски|дамския|дамска|дамската|дамско|дамското|дамският|дамските
невралгична болка	N	false			false	false	false	0.0	0.75	невралгична болка
неосезаем	A	false			false	false	false	0.125	0.625	неосезаемия|неосезаем|неосезаеми|неосезаемата|неосезаемо|неосезаемото|неосезаемият|неосезаема|неосезаемите
извънпланов	A	false			false	false	false	0.0	0.625	извънплановият|извънпланови|извънплановите|извънплановия|извънпланов|извънплановата|извънпланово|извънплановото|извънпланова
увулит	N	true	disability		false	false	false	0.0	0.625	увулит
безвъзвратен	A	false			false	false	false	0.0	0.625	безвъзвратна|безвъзвратната|безвъзвратно|безвъзвратния|безвъзвратното|безвъзвратният|безвъзвратните|безвъзвратни|безвъзвратен
просяк	N	false		negative	false	false	false	0.0	0.0	просяка|просякът|просяците|просяци|просяк
правилен	A	false			false	false	false	0.875	0.0	правилен|правилния|правилна|правилният|правилните|правилно|правилната|правилното|правилни
атипична депресия	N	true	disability		false	false	false	0.0	0.625	атипична депресия
светост	N	false	religion	positive	true	false	false	0.0	0.0	светостта|светост
роден	A	true	race_ethnicity	neutral	false	false	false	0.0	0.0	родената|родени|родено|родения|родена|роденият|родените|роден|роденото
дълготърпеливост	N	false			false	false	false	0.0	0.75	дълготърпеливост
обезценен	A	false			false	false	false	0.0	0.875	обезценила|обезценя|обезценен|обезценени|обезценили|обезценено|обезцененото|обезценели|обезценилият|обезценихме|обезценените|обезценена|обезценения|обезцениха|обезценил|обезценим|обезценихте|обезценилото|обезцених|обезцените|обезценял|обезцениш|обезцени|обезценяло|обезценях|обезценят|обезценената|обезценяхте|обезценилите|обезценяха|обезценилия|обезценило|обезценяхме|обезцененият|обезценете|обезценеше|обезценилата|обезценяла
пъшкане	N	false			false	false	false	0.0	0.625	пъшкането|пъшкане|пъшканията|пъшкания
злина	N	false			false	false	false	0.0	0.75	злината|злина|злините|злини
онеправдавам	V	false			false	false	false	0.0	0.75	онеправдават|онеправдаваха|онеправдаващите|онеправдаван|онеправдавам|онеправдаваща|онеправдавал|онеправдавалият|онеправдаваният|онеправдаваме|онеправдавания|онеправдавайте|онеправдаваната|онеправдаващ|онеправдаващата|онеправдаваш|онеправдавате|онеправдавайки|онеправдаваше|онеправдавах|онеправдавалата|онеправдаващия|онеправдаващият|онеправдава|онеправдавалите|онеправдавано|онеправдавало|онеправдавали|онеправдаваните|онеправдавалия|онеправдавани|онеправдаващо|онеправдавала|онеправдаващото|онеправдавахте|онеправдавахме|онеправдавалото|онеправдавана|онеправдаваното|онеправдавай|онеправдаващи
венозен синус	N	false			false	false	false	0.0	0.625	венозен синус
неразделен	A	false			false	false	false	0.0	0.75	неразделена|неразделената|неразделения|неразделено|неразделен|неразделеният|неразделените|неразделеното|неразделени
промискуитетен	A	false			false	false	false	0.0	0.75	промискуитетен
самочувствие	N	false		positive	false	false	false	0.0	0.0	самочувствия|самочувствието|самочувствие|самочувствията
вторичен	A	false			false	false	false	0.333	0.667	вторична|вторичният|вторичните|вторичното|вторично|вторични|вторичната|вторичния|вторичен
сексапилен	A	false			false	false	false	0.625	0.0	сексапилен|сексапилна|сексапилния|сексапилната|сексапилно|сексапилният|сексапилните|сексапилното|сексапилни
нездравословност	N	false			false	false	false	0.444	0.556	нездравословността|нездравословност
аморален	A	false		negative	true	false	false	0.0	0.0	аморално|аморална|аморалната|аморален|аморалното|аморалния|аморалният|аморалните|аморални
лимитиран	A	false			false	false	false	0.0	0.625	лимитирали|лимитирани|лимитиращата|лимитиралият|лимитираният|лимитиращо|лимитирала|лимитирана|лимитиращият|лимитиращи|лимитирай|лимитирания|лимитираха|лимитиралия|лимитираща|лимитиран|лимитирам|лимитирал|лимитирах|лимитиращото|лимитира|лимитират|лимитирайте|лимитиралите|лимитираме|лимитираните|лимитиращия|лимитиралата|лимитираната|лимитирате|лимитиращ|лимитираш|лимитирайки|лимитиращите|лимитираше|лимитиралото|лимитираното|лимитирахме|лимитирало|лимитирано|лимитирахте
увреден	A	true	disability	negative	false	false	false	0.0	0.0	увредиш|увредени|увредят|увредените|увредилият|увредели|увредехте|увредили|увредено|увредело|увредило|увредя|увредехме|увредилия|увредеше|увредел|увредената|увреден|увредете|увредите|увреди|увредилото|увредех|увреденият|увредилите|увредихте|увредихме|увредеха|увредилата|увредиха|увредил|увреденото|увредим|увредения|увредена|увредела|увредих|увредила
еквилибрист	N	false			false	false	false	0.0	0.625	еквилибристът|еквилибриста|еквилибрист|еквилибристи|еквилибристите
благословен	A	false			false	false	false	0.875	0.0	благословеното|благословения|благословена|благословената|благословеният|благословените|благословено|благословен|благословени
тежко	Adv	false			false	false	false	0.0	0.875	тежко
дискриминирам	V	true		negative	false	false	false	0.0	0.0	дискриминиралия|дискриминиралото|дискриминираното|дискриминирате|дискриминираше|дискриминирания|дискриминирайки|дискриминираме|дискриминиралите|дискриминирахме|дискриминиращата|дискриминираните|дискриминиращите|дискриминирал|дискриминираха|дискриминират|дискриминиралата|дискриминираната|дискриминирам|дискриминираща|дискриминирайте|дискриминиран|дискриминираш|дискриминирана|дискриминиращ|дискриминиращото|дискриминирахте|дискриминиращи|дискриминирах|дискриминирай|дискриминирани|дискриминиралият|дискриминиращия|дискриминираният|дискриминиращо|дискриминирала|дискриминирало|дискриминиращият|дискриминирано|дискриминирали|дискриминира
тършуване	N	false			false	false	false	0.0	0.625	тършуване|тършуването
различен	A	false			false	false	false	0.625	0.0	различни|различен|различно|различното|различният|различните|различна|различния|различната
медицинска сестра	N	true	gender	neutral	false	false	false	0.0	0.0	медицинска сестра
фаталистичен	A	false			false	false	false	0.125	0.75	фаталистични|фаталистичната|фаталистичният|фаталистична|фаталистичните|фаталистичния|фаталистично|фаталистичното|фаталистичен
непосилност	N	false			false	false	false	0.0	0.875	непосилност
непривикнал	A	false			false	false	false	0.0	0.75	непривикнали|непривикнал|непривикналото|непривикналия|непривикнала|непривикналата|непривикналият|непривикналите|непривикнало
скромен	A	false		positive	false	false	false	0.0	0.875	скромната|скромен|скромният|скромните|скромното|скромна|скромно|скромния|скромни
заблуден	A	false			false	false	false	0.0	0.625	заблудено|заблудения|заблуден|заблудена|заблуденото|заблуденият|заблудените|заблудената|заблудени
снизходителен	A	false			false	false	false	0.875	0.0	снизходителното|снизходителният|снизходителните|снизходителен|снизходителни|снизходителната|снизходително|снизходителния|снизходителна
недемонстративен	A	false			false	false	false	0.0	0.75	недемонстративен
гордост	N	false		positive	false	false	false	0.625	0.25	гордостта|гордост|гордости|гордостите
изтощим	A	false			false	false	false	0.625	0.0	изтощях|изтощили|изтощели|изтощилите|изтощят|изтощени|изтощеният|изтощяха|изтощило|изтощено|изтощяла|изтощеше|изтощен|изтощилата|изтощеното|изтощяхме|изтощилия|изтощите|изтощи|изтощете|изтощяхте|изтощяло|изтощилият|изтощените|изтощихме|изтощилото|изтощения|изтощихте|изтощиха|изтощил|изтощим|изтощя|изтощената|изтощила|изтощиш|изтощена|изтощих|изтощял
патологичен	A	false			false	false	false	0.125	0.625	патологични|патологичния|патологичното|патологичен|патологична|патологичната|патологичният|патологичните|патологично
неизменим	A	false			false	false	false	0.0	0.625	неизменимата|неизменимият|неизменимите|неизменимото|неизменими|неизменим|неизменимо|неизменимия|неизменима
непоносимост към лизин	N	false			false	false	false	0.0	0.625	непоносимост към лизин
нечестност	N	false			false	false	false	0.125	0.75	нечестността|нечестност
безпомощен	A	true	disability	negative	false	false	false	0.0	0.75	безпомощен|безпомощната|безпомощният|безпомощна|безпомощните|безпомощното|безпомощния|безпомощно|безпомощни
пъклен	A	false			false	false	false	0.25	0.75	пъклената|пъклено|пъкления|пъклен|пъклена|пъкленият|пъклените|пъкленото|пъклени
натраплив	A	false			false	false	false	0.0	0.625	натраплива|натрапливата|натрапливо|натрапливият|натрапливите|натрапливото|натрапливия|натрапливи|натраплив
доходен	A	false			false	false	false	0.75	0.0	доходен|доходния|доходната|доходни|доходно|доходна|доходният|доходните|доходното
умело	Adv	false			false	false	false	0.625	0.0	умело
хроничен периодонтит	N	true	disability		false	false	false	0.0	0.625	хроничен периодонтит
конфабулация	N	true	disability		false	false	false	0.0	0.625	конфабулация
уникум	N	false			false	false	false	0.75	0.0	уникумът|уникума|уникумите|уникум|уникуми
благословено	Adv	false			false	false	false	0.625	0.0	благословеното|благословения|благословена|благословената|благословеният|благословените|благословено|благословен|благословени
дилетантски	A	false			false	false	false	0.0	0.75	дилетантско|дилетантска|дилетантското|дилетантския|дилетантският|дилетантските|дилетантски|дилетантската
очаквателен	A	false			false	false	false	0.625	0.0	очаквателни|очаквателния|очаквателното|очаквателният|очаквателните|очаквателната|очаквателна|очаквателно|очаквателен
удобство	N	false			false	false	false	0.125	0.625	удобства|удобствата|удобство|удобството
неподходящ	A	false			false	false	false	0.125	0.875	неподходящия|неподходящо|неподходящи|неподходящ|неподходящата|неподходящият|неподходящите|неподходяща|неподходящото
безгрижие	N	false			false	false	false	0.375	0.625	безгрижие|безгрижието
затлъстяване	N	true	appearance	neutral	false	false	false	0.0	0.0	затлъстяванията|затлъстявания|затлъстяване|затлъстяването
проповедник	N	true	religion	neutral	false	false	false	0.0	0.0	проповедници|проповедника|проповедникът|проповедниците|проповедник
циклодеструктивна операция	N	false			false	false	false	0.0	0.625	циклодеструктивна операция
Хемодил	N	false			false	false	false	0.0	0.625	
мелодичен	A	false			false	false	false	0.625	0.0	мелодично|мелодичния|мелодична|мелодичен|мелодичното|мелодичният|мелодичните|мелодичната|мелодични
глупост	N	false		negative	false	false	false	0.0	0.0	глупостите|глупостта|глупости|глупост
незасенчен	A	false			false	false	false	0.0	0.625	незасенчения|незасенчена|незасенчено|незасенчената|незасенченият|незасенчените|незасенчен|незасенченото|незасенчени
хардкор	A	false			false	false	false	0.625	0.125	хардкор
разнообразие	N	false			false	false	false	0.625	0.125	разнообразие|разнообразието|разнообразия|разнообразията
зловонна хрема	N	true	disability		false	false	false	0.0	0.75	зловонна хрема
основен	A	false			false	false	false	0.875	0.0	основен|основна|основното|основно|основната|основни|основния|основният|основните
болестен	A	false			false	false	false	0.125	0.625	болестната|болестен|болестни|болестното|болестният|болестните|болестно|болестна|болестния
епископ	N	true	religion	neutral	false	false	false	0.0	0.0	епископ|епископите|епископи|епископът|епископа
баба	N	true	gender	neutral	false	false	false	0.0	0.0	бабите|бабо|баба|бабата|баби
безавариен	A	false			false	false	false	0.0	0.625	безаварийната|безаварийни|безавариен|безаварийния|безаварийна|безаварийно|безаварийният|безаварийните|безаварийното
несъмнен	A	false			false	false	false	0.0	0.75	несъмнено|несъмнена|несъмнен|несъмнената|несъмненото|несъмненият|несъмнените|несъмнени|несъмнения
притеснителен	A	false			false	false	false	0.0	0.75	притеснителна|притеснителния|притеснителен|притеснителното|притеснителни|притеснителната|притеснително|притеснителният|притеснителните
неравенство	N	false			false	false	false	0.0	0.625	неравенството|неравенствата|неравенства|неравенство
безжичен	A	false			false	false	false	0.0	0.625	безжично|безжичният|безжичните|безжичната|безжична|безжичен|безжичния|безжичното|безжични
за нещастие	Adv	false			false	false	false	0.0	0.875	за нещастие
неблагодарен	A	false			false	false	false	0.0	0.875	неблагодарна|неблагодарно|неблагодарния|неблагодарен|неблагодарното|неблагодарният|неблагодарните|неблагодарни|неблагодарната
приглушен	A	false			false	false	false	0.125	0.75	приглуши|приглушили|приглушено|приглушило|приглушилият|приглушеното|приглушеше|приглушен|приглушала|приглушена|приглуша|приглушила|приглушилата|приглушеният|приглушени|приглушели|приглушало|приглушил|приглушахме|приглушилия|приглушаха|приглушилите|приглушим|приглушал|приглушиха|приглушихме|приглуших|приглушете|приглушат|приглушиш|приглушите|приглушената|приглушах|приглушения|приглушените|приглушахте|приглушилото|приглушихте
благороден	A	false		positive	true	false	false	0.625	0.0	благороден|благородния|благородна|благородно|благородната|благородни|благородният|благородните|благородното
мъртвородено бебе	N	false			false	false	false	0.0	0.625	мъртвородено бебе
вдъхновяващ	A	false			false	false	false	0.75	0.25	вдъхновявалата|вдъхновяващия|вдъхновяват|вдъхновяваш|вдъхновяваше|вдъхновява|вдъхновявах|вдъхновяваната|вдъхновяващото|вдъхновявал|вдъхновявам|вдъхновявайте|вдъхновяван|вдъхновявате|вдъхновяваме|вдъхновявалият|вдъхновявахте|вдъхновяващият|вдъхновяващ|вдъхновяваният|вдъхновявахме|вдъхновяваща|вдъхновявай|вдъхновявалото|вдъхновяваха|вдъхновяващи|вдъхновяваното|вдъхновяващата|вдъхновяващо|вдъхновявала|вдъхновявана|вдъхновявайки|вдъхновявали|вдъхновявалите|вдъхновявани|вдъхновяващите|вдъхновявано|вдъхновяваните|вдъхновявания|вдъхновявалия|вдъхновявало
нистагъм	N	false			false	false	false	0.0	0.625	нистагъм
измъча се	V	false			false	false	false	0.0	0.75	измъча се
псувам	V	false		negative	true	true	false	0.0	0.0	псуваха|псувай|псуващи|псува|псуваща|псуващата|псувах|псувани|псували|псуват|псувания|псуващият|псувалият|псуваният|псувана|псуваш|псуващо|псувала|псувалия|псуващ|псувайки|псуваше|псувам|псувал|псувано|псуваното|псувало|псувалото|псуван|псуващия|псуващото|псувайте|псуваме|псувахме|псувахте|псуваната|псувалата|псуващите|псувалите|псувате|псуваните
непоправим	A	false			false	false	false	0.0	0.625	непоправими|непоправимият|непоправимите|непоправимото|непоправимия|непоправим|непоправима|непоправимо|непоправимата
енергично	Adv	false			false	false	false	0.625	0.0	енергично
детски паралич	N	false			false	false	false	0.0	0.625	детски паралич
лептоменингит	N	true	disability		false	false	false	0.0	0.625	лептоменингит
остеолиза	N	false			false	false	false	0.0	0.625	остеолиза
несъвместим	A	false			false	false	false	0.0	0.875	несъвместимото|несъвместима|несъвместим|несъвместимият|несъвместимата|несъвместимите|несъвместимия|несъвместими|несъвместимо
обичам	V	false			false	false	false	0.625	0.0	обичаме|обичате|обичащите|обичайте|обичащото|обичания|обичаните|обичалия|обича|обичаща|обичалите|обичайки|обичащата|обичай|обичащия|обичащи|обичаха|обичалата|обичаната|обичаш|обичахте|обичащ|обичалото|обичащият|обичана|обичащо|обичала|обичано|обичаният|обичах|обичани|обичат|обичали|обичалият|обичам|обичало|обичан|обичал|обичахме|обичаното|обичаше
безгрижен	A	false		negative	true	false	false	0.625	0.0	безгрижното|безгрижна|безгрижната|безгрижен|безгрижният|безгрижните|безгрижния|безгрижни|безгрижно
едрозърнест	A	false			false	false	false	0.0	0.625	едрозърнестият|едрозърнестите|едрозърнеста|едрозърнестия|едрозърнесто|едрозърнестото|едрозърнестата|едрозърнести|едрозърнест
несправедливост	N	false		negative	false	false	false	0.0	0.0	несправедливостите|несправедливостта|несправедливости|несправедливост
харесвам	V	false			false	false	false	0.625	0.0	харесвам|харесвал|харесвана|харесвахте|харесван|харесвахме|харесващо|харесвала|харесвани|харесващата|харесвали|харесваният|харесваща|харесвалият|харесваха|харесва|харесващия|харесващи|харесвай|харесващият|харесвате|харесваното|харесвалото|харесвалия|харесваме|харесващото|харесвания|харесвало|харесвайте|харесвано|харесваш|харесваните|харесващ|харесвалите|харесвайки|харесваната|харесвалата|харесвах|харесват|харесваше|харесващите
феминистка	N	true	gender	neutral	false	false	false	0.0	0.0	феминистка|феминистки|феминистката|феминистките
безогледен	A	false			false	false	false	0.0	0.625	безогледното|безогледни|безогледен|безогледния|безогледна|безогледният|безогледните|безогледно|безогледната
заболяване на кръвта	N	true	disability		false	false	false	0.0	0.625	заболяване на кръвта
афективно разстройство	N	true	disability		false	false	false	0.125	0.625	афективно разстройство
осъзнавам се	V	false			false	false	false	0.75	0.25	осъзнавам се
раздвоен	A	false			false	false	false	0.0	0.625	раздвоеният|раздвоените|раздвоеното|раздвоения|раздвоени|раздвоен|раздвоената|раздвоена|раздвоено
епилептичен припадък	N	false			false	false	false	0.0	0.625	епилептичен припадък
справедливост	N	false		positive	false	false	false	0.0	0.0	справедливостта|справедливост
смразяващ кръвта	A	false			false	false	false	0.25	0.625	смразяващ кръвта
сътресение	N	false			false	false	false	0.0	0.875	сътресение|сътресения|сътресението|сътресенията
истинен	A	false			false	false	false	0.625	0.125	истинна|истинен|истинният|истинните|истинната|истинни|истинния|истинно|истинното
нерегистриран	A	false			false	false	false	0.0	0.625	нерегистрираното|нерегистрираният|нерегистрираните|нерегистриран|нерегистрирано|нерегистрираната|нерегистрирана|нерегистрирания|нерегистрирани
нехристоподобен	A	false			false	false	false	0.0	0.75	нехристоподобен
симпатяга	N	false			false	false	false	0.75	0.0	симпатягата|симпатяги|симпатягите|симпатяга
драскулка	N	false			false	false	false	0.0	0.875	драскулки|драскулка|драскулката|драскулките
неизменен	A	false			false	false	false	0.0	0.75	неизменни|неизменното|неизменният|неизменните|неизменната|неизменно|неизменния|неизменна|неизменен
нравя се	V	false			false	false	false	0.625	0.0	нравя се
добра форма	N	false			false	false	false	0.625	0.0	добра форма
несвяст	N	false			false	false	false	0.0	0.75	несвяст|несвестта
полидипсия	N	false			false	false	false	0.0	0.625	полидипсия
свръхестествен	A	false			false	false	false	0.0	0.75	свръхестествен|свръхестествена|свръхестествената|свръхестествено|свръхестествения|свръхестественото|свръхестествени|свръхестественият|свръхестествените
негативен	A	false			false	false	false	0.0	0.875	негативен|негативно|негативното|негативният|негативна|негативните|негативната|негативния|негативни
фантазия	N	false			false	false	false	0.0	0.75	фантазия|фантазии|фантазията|фантазиите
Болест на Кушинг	N	true	disability		false	false	false	0.0	0.75	
несклонен	A	false			false	false	false	0.0	0.75	несклонни|несклонната|несклонен|несклонна|несклонния|несклонният|несклонните|несклонно|несклонното
здравомислещ	A	false			false	false	false	0.625	0.0	здравомислещи|здравомислещ|здравомислещият|здравомислещите|здравомислещата|здравомислещото|здравомислеща|здравомислещо|здравомислещия
неудоволствие	N	false			false	false	false	0.125	0.625	неудоволствието|неудоволствие|неудоволствия|неудоволствията
безбожност	N	false			false	false	false	0.25	0.625	безбожност
леке	N	false			false	false	false	0.0	0.75	лекето|лекетата|лекета|леке
хроничен гастрит	N	true	disability		false	false	false	0.0	0.625	хроничен гастрит
усилен	A	false			false	false	false	0.125	0.75	усилна|усилната|усилно|усилния|усилни|усилен|усилният|усилните|усилното
външност	N	true	appearance	neutral	false	false	false	0.0	0.0	външност|външности|външностите|външността
непометен	A	false			false	false	false	0.0	0.75	непометена|непометено|непометения|непометени|непометената|непометен|непометеното|непометеният|непометените
унищожавам	V	false		negative	true	false	false	0.0	0.0	унищожаващи|унищожавай|унищожавания|унищожавана|унищожаващите|унищожаваща|унищожаваната|унищожаващата|унищожавалия|унищожавалата|унищожаваха|унищожаващото|унищожаващия|унищожаваните|унищожаваме|унищожавалите|унищожавахте|унищожаваше|унищожавате|унищожаващият|унищожавайки|унищожава|унищожаваното|унищожавалото|унищожаващ|унищожавайте|унищожавали|унищожаваш|унищожавах|унищожавало|унищожавано|унищожават|унищожаващо|унищожавала|унищожаван|унищожаваният|унищожавани|унищожавахме|унищожавал|унищожавам|унищожавалият
ясен	A	false			false	false	false	0.75	0.0	ясният|ясна|ясните|ясната|ясния|ясно|ясни|ясен|ясното
херпесна екзема на Капоши	N	true	disability		false	false	false	0.625	0.0	
оголен	A	false			false	false	false	0.0	0.75	оголел|оголилия|оголен|оголени|оголилата|оголеното|оголела|оголи|оголила|оголена|оголиха|оголеха|оголеният|оголехме|оголехте|оголиш|оголилите|оголят|оголя|оголената|оголите|оголих|оголете|оголилото|оголил|оголеше|оголим|оголило|оголените|оголихме|оголено|оголех|оголилият|оголело|оголения|оголихте|оголели|оголили
облагородяващ	A	false			false	false	false	0.625	0.0	облагородявах|облагородяваните|облагородява|облагородявало|облагородяват|облагородяващ|облагородявайки|облагородявано|облагородяваш|облагородяващото|облагородявалия|облагородявания|облагородявали|облагородяван|облагородявам|облагородявал|облагородявани|облагородявалите|облагородявате|облагородяващите|облагородяваната|облагородяваше|облагородявайте|облагородявалата|облагородяващия|облагородяваният|облагородяващата|облагородявахте|облагородяваме|облагородявалият|облагородяващо|облагородявала|облагородявалото|облагородяващият|облагородявана|облагородяващи|облагородявай|облагородявахме|облагородяваха|облагородяваща|облагородяваното
болезнен	A	false			false	false	false	0.0	0.875	болезненият|болезнените|болезненото|болезнен|болезнени|болезнено|болезнения|болезнена|болезнената
запален	A	false			false	false	false	0.75	0.125	запалени|запаления|запален|запалена|запаленото|запалено|запаленият|запалените|запалената
мършавеляк	N	false	appearance	negative	true	true	false	0.0	0.0	мършавеляк
фантазьорски	A	false			false	false	false	0.625	0.0	фантазьорския|фантазьорска|фантазьорски|фантазьорското|фантазьорската|фантазьорският|фантазьорските|фантазьорско
подвеждащо	Adv	false			false	false	false	0.0	0.625	подвеждало|подвеждано|подвеждахме|подвеждали|подвежданата|подвеждани|подвеждащите|подвеждалата|подвеждащо|подвеждайте|подвеждала|подвеждана|подвеждащи|подвеждай|подвеждащата|подвеждания|подвеждаха|подвежданият|подвеждалия|подвеждалият|подвеждаща|подвеждащия|подвежданото|подвеждалото|подвеждащият|подвеждаме|подвеждайки|подвеждат|подвеждате|подвеждах|подвеждаш|подвеждащ|подвеждаше|подвежда|подвеждал|подвеждам|подвежданите|подвеждалите|подвеждан|подвеждащото|подвеждахте
симптом на фантомния крайник	N	false			false	false	false	0.0	0.75	симптом на фантомния крайник
неприятен	A	false		negative	false	false	false	0.0	0.875	неприятно|неприятното|неприятна|неприятен|неприятният|неприятните|неприятната|неприятни|неприятния
сияещ	A	false			false	false	false	0.625	0.0	сияла|сияехме|сияят|сияело|сияя|сия|сияещото|сияй|сияеше|сияха|сиялият|сияем|сиях|сияел|сияете|сияло|сияещият|сияли|сияйте|сиял|сиялата|сияхме|сияещ|сияе|сияеща|сияех|сияеш|сияхте|сияещия|сияещи|сияеха|сиялите|сиялото|сияейки|сияещата|сияещо|сияела|сияещите|сиялия|сияели|сияехте
екстремист	N	false	religion	negative	true	false	false	0.0	0.0	екстремистът|екстремист|екстремиста|екстремистите|екстремисти
одинофагия	N	false			false	false	false	0.125	0.75	одинофагия
кълна	V	false		negative	true	false	false	0.0	0.0	кълняхме|кле|клелите|клелия|кълнат|кълнах|кълнем|кълнаха|клеха|клехме|кълнатата|клелото|кълнато|кълнящия|кълнатите|кълняла|кълнатия|кълнеше|кълна|кълнеш|кълнати|кълната|кълнатото|кълнял|кълняхте|кълнели|клелата|кълнях|кълнали|кълнящ|кълнящият|кълнатият|кълнахте|кълнала|клех|кълне|кълналият|кълни|кълнящото|клехте|кълняло|клел|кълналото|клела|кълнящите|кълналия|кълнящо|клелият|кълнящата|кълнете|кълнейки|кълняха|кълнахме|кълналите|кълнал|кълнящи|клели|кълнало|кълналата|клело|кълняща
непротиворечив	A	false			false	false	false	0.125	0.625	непротиворечив|непротиворечивия|непротиворечиви|непротиворечивата|непротиворечивият|непротиворечиво|непротиворечивите|непротиворечива|непротиворечивото
дикенсовски	A	false			false	false	false	0.0	0.625	дикенсовски
подчинен	N	false		negative	false	false	false	0.0	0.75	подчинен|подчинени|подчинено|подчинения|подчиненият|подчинените|подчинена|подчинената|подчиненото
травматофобия	N	true	disability		false	false	false	0.0	0.625	травматофобия
гигантскоклетъчен артерит	N	true	disability		false	false	false	0.0	0.625	гигантскоклетъчен артерит
диакритичен	A	false			false	false	false	0.625	0.0	диакритични|диакритичният|диакритичното|диакритичните|диакритичната|диакритичен|диакритична|диакритично|диакритичния
ограничен	A	false			false	false	false	0.0	0.625	ограниченият|ограничените|ограничената|ограничена|ограничен|ограничения|ограниченото|ограничени|ограничено
нервен стомах	N	false			false	false	false	0.0	0.75	нервен стомах
разточителен	A	false			false	false	false	0.75	0.0	разточителна|разточителната|разточително|разточителното|разточителният|разточителните|разточителния|разточителни|разточителен
безсърдечие	N	false			false	false	false	0.0	0.625	безсърдечието|безсърдечие
нематериален актив	N	false			false	false	false	0.0	0.625	нематериален актив
опасение	N	false			false	false	false	0.0	0.625	опасението|опасения|опасенията|опасение
плевралгия	N	true	disability		false	false	false	0.0	0.625	плевралгия
луминесценция	N	false			false	false	false	0.0	0.625	луминесценция|луминесценцията
блефарит	N	true	disability		false	false	false	0.0	0.875	блефарит
неотсечен	A	false			false	false	false	0.0	0.75	неотсечени|неотсечен|неотсечено|неотсеченият|неотсечените|неотсечена|неотсечената|неотсечения|неотсеченото
търговско качество	A	false			false	false	false	0.0	0.75	търговско качество
сензационен	A	false			false	false	false	1.0	0.0	сензационната|сензационна|сензационният|сензационните|сензационно|сензационното|сензационен|сензационния|сензационни
пастьорелоза	N	true	disability		false	false	false	0.25	0.625	пастьорелоза
съдружник	N	false		positive	false	false	false	0.0	0.0	съдружници|съдружниците|съдружникът|съдружник|съдружника
нереден	A	false			false	false	false	0.0	0.75	нередния|нередна|нередно|нереден|нередният|нередните|нередното|нередни|нередната
мухлясал	A	false			false	false	false	0.0	0.875	мухляса|мухлясахме|мухлясаше|мухлясай|мухлясаха|мухлясах|мухлясайте|мухлясалата|мухлясаш|мухлясахте|мухлясат|мухлясалия|мухлясало|мухлясалото|мухлясаме|мухлясали|мухлясал|мухлясам|мухлясала|мухлясате|мухлясалият|мухлясалите
пептична улцерация	N	true	disability		false	false	false	0.0	0.625	пептична улцерация
прикрит	A	false			false	false	false	0.625	0.125	прикрита|прикритата|прикритият|прикритите|прикритото|прикрития|прикрити|прикрит|прикрито
аморално	Adv	false			false	false	false	0.0	0.625	аморално|аморална|аморалната|аморален|аморалното|аморалния|аморалният|аморалните|аморални
лошо	N	false			false	false	false	0.0	0.875	лошо
неодобрителен	A	false			false	false	false	0.0	0.625	неодобрително|неодобрителна|неодобрителното|неодобрителният|неодобрителните|неодобрителен|неодобрителната|неодобрителни|неодобрителния
мразовит	A	false			false	false	false	0.0	0.875	мразовитото|мразовитият|мразовитите|мразовитата|мразовити|мразовит|мразовития|мразовита|мразовито
нелюбезност	N	false			false	false	false	0.125	0.875	нелюбезности|нелюбезностите|нелюбезността|нелюбезност
правоверен	A	true	religion	neutral	false	false	false	0.0	0.0	правоверното|правоверна|правоверно|правоверни|правоверния|правоверен|правоверният|правоверната|правоверните
напълно сух	A	false			false	false	false	0.0	0.625	напълно сух
демагог	N	false		negative	true	false	false	0.0	0.0	демагозите|демагог|демагога|демагогът|демагози
невъплътен	A	false			false	false	false	0.0	0.75	невъплътената|невъплътени|невъплътен|невъплътения|невъплътена|невъплътеният|невъплътените|невъплътеното|невъплътено
невеселост	N	false			false	false	false	0.125	0.625	невеселост
белег	N	true	appearance	neutral	false	false	false	0.0	0.0	белегът|белези|белезите|белега|белег
ентерит	N	true	disability		false	false	false	0.0	0.625	ентерит|ентерита|ентеритът
тлъстелин	N	false	appearance	negative	true	true	false	0.0	0.0	тлъстелин
ентусиазиран	A	false			false	false	false	0.625	0.0	ентусиазирания|ентусиазираната|ентусиазирани|ентусиазиран|ентусиазирано|ентусиазираното|ентусиазираният|ентусиазираните|ентусиазирана
сумрачен	A	false			false	false	false	0.125	0.625	сумрачно|сумрачни|сумрачния|сумрачен|сумрачната|сумрачното|сумрачният|сумрачна|сумрачните
малнутриция	N	false			false	false	false	0.0	0.75	малнутриция
привлека	V	false			false	false	false	0.625	0.0	привлечено|привлечало|привлеченият|привлеклите|привлякъл|привлека|привлечеш|привлечете|привлякоха|привлеклия|привлякохте|привлечеше|привлякла|привлечал|привлеченото|привлечения|привлякохме|привлякло|привлечахте|привляклата|привлекат|привлечи|привлечахме|привлече|привлечените|привлякох|привлеклият|привлекли|привлечаха|привлечах|привлечената|привлечем|привлечен|привлечена|привлечала|привляклото|привлечени|привлечали
непристоен	A	false			false	false	false	0.75	0.0	непристойният|непристойните|непристойното|непристойни|непристойната|непристойно|непристойния|непристойна|непристоен
кръвно заболяване	N	true	disability		false	false	false	0.0	0.625	кръвно заболяване
безпомощност	N	false			false	false	false	0.0	0.75	безпомощност|безпомощността
бременна	A	true	gender	neutral	false	false	false	0.0	0.0	бременна|бременния|бременното|бременният|бременната|бременните|бременен|бременни|бременно
хуля	V	false	religion	negative	true	false	false	0.0	0.0	хулих|хулете|хулещата|хулите|хулиш|хулехте|хулилото|хулил|хулим|хулеше|хулехме|хуленият|хулената|хуля|хулеща|хулещите|хуления|хулихте|хулилите|хулят|хулена|хулещия|хулещо|хулещото|хулела|хулех|хулейки|хулихме|хулеха|хулел|хулещи|хулиха|хулилата|хулен|хулените|хулело|хулено|хулили|хулещият|хулило|хулилият|хулени|хули|хулещ|хулила|хулилия|хулели|хуленото
уважение	N	false			false	false	false	0.75	0.0	уважения|уважение|уваженията|уважението
миротворчески	A	false			false	false	false	0.625	0.0	миротворческия|миротворческата|миротворческият|миротворческа|миротворческите|миротворческо|миротворчески|миротворческото
баща	N	true	gender	neutral	false	false	false	0.0	0.0	бащата|бащите|бащи|баща
притесненост	N	false			false	false	false	0.125	0.625	притеснеността|притесненост
трепач	N	false			false	false	false	0.625	0.0	трепач
непокорен	A	false		positive	false	false	false	0.0	0.75	непокорения|непокорени|непокорен|непокореният|непокорените|непокореното|непокорена|непокорената|непокорено
усърден	A	false			false	false	false	0.625	0.0	усърдни|усърден|усърдна|усърдно|усърдното|усърдния|усърдният|усърдната|усърдните
съвсем прост	A	false			false	false	false	0.0	0.75	съвсем прост
енергичен	A	false		positive	false	false	false	0.625	0.0	енергични|енергичният|енергичното|енергичните|енергична|енергичния|енергично|енергичен|енергичната
напразно	Adv	false			false	false	false	0.25	0.625	напразно
неустойчив	A	false			false	false	false	0.25	0.625	неустойчиви|неустойчивата|неустойчив|неустойчивият|неустойчивите|неустойчивия|неустойчивото|неустойчива|неустойчиво
непречупен	A	false			false	false	false	0.125	0.625	непречупен
отравяне със сграбиче	N	false			false	false	false	0.0	0.625	отравяне със сграбиче
моден	A	false			false	false	false	0.625	0.0	моден|модния|модни|модното|модната|модният|модно|модните|модна
целиакия	N	false			false	false	false	0.0	0.75	целиакия
мъка	N	false			false	false	false	0.0	0.625	мъката|мъки|мъка|мъките
неоперативен	A	false			false	false	false	0.25	0.75	неоперативна|неоперативно|неоперативния|неоперативният|неоперативните|неоперативното|неоперативни|неоперативната|неоперативен
цирей	N	false			false	false	false	0.0	0.875	цирей|циреи|циреите|цирея|циреят
весело	Adv	false			false	false	false	0.625	0.0	весело
имагинерност	N	false			false	false	false	0.0	0.625	имагинерност
искрящ	A	false			false	false	false	0.625	0.125	искряща|искрящо|искрящата|искрящ|искрящи|искрящия|искрящото|искрящият|искрящите
произход	N	true	race_ethnicity	neutral	false	false	false	0.0	0.0	произходи|произходите|произхода|произход|произходът
немелодичен	A	false			false	false	false	0.125	0.75	немелодичната|немелодични|немелодичен|немелодично|немелодичния|немелодична|немелодичното|немелодичният|немелодичните
отровен	A	false			false	false	false	0.0	0.75	отровно|отровеният|отровените|отровена|отровната|отровният|отровните|отровен|отровна|отровената|отровеното|отровни|отровния|отровното|отровено|отровения|отровени
измятане	N	false			false	false	false	0.0	0.75	измятане|измятането
неспираем	A	false			false	false	false	0.0	0.625	неспираем
офталмит	N	true	disability		false	false	false	0.0	0.875	офталмит
ненадежден	A	false		negative	false	false	false	0.0	0.875	ненадеждната|ненадежден|ненадеждният|ненадеждните|ненадеждни|ненадеждния|ненадеждно|ненадеждното|ненадеждна
хипокалцемия	N	true	disability		false	false	false	0.0	0.75	хипокалцемия
победител	N	false		positive	true	false	false	0.0	0.0	победителят|победителя|победителите|победител|победители
ерген	N	true	gender	neutral	false	false	false	0.0	0.0	ергена|ергените|ерген|ергени|ергенът
изкълчване	N	false			false	false	false	0.0	0.75	изкълчванията|изкълчване|изкълчвания|изкълчването
зверски	A	false			false	false	false	0.125	0.625	зверският|зверските|зверска|зверската|зверското|зверски|зверския|зверско
укротен	A	false		positive	false	false	false	0.0	0.0	укротилите|укротена|укротеният|укротят|укротения|укроти|укротихте|укротиха|укротях|укротихме|укротяхме|укротилата|укротеното|укротен|укротяхте|укротяло|укротилият|укротете|укротилия|укротите|укротя|укротените|укротеше|укротяла|укротилото|укротили|укротиш|укротено|укротяха|укротял|укротих|укротило|укротила|укротената|укротени|укротил|укротим|укротели
ликуващ	A	false			false	false	false	0.625	0.25	ликувахме|ликуващият|ликувало|ликувалото|ликували|ликувайки|ликувалите|ликувахте|ликувате|ликуваше|ликувалата|ликуваме|ликуваш|ликуващ|ликува|ликувах|ликувайте|ликуващата|ликуват|ликуващите|ликувам|ликуващия|ликувал|ликуваха|ликувалият|ликуваща|ликуващото|ликувалия|ликувай|ликуващи|ликуващо|ликувала
нетактичен	A	false			false	false	false	0.0	0.75	нетактичното|нетактичният|нетактични|нетактичните|нетактично|нетактичната|нетактичния|нетактична|нетактичен
циклофрения	N	false			false	false	false	0.0	0.625	циклофрения
гъделичкане	N	false			false	false	false	0.125	0.625	гъделичкания|гъделичканията|гъделичкането|гъделичкане
момче	N	true	gender	neutral	false	false	false	0.0	0.0	момче|момчета|момчето|момчетата
страдащ от мизофобия	A	false			false	false	false	0.0	0.75	страдащ от мизофобия
шедьовър	N	false			false	false	false	0.625	0.0	шедьовъра|шедьоврите|шедьовър|шедьоври|шедьовърът
инсомния	N	false			false	false	false	0.0	0.75	инсомния
възпаление на венците	N	false			false	false	false	0.0	0.75	възпаление на венците
молитва	N	true	religion	neutral	false	false	false	0.0	0.0	молитви|молитвите|молитвата|молитва
поликистозни бъбреци	N	false			false	false	false	0.0	0.625	поликистозни бъбреци
избавям	V	false		positive	false	false	false	0.0	0.0	избавялия|избавяни|избавящият|избавящо|избавяла|избавяно|избавялото|избавяйки|избавяло|избавяли|избавяното|избавяния|избавяха|избавяхме|избавящото|избавяща|избавялите|избавяна|избавяните|избавяй|избавящи|избавяме|избавящ|избавяш|избавящите|избавях|избавят|избавящата|избавяхте|избавялата|избавян|избавям|избавял|избавяната|избавяйте|избавящия|избавя|избавялият|избавяте|избавяният|избавяше
неприветливост	N	false			false	false	false	0.125	0.75	неприветливост|неприветливостта
хленчещ	A	false			false	false	false	0.0	0.75	хленчило|хленчещата|хленчих|хленчилото|хленчат|хленчеше|хленчиш|хленчещия|хленчещите|хленчете|хленчещо|хленчела|хленчихте|хленчила|хленчихме|хленчилият|хленчели|хленчили|хленчещото|хленчил|хленчим|хленчело|хленчеща|хленчеха|хленчиха|хленчехме|хленчех|хленчещи|хленчещият|хленчейки|хленчещ|хленчите|хленчехте|хленчилата|хленчи|хленчилия|хленчилите|хленчел|хленча
действително	Adv	false			false	false	false	0.625	0.0	действително
вероотстъпник	N	false	religion	negative	false	false	false	0.0	0.0	вероотстъпникът|вероотстъпник|вероотстъпниците|вероотстъпници|вероотстъпника
заключителен	A	false			false	false	false	0.0	0.625	заключителната|заключителния|заключителен|заключителното|заключителният|заключителните|заключителни|заключително|заключителна
активен	A	false		positive	false	false	false	0.0	0.0	активното|активния|активни|активен|активна|активната|активно|активният|активните
бушуващ	A	false			false	false	false	0.0	0.625	бушувахме|бушуващо|бушувала|бушуващите|бушуващата|бушували|бушувалата|бушувало|бушуващото|бушуваше|бушувалите|бушувате|бушувахте|бушуващият|бушуваме|бушуващия|бушувалото|бушувайки|бушувах|бушувайте|бушуваща|бушуващ|бушувалия|бушуваш|бушуваха|бушувай|бушувалият|бушувал|бушувам|бушува|бушуващи|бушуват
неинфектиран	A	false			false	false	false	0.625	0.0	неинфектиран
нефокусиран	A	false			false	false	false	0.0	0.625	нефокусиран
миометрит	N	true	disability		false	false	false	0.0	0.625	миометрит
гибелен	A	false			false	false	false	0.0	0.625	гибелният|гибелните|гибелна|гибелната|гибелно|гибелни|гибелния|гибелен|гибелното
любовен	A	false			false	false	false	0.75	0.0	любовна|любовно|любовното|любовната|любовният|любовни|любовните|любовен|любовния
неударен	A	false			false	false	false	0.0	0.75	неударената|неудареният|неударена|неударените|неудареното|неударено|неударен|неударени|неударения
офталмия	N	true	disability		false	false	false	0.0	0.875	офталмия
супраинфекция	N	true	disability		false	false	false	0.25	0.625	супраинфекция
хистерия	N	false			false	false	false	0.0	0.75	хистерия|хистерията
богаташ	N	false		positive	false	false	true	0.0	0.0	богаташи|богаташ|богаташът|богаташа|богаташите
разпуснат	A	false			false	false	false	0.375	0.625	разпуснат|разпуснато|разпусната|разпуснатият|разпуснатите|разпуснатото|разпуснатия|разпуснатата|разпуснати
отвращавам	V	false			false	false	false	0.0	0.75	отвращавали|отвращават|отвращаващата|отвращавам|отвращаваният|отвращавал|отвращавано|отвращавахте|отвращавалият|отвращавало|отвращаван|отвращавахме|отвращаваше|отвращаваното|отвращавалото|отвращавате|отвращаваме|отвращаващият|отвращавайки|отвращавания|отвращаваните|отвращавалите|отвращавайте|отвращаваща|отвращаващото|отвращаваха|отвращаващия|отвращавай|отвращава|отвращаваната|отвращавалата|отвращаващи|отвращавана|отвращаваш|отвращаващо|отвращавала|отвращаващ|отвращавалия|отвращавах|отвращаващите|отвращавани
раздразнен	A	false			false	false	false	0.0	0.75	раздразнения|раздразненият|раздразнените|раздразнени|раздразнен|раздразнената|раздразнено|раздразненото|раздразнена
избивам	V	false		negative	true	false	false	0.0	0.0	избивано|избиваният|избивало|избивалият|избивал|избивали|избивам|избиван|избиват|избиващата|избиващият|избиваното|избивате|избивалото|избивахме|избиваше|избиваме|избивахте|избивалия|избиваните|избиващото|избивалите|избивалата|избива|избиваха|избивайте|избиваща|избиващите|избивах|избиващия|избивана|избиваната|избиваш|избивай|избиващ|избиващи|избивайки|избивани|избиващо|избивала|избивания
фашист	N	false		negative	true	false	false	0.0	0.0	фашисти|фашистът|фашистите|фашист|фашиста
интерпретируем	A	false			false	false	false	0.625	0.0	интерпретируем
оздравявам	V	true	disability	positive	false	false	false	0.0	0.0	оздравяващите|оздравявате|оздравявалия|оздравяват|оздравявах|оздравяваме|оздравявалата|оздравяваше|оздравявал|оздравява|оздравявам|оздравявало|оздравяващия|оздравявалите|оздравявали|оздравяващото|оздравяващият|оздравяващо|оздравявала|оздравявалото|оздравяваха|оздравявай|оздравяващи|оздравявайки|оздравявахме|оздравяващата|оздравяваща|оздравявалият|оздравявахте|оздравяващ|оздравяваш|оздравявайте
съвършен	A	false		positive	false	false	false	0.75	0.0	съвършения|съвършена|съвършено|съвършеното|съвършеният|съвършените|съвършената|съвършени|съвършен
шеговит	A	false			false	false	false	0.875	0.0	шеговитата|шеговито|шеговита|шеговития|шеговити|шеговитият|шеговитите|шеговит|шеговитото
неприятно	Adv	false		negative	false	false	false	0.0	0.0	неприятно
смърдя	V	false			false	false	false	0.0	0.875	смърдите|смърдят|смърдящият|смърдялото|смърдиш|смърдяло|смърдящо|смърдяла|смърдящ|смърдейки|смърдете|смърдях|смърдя|смърдим|смърдял|смърделият|смърдящия|смърделия|смърдящите|смърдяхте|смърдели|смърдялата|смърди|смърдящата|смърдящото|смърдящи|смърдеше|смърделите|смърдяща|смърдяхме|смърдяха
неприемлив	A	false			false	false	false	0.0	0.875	неприемливия|неприемлив|неприемливото|неприемливи|неприемливият|неприемливите|неприемливо|неприемливата|неприемлива
чистосърдечно	Adv	false			false	false	false	0.625	0.0	чистосърдечно
недатируем	A	false			false	false	false	0.0	0.75	недатируем
нефункциониращ	A	false			false	false	false	0.0	0.75	нефункциониращ
националност	N	true	race_ethnicity	neutral	false	false	false	0.0	0.0	националността|националностите|националности|националност
напакостявам	V	false			false	false	false	0.0	0.75	напакостяващите|напакостяваща|напакостявалият|напакостяваха|напакостяващото|напакостявахме|напакостяващи|напакостявай|напакостяващо|напакостявала|напакостявах|напакостяваш|напакостяващ|напакостявалото|напакостявахте|напакостявам|напакостявали|напакостяващият|напакостявалия|напакостяват|напакостявало|напакостявайки|напакостявалите|напакостява|напакостявал|напакостяваше|напакостявате|напакостяващия|напакостявалата|напакостяваме|напакостявайте|напакостяващата
дъщеря	N	true	gender	neutral	false	false	false	0.0	0.0	дъщеря|дъщерята|дъщери|дъще|дъщерите
упорит	A	false		positive	false	false	false	0.0	0.75	упорита|упорит|упорити|упорития|упоритата|упоритият|упорито|упоритите|упоритото
незамърсен	A	false			false	false	false	0.0	0.625	незамърсената|незамърсен|незамърсеното|незамърсеният|незамърсена|незамърсените|незамърсено|незамърсения|незамърсени
завладявам	V	false		negative	false	false	false	0.0	0.0	завладявало|завладявайки|завладявано|завладяващият|завладявали|завладявалите|завладявани|завладяваните|завладявалата|завладяващ|завладяваш|завладяваната|завладявате|завладявахме|завладяваше|завладявайте|завладяващата|завладявахте|завладяваща|завладявания|завладявалия|завладяван|завладявам|завладявал|завладяват|завладяващите|завладява|завладявалият|завладявах|завладяваният|завладяваме|завладяващо|завладявала|завладявана|завладяващия|завладяваното|завладяващото|завладяващи|завладявай|завладяваха|завладявалото
дяволски	A	false	religion	negative	false	false	false	0.0	0.0	дяволски
тежък	A	false			false	false	false	0.0	0.875	тежка|тежки|тежката|тежък|тежкият|тежките|тежкия|тежкото|тежко
бежанец	N	true	race_ethnicity	neutral	false	false	false	0.0	0.0	бежанец|бежанци|бежанецо|бежанецът|бежанеца|бежанците
безочлив	A	false		negative	true	false	false	0.75	0.125	безочливия|безочлив|безочливи|безочливо|безочливият|безочлива|безочливото|безочливите|безочливата
неразработен	A	false			false	false	false	0.0	0.625	неразработени|неразработената|неразработен|неразработения|неразработеният|неразработеното|неразработените|неразработена|неразработено
херкулесовски	A	false			false	false	false	0.125	0.625	херкулесовски
септичен	A	false			false	false	false	0.0	0.625	септично|септичния|септични|септичен|септичният|септичните|септичната|септичното|септична
темпорален артерит	N	true	disability		false	false	false	0.0	0.625	темпорален артерит
синдром на даун	N	true	disability	neutral	false	false	false	0.0	0.0	синдром на даун
дебелея	V	false	appearance	negative	false	false	false	0.0	0.0	дебелей|дебелееща|дебелях|дебелеещият|дебелеещия|дебеля|дебелялото|дебелейте|дебелеейки|дебелял|дебелели|дебелеете|дебеляхте|дебелее|дебелеещото|дебелееше|дебелеят|дебелелите|дебелеех|дебелеещите|дебеляла|дебелялата|дебелеело|дебелеехме|дебелеел|дебеляха|дебелеем|дебеляхме|дебелеехте|дебелелия|дебелеели|дебелеещата|дебеляло|дебелеещо|дебелеела|дебелеещи|дебелееха|дебелея|дебелеещ|дебелееш|дебелелият
некадърен човек	N	false			false	false	false	0.0	0.625	некадърен човек
шумоизолиращ	A	false			false	false	false	0.0	0.75	шумоизолиращ
пакостлив	A	false			false	false	false	0.0	0.75	пакостливи|пакостливия|пакостливо|пакостлива|пакостлив|пакостливият|пакостливите|пакостливата|пакостливото
вдовец	N	true	gender	neutral	false	false	false	0.0	0.0	вдовецо|вдовци|вдовците|вдовецът|вдовец|вдовеца
ругая	V	false		negative	true	true	false	0.0	0.0	ругалият|ругахме|ругаеща|ругаехте|ругаеше|ругало|ругания|ругани|ругалия|руганото|ругана|ругайте|ругаещи|ругаха|ругаеха|руганата|руганите|ругаещо|ругах|ругая|ругаещ|ругаеш|ругаещите|ругахте|ругаех|ругаещата|ругаем|руганият|ругаел|ругаехме|ругано|ругаете|руга|ругали|ругалите|ругаели|ругалото|ругала|ругаят|ругаещият|ругаейки|ругаело|ругае|ругай|ругалата|ругаещия|руган|ругаещото|ругаела|ругал
мигрант	N	true	race_ethnicity	neutral	false	false	false	0.0	0.0	мигрант
интумесценция	N	false			false	false	false	0.0	0.75	интумесценция
мъчение	N	false			false	false	false	0.125	0.625	мъчение|мъчения|мъченията|мъчението
незакрепен	A	false			false	false	false	0.125	0.625	незакрепения|незакрепеният|незакрепено|незакрепените|незакрепеното|незакрепена|незакрепената|незакрепен|незакрепени
неотложимост	N	false			false	false	false	0.0	0.625	неотложимост
разхвърлян	A	false			false	false	false	0.0	0.875	разхвърляна|разхвърляното|разхвърлян|разхвърляно|разхвърляната|разхвърляни|разхвърляният|разхвърляните|разхвърляния
биполярен	A	true	disability	neutral	false	false	false	0.0	0.0	биполярен
бездействащ	A	false			false	false	false	0.0	0.75	бездействалото|бездействало|бездействащият|бездейства|бездействаше|бездействалият|бездействайки|бездействащ|бездействахме|бездействате|бездействах|бездействаш|бездействаме|бездействат|бездействахте|бездействайте|бездействащата|бездействалата|бездействал|бездействам|бездействаща|бездействащите|бездействаха|бездействай|бездействалите|бездействащи|бездействащия|бездействащо|бездействала|бездействалия|бездействащото|бездействали
афазиен	A	false			false	false	false	0.0	0.75	афазиен
злодей	N	false		negative	true	false	false	0.0	0.0	злодеите|злодеи|злодеят|злодею|злодей|злодея
изкупвам	V	false	religion	positive	false	false	false	0.0	0.0	изкупвайки|изкупвалите|изкупваните|изкупвахте|изкупваше|изкупваме|изкупващото|изкупвате|изкупвахме|изкупвалото|изкупваното|изкупваща|изкупвалия|изкупващият|изкупвания|изкупващи|изкупва|изкупвалият|изкупваха|изкупваният|изкупвам|изкупвай|изкупващата|изкупвал|изкупван|изкупват|изкупвана|изкупващия|изкупващо|изкупвала|изкупвах|изкупваната|изкупваш|изкупвано|изкупвани|изкупващ|изкупвайте|изкупвали|изкупващите|изкупвало|изкупвалата
устрем	N	false			false	false	false	0.625	0.0	устремите|устрема|устрем|устремът|устреми
негниещ	A	false			false	false	false	0.0	0.625	негниещият|негниещите|негниещото|негниещо|негниещата|негниеща|негниещ|негниещи|негниещия
фарисейски	A	false			false	false	false	0.625	0.0	фарисейски|фарисейско|фарисейската|фарисейският|фарисейските|фарисейска|фарисейския|фарисейското
гадост	N	false		negative	true	false	false	0.0	0.75	гадостите|гадостта|гадост|гадости
мъченик	N	false	religion	positive	false	false	false	0.0	0.0	мъчениците|мъченика|мъченикът|мъченици|мъченик
гърлест	A	false			false	false	false	0.0	0.625	гърлест|гърлестата|гърлесто|гърлеста|гърлестия|гърлестото|гърлестият|гърлести|гърлестите
отслабващ	A	false			false	false	false	0.0	0.625	отслабвал|отслабвам|отслабващото|отслабвахме|отслабвалата|отслабваме|отслабвайки|отслабвалите|отслабвате|отслабвалия|отслабващият|отслабваше|отслабвалото|отслабвало|отслабвали|отслабващия|отслабвалият|отслабващо|отслабвала|отслабващ|отслабващи|отслабващите|отслабвах|отслабвай|отслабваш|отслабваха|отслабват|отслабва|отслабваща|отслабвахте|отслабвайте|отслабващата
кървясал	A	false			false	false	false	0.0	0.75	кървясал
надсмея се	V	false			false	false	false	0.125	0.625	надсмея се
суперторнадо	N	false			false	false	false	0.0	0.625	суперторнадо
балансьор	N	false			false	false	false	0.0	0.625	балансьор|балансьорът|балансьори|балансьорите|балансьора
важен	A	false			false	false	false	0.875	0.0	важното|важният|важните|важни|важен|важния|важна|важната|важно
ретинит	N	true	disability		false	false	false	0.0	0.625	ретинит|ретинитът|ретинита
обясним	A	false			false	false	false	0.625	0.0	обяснимият|обяснимите|обяснимия|обясними|обяснимо|обясним|обяснимата|обяснимото|обяснима
неизпълним	A	false			false	false	false	0.0	0.75	неизпълнимото|неизпълнимият|неизпълнимите|неизпълнимо|неизпълними|неизпълнимата|неизпълнима|неизпълним|неизпълнимия
боязлив	A	false			false	false	false	0.625	0.0	боязливо|боязливия|боязливи|боязливото|боязливият|боязливите|боязливата|боязлив|боязлива
небрежен	A	false			false	false	false	0.125	0.625	небрежен|небрежни|небрежната|небрежно|небрежното|небрежния|небрежният|небрежните|небрежна
мюсюлманин	N	true	religion	neutral	false	false	false	0.0	0.0	мюсюлманин|мюсюлмани|мюсюлманинът|мюсюлманина|мюсюлманите
непривлекателност	N	false			false	false	false	0.25	0.75	непривлекателността|непривлекателност
подготвен	A	false			false	false	false	0.625	0.0	подготвена|подготвения|подготвен|подготвени|подготвеният|подготвеното|подготвените|подготвената|подготвено
дебелак	N	false	appearance	negative	true	true	false	0.0	0.0	дебелаците|дебелаци|дебелакът|дебелака|дебелак
гравитационна бомба	N	false			false	false	false	0.0	0.75	гравитационна бомба
свадлив	A	false			false	false	false	0.125	0.875	свадлив|свадливата|свадливият|свадлива|свадливото|свадливите|свадливо|свадливия|свадливи
срам	N	false			false	false	false	0.0	0.75	срам|срама|срамът
почитание	N	false			false	false	false	0.75	0.0	почитанията|почитания|почитание|почитанието
разтревожен	A	false			false	false	false	0.0	0.625	разтревоженият|разтревожените|разтревоженото|разтревожени|разтревожената|разтревожения|разтревожено|разтревожена|разтревожен
фантомен крайник	N	false			false	false	false	0.0	0.75	фантомен крайник
страховит	A	false			false	false	false	0.625	0.0	страховитата|страховити|страховитият|страховитото|страховитите|страховита|страховит|страховития|страховито
хаотичен	A	false			false	false	false	0.0	0.625	хаотичното|хаотичен|хаотичната|хаотичния|хаотична|хаотичният|хаотичните|хаотично|хаотични
негър	N	false	race_ethnicity	negative	true	true	false	0.0	0.0	негри|негър|негъра|негърът|негрите
внушително	Adv	false			false	false	false	0.75	0.0	внушително
страхлив	A	false		negative	true	false	false	0.0	0.0	страхливият|страхливите|страхливия|страхливото|страхлива|страхлив|страхливо|страхливата|страхливи
помпозен	A	false			false	false	false	0.125	0.625	помпозния|помпозни|помпозен|помпозно|помпозна|помпозната|помпозният|помпозните|помпозното
навъсен	A	false			false	false	false	0.125	0.75	навъсената|навъсени|навъсения|навъсен|навъсено|навъсена|навъсеният|навъсените|навъсеното
пастьоризация	N	false			false	false	false	0.0	0.75	пастьоризацията|пастьоризация
слабичък	A	false		negative	false	false	false	0.0	0.0	слабичкото|слабичкият|слабичките|слабичка|слабичката|слабичкия|слабичък|слабички|слабичко
неизносен	A	false			false	false	false	0.0	0.625	неизносени|неизносения|неизносено|неизносеното|неизносен|неизносена|неизносеният|неизносените|неизносената
благоговеещ	A	false			false	false	false	0.625	0.125	благоговелият|благоговели|благоговялата|благоговеехме|благоговяхте|благоговеещо|благоговеейки|благоговял|благоговеела|благоговях|благоговя|благоговеещият|благоговеещи|благоговееха|благоговеят|благоговеехте|благоговей|благоговее|благоговеело|благоговеещото|благоговелия|благоговеели|благоговяло|благоговелите|благоговеете|благоговялото|благоговеещия|благоговейте|благоговеещите|благоговееш|благоговеещ|благоговееше|благоговееща|благоговяла|благоговеех|благоговея|благоговяха|благоговеел|благоговеем|благоговеещата|благоговяхме
нетърпелив	A	false			false	false	false	0.0	0.875	нетърпелив|нетърпеливия|нетърпелива|нетърпеливото|нетърпеливият|нетърпеливите|нетърпеливата|нетърпеливи|нетърпеливо
щателен	A	false			false	false	false	0.875	0.0	щателен|щателната|щателни|щателния|щателно|щателното|щателният|щателна|щателните
чистосърдечие	N	false			false	false	false	0.875	0.0	чистосърдечие|чистосърдечието
бежанка	N	true	race_ethnicity	neutral	false	false	false	0.0	0.0	бежанка|бежанките|бежанката|бежанки
престъпно нехайство	N	false			false	false	false	0.0	0.75	престъпно нехайство
недиректно	Adv	false			false	false	false	0.0	0.75	недиректен|недиректния|недиректното|недиректният|недиректни|недиректните|недиректно|недиректната|недиректна
непродуктивен	A	false			false	false	false	0.0	0.625	непродуктивно|непродуктивни|непродуктивния|непродуктивен|непродуктивното|непродуктивната|непродуктивният|непродуктивна|непродуктивните
набразденост	N	false			false	false	false	0.0	0.625	набразденост
балансираност	N	false			false	false	false	0.125	0.625	балансираността|балансираност
благоговеен	A	false			false	false	false	0.625	0.125	благоговейни|благоговейно|благоговейна|благоговейната|благоговеен|благоговейния|благоговейното|благоговейният|благоговейните
некомпетентен човек	N	false			false	false	false	0.0	0.625	некомпетентен човек
добри маниери	N	false			false	false	false	0.875	0.0	добри маниери
непозволеност	N	false			false	false	false	0.0	0.75	непозволеност
бездомен	A	false			false	false	false	0.0	0.875	бездомни|бездомната|бездомна|бездомният|бездомно|бездомните|бездомния|бездомното|бездомен
спастичен пикочен мехур	N	false			false	false	false	0.0	0.625	спастичен пикочен мехур
зашеметяващ	A	false			false	false	false	0.75	0.0	зашеметява|зашеметяваме|зашеметяващата|зашеметяваният|зашеметявалият|зашеметявахте|зашеметявалото|зашеметяващият|зашеметяваща|зашеметявахме|зашеметяваха|зашеметяващи|зашеметявай|зашеметяващо|зашеметявала|зашеметявана|зашеметяваното|зашеметяваните|зашеметявалите|зашеметявайки|зашеметявали|зашеметяващото|зашеметявани|зашеметявания|зашеметявано|зашеметявалия|зашеметявало|зашеметявал|зашеметявам|зашеметяващите|зашеметяваната|зашеметяван|зашеметяваше|зашеметяващия|зашеметявалата|зашеметяват|зашеметявайте|зашеметявах|зашеметяваш|зашеметявате|зашеметяващ
без подготовка	A	false			false	false	false	0.625	0.0	без подготовка
чудатост	N	false			false	false	false	0.0	0.625	чудатости|чудатост|чудатостта|чудатостите
перящ се	A	false			false	false	false	0.625	0.0	перящ се
постепенен	A	false			false	false	false	0.125	0.625	постепенно|постепенна|постепенното|постепенният|постепенните|постепенен|постепенната|постепенни|постепенния
неопровержим	A	false			false	false	false	0.0	0.625	неопровержимата|неопровержимия|неопровержима|неопровержимо|неопровержими|неопровержимото|неопровержим|неопровержимият|неопровержимите
върховен	A	false			false	false	false	0.75	0.0	върховен|върховния|върховни|върховната|върховният|върховните|върховно|върховното|върховна
завладяващ	A	false			false	false	false	0.875	0.0	завладявало|завладявайки|завладявано|завладяващият|завладявали|завладявалите|завладявани|завладяваните|завладявалата|завладяващ|завладяваш|завладяваната|завладявате|завладявахме|завладяваше|завладявайте|завладяващата|завладявахте|завладяваща|завладявания|завладявалия|завладяван|завладявам|завладявал|завладяват|завладяващите|завладява|завладявалият|завладявах|завладяваният|завладяваме|завладяващо|завладявала|завладявана|завладяващия|завладяваното|завладяващото|завладяващи|завладявай|завладяваха|завладявалото
слънце	N	false			false	false	false	0.625	0.0	слънце|слънцата|слънцето|слънца
демонизация	N	false			false	false	false	0.0	0.625	демонизация
мюсюлманка	N	true	religion	neutral	false	false	false	0.0	0.0	мюсюлманките|мюсюлманка|мюсюлманки|мюсюлманката
разколебан	A	false			false	false	false	0.625	0.0	разколебаем|разколеба|разколебаел|разколебалия|разколебаели|разколебаните|разколебалите|разколебайте|разколебали|разколебано|разколебало|разколебаела|разколебаната|разколебае|разколебалата|разколебал|разколебаеше|разколебания|разколебан|разколебаело|разколебаех|разколебаеш|разколебах|разколебаха|разколебаният|разколебалият|разколебая|разколебаете|разколебала|разколебалото|разколебахме|разколебаеха|разколебаното|разколебаехте|разколебани|разколебай|разколебаехме|разколебахте|разколебаят|разколебана
нелюбящ	A	false			false	false	false	0.0	0.625	нелюбящ
съмнителен	A	false			false	false	false	0.625	0.25	съмнителният|съмнителна|съмнителните|съмнителната|съмнителния|съмнително|съмнителни|съмнителен|съмнителното
умствено изтощение	N	false			false	false	false	0.125	0.625	умствено изтощение
сърдечност	N	false			false	false	false	0.25	0.75	сърдечност|сърдечността
плодороден	A	false			false	false	false	0.75	0.0	плодородни|плодороден|плодородният|плодородните|плодородната|плодородния|плодородна|плодородното|плодородно
горещ картоф	N	false			false	false	false	0.0	0.625	горещ картоф
изключение	N	false			false	false	false	0.0	0.625	изключенията|изключение|изключението|изключения
чистосърдечен	A	false			false	false	false	0.75	0.0	чистосърдечния|чистосърдечно|чистосърдечна|чистосърдечен|чистосърдечното|чистосърдечният|чистосърдечните|чистосърдечната|чистосърдечни
демимонд	N	false			false	false	false	0.0	0.625	демимонд
некомерсиален	A	false			false	false	false	0.0	0.75	некомерсиален
затруднителност	N	false			false	false	false	0.0	0.875	затруднителност
непригоден	A	false			false	false	false	0.0	0.75	непригоденият|непригодените|непригоден|непригоденото|непригодено|непригодената|непригодена|непригодения|непригодени
занемарен	A	false			false	false	false	0.0	0.75	занемарени|занемареният|занемарените|занемарената|занемарения|занемарен|занемарена|занемарено|занемареното
нагласяем	A	false			false	false	false	0.625	0.0	нагласяем
умелост	N	false			false	false	false	0.75	0.0	умелостта|умелост
мамя	V	false		negative	false	false	false	0.0	0.0	мамещия|мамещата|мамила|мамена|мамещо|мамела|маменият|мамилите|мамилото|мамили|мамено|мамещите|мамени|мами|мамел|мамели|мамен|мамело|мамения|мамило|маменото|мамихме|мамех|мамихте|мамещото|мамеше|мамещ|мамехме|мамете|мамените|мамите|мамилият|мамил|мамещият|мамейки|мамим|мамеща|мамената|мамилата|мамих|мамилия|мамят|мамехте|мамещи|мамя|мамиш|мамеха|мамиха
добре запазен	A	false			false	false	false	0.75	0.0	добре запазен
лизинемия	N	true	disability		false	false	false	0.0	0.75	лизинемия
неблагосклонен	A	false			false	false	false	0.0	0.75	неблагосклонната|неблагосклонно|неблагосклонна|неблагосклонния|неблагосклонното|неблагосклонен|неблагосклонни|неблагосклонният|неблагосклонните
неакцентуван	A	false			false	false	false	0.0	0.75	неакцентувания|неакцентуваната|неакцентувана|неакцентувано|неакцентуваното|неакцентуваният|неакцентуваните|неакцентувани|неакцентуван
несъизмерим	A	false			false	false	false	0.0	0.625	несъизмеримият|несъизмеримите|несъизмеримо|несъизмеримата|несъизмерима|несъизмеримия|несъизмерим|несъизмеримото|несъизмерими
страст	N	false			false	false	false	0.625	0.0	страстта|страсти|страст|страстите
размирен	A	false			false	false	false	0.0	0.75	размирният|размирните|размирни|размирно|размирната|размирното|размирния|размирна|размирен
незавещан	A	false			false	false	false	0.0	0.75	незавещан|незавещано|незавещана|незавещаната|незавещания|незавещаното|незавещаният|незавещаните|незавещани
положителен	A	false			false	false	false	0.75	0.0	положителния|положителен|положителни|положителното|положителният|положителните|положителната|положително|положителна
фигура	N	true	appearance	neutral	false	false	false	0.0	0.0	фигури|фигурата|фигурите|фигура
изтезание	N	false			false	false	false	0.125	0.625	изтезанията|изтезания|изтезание|изтезанието
атакуем	A	false			false	false	false	0.0	0.625	атакуемият|атакуеми|атакуемите|атакуемото|атакуем|атакуемия|атакуемата|атакуема|атакуемо
вонящ	A	false			false	false	false	0.0	0.75	воня|вонелият|вонялата|вонящите|воняхме|вонялото|вонящ|вонят|вонях|воняло|вониш|вонящото|вони|воните|вонял|вонящата|вонейки|воним|воняхте|вонящо|вонелия|воняла|вонелите|вонеше|вонете|вонящия|вонящият|воняха|вонящи|вонели|воняща
раболепен	A	false		negative	true	false	false	0.75	0.0	раболепният|раболепните|раболепно|раболепна|раболепното|раболепен|раболепния|раболепни|раболепната
безразборен	A	false			false	false	false	0.0	0.75	безразборното|безразборния|безразборният|безразборните|безразборни|безразборен|безразборната|безразборно|безразборна
похвалявам	V	false		positive	false	false	false	0.0	0.0	похвалявано|похвалявалото|похваляваното|похвалявани|похваляващият|похвалявали|похвалява|похвалявалия|похвалявания|похвалявало|похваляващ|похваляваш|похваляващи|похвалявалите|похваляват|похвалявай|похвалявах|похвалявайки|похваляваните|похваляваха|похвалявахте|похвалявал|похваляващото|похваляван|похвалявам|похвалявана|похвалявахме|похваляващо|похвалявала|похваляваната|похваляващите|похвалявайте|похваляваща|похвалявалата|похвалявалият|похваляваният|похваляваше|похваляващата|похваляваме|похвалявате|похваляващия
безбожие	N	false			false	false	false	0.25	0.625	безбожието|безбожие
рядък	A	false			false	false	false	0.0	0.875	рядко|редки|рядкото|рядка|редкият|редките|редкия|рядък|рядката
добро	N	false		positive	false	false	false	0.0	0.0	добро
бабичка	N	true	gender	neutral	false	false	false	0.0	0.0	бабичката|бабичка|бабичките|бабички
добре	Adv	false			false	false	false	0.75	0.0	добре
полиневрит	N	true	disability		false	false	false	0.0	0.75	полиневрит
биполярно разстройство	N	true	disability		false	false	false	0.0	0.625	биполярно разстройство
негоден за продан	A	false			false	false	false	0.0	0.625	негоден за продан
еретик	N	true	religion	neutral	false	false	false	0.0	0.0	еретиците|еретици|еретик|еретика|еретикът
депресия	N	true	disability	neutral	false	false	false	0.0	0.0	депресиите|депресията|депресии|депресия
покерджийско лице	N	false			false	false	false	0.625	0.0	покерджийско лице
робски	A	false			false	false	false	0.0	0.75	робското|робският|робските|робски|робския|робско|робска|робската
преданост	N	false		positive	false	false	false	0.625	0.25	предаността|преданост
кръвоизлив от матката	N	false			false	false	false	0.0	0.625	кръвоизлив от матката
кохерентност	N	false			false	false	false	0.75	0.0	кохерентност|кохерентността
металорежещ	A	false			false	false	false	0.75	0.0	металорежеща|металорежещият|металорежещите|металорежещата|металорежещия|металорежещо|металорежещ|металорежещи|металорежещото
обсебване	N	false			false	false	false	0.0	0.75	обсебване|обсебването
печално	Adv	false			false	false	false	0.0	0.875	печално
послушен	A	false		positive	false	false	false	0.0	0.0	послушният|послушните|послушни|послушната|послушния|послушно|послушното|послушна|послушен
педикулоза	N	true	disability		false	false	false	0.0	0.75	педикулоза
салатен зеленчук	N	false			false	false	false	0.625	0.0	салатен зеленчук
благоприятност	N	false			false	false	false	0.625	0.125	благоприятност
грозен	A	true	appearance	neutral	false	false	false	0.0	0.0	грозна|грозен|грозния|грозният|грозните|грозни|грозната|грозно|грозното
нелепкав	A	false			false	false	false	0.0	0.625	нелепкав
фиксиран	A	false			false	false	false	0.0	0.75	фиксирайки|фиксират|фиксиралите|фиксирало|фиксираните|фиксирания|фиксиран|фиксиралия|фиксиращ|фиксиращият|фиксираш|фиксирах|фиксираше|фиксиралата|фиксиращия|фиксираната|фиксирана|фиксирайте|фиксиращо|фиксирала|фиксира|фиксирал|фиксирам|фиксирано|фиксирани|фиксирали|фиксираща|фиксиралият|фиксираният|фиксиращата|фиксиращи|фиксирахте|фиксиращите|фиксираха|фиксирай|фиксираме|фиксиралото|фиксирахме|фиксирате|фиксираното|фиксиращото
забележим	A	false			false	false	false	0.625	0.0	забележими|забележимата|забележим|забележимият|забележимите|забележимото|забележима|забележимия|забележимо
холецистит	N	true	disability		false	false	false	0.0	0.75	холецистита|холецистит|холециститът
неохота	N	false			false	false	false	0.25	0.625	неохота|неохотата
стафилит	N	true	disability		false	false	false	0.0	0.625	стафилит
неспокойствие	N	false			false	false	false	0.0	0.625	неспокойствие|неспокойствието
възбуденост	N	false			false	false	false	0.0	0.625	възбуденост|възбудеността
мъжкар	N	true	gender	neutral	false	false	false	0.0	0.0	мъжкар|мъжкаря|мъжкарите|мъжкарят|мъжкари
нисък статут	N	false			false	false	false	0.0	0.625	нисък статут
развален	A	false		negative	true	false	false	0.0	0.75	развалени|разваленото|разваленият|развалените|развален|разваления|развалена|развалено|развалената
нисък статус	N	false			false	false	false	0.0	0.625	нисък статус
агамен	A	false			false	false	false	0.0	0.625	агамен
прямота	N	false			false	false	false	0.875	0.0	прямотата|прямота
религиозен	A	true	religion	neutral	false	false	false	0.0	0.0	религиозния|религиозната|религиозно|религиозна|религиозен|религиозният|религиозните|религиозното|религиозни
пептична язва	N	true	disability		false	false	false	0.0	0.625	пептична язва
непобедимост	N	false			false	false	false	0.0	0.625	непобедимост|непобедимостта
злостно	Adv	false			false	false	false	0.0	0.625	злостно
промишлен	A	false			false	false	false	0.625	0.0	промишленото|промишленият|промишлени|промишлените|промишления|промишлен|промишлената|промишлено|промишлена
синергистично	Adv	false			false	false	false	0.625	0.0	синергистично
недоволство	N	false			false	false	false	0.125	0.625	недоволството|недоволство|недоволства|недоволствата
раболепие	N	false		negative	false	false	false	0.0	0.0	раболепието|раболепие
неуместен	A	false			false	false	false	0.125	0.875	неуместна|неуместен|неуместната|неуместното|неуместният|неуместните|неуместни|неуместния|неуместно
перитонеално възпаление	N	false			false	false	false	0.0	0.625	перитонеално възпаление
лекарство против глисти	N	false			false	false	false	0.75	0.0	лекарство против глисти
нетоксичен	A	false			false	false	false	0.0	0.625	нетоксичен
опърпан	A	false			false	false	false	0.0	0.75	опърпания|опърпаната|опърпано|опърпан|опърпана|опърпаният|опърпаните|опърпаното|опърпани
слабея	V	false	appearance	neutral	false	false	false	0.0	0.0	слабееш|слабеещ|слабяла|слабеещата|слабял|слабеех|слабеещите|слабеел|слабеем|слабеехте|слабях|слабяхме|слабеещия|слабялата|слабелите|слабее|слабяхте|слабееше|слабяло|слабеете|слабеят|слабеещо|слабеела|слабей|слабеещият|слабелия|слабеели|слабеело|слабеейки|слабееща|слабяха|слабялото|слабеехме|слабееха|слабея|слабейте|слабеещи|слабелият|слабеещото|слабя|слабели
бездарност	N	false		negative	false	false	false	0.0	0.0	бездарността|бездарност
нефритен	A	false			false	false	false	0.0	0.625	нефритен
угриженост	N	false			false	false	false	0.0	0.75	угрижеността|угриженост
боготворене	N	false			false	false	false	0.125	0.625	боготворенето|боготворене
фантомен синдром на крайник с болка	N	true	disability		false	false	false	0.0	0.75	фантомен синдром на крайник с болка
задължителен	A	false			false	false	false	0.875	0.0	задължителен|задължителния|задължителното|задължителни|задължителната|задължително|задължителният|задължителните|задължителна
борелиоза	N	true	disability		false	false	false	0.0	0.75	борелиоза
по-лош	A	false			false	false	false	0.0	0.75	
чупливост	N	false			false	false	false	0.125	0.75	чупливост|чупливостта
артерит	N	true	disability		false	false	false	0.0	0.75	артерит
мразя	V	false			true	false	false	0.0	0.75	мразилия|мразете|мразеното|мразило|мразещият|мразя|мразехте|мразеше|мразейки|мразел|мразили|мразен|мразено|мразехме|мразилите|мразело|мразеният|мразилата|мразещата|мразила|мразех|мразени|мразещ|мразели|мразиха|мразещи|мразилото|мразена|мрази|мразещо|мразела|мразеща|мразещите|мразихте|мразения|мразената|мразеха|мразил|мразим|мразихме|мразилият|мразещия|мразите|мразих|мразените|мразиш|мразят|мразещото
нечист	A	false		negative	false	false	false	0.625	0.0	нечисти|нечистата|нечистият|нечистите|нечистото|нечиста|нечисто|нечистия|нечист
освещавам	V	false	religion	positive	false	false	false	0.0	0.0	освещавана|освещаващи|освещавай|освещаваха|освещаваният|освещавалият|освещаващия|освещаваща|освещавал|освещавания|освещавам|освещаван|освещава|освещават|освещаваното|освещаваме|освещавах|освещаващият|освещавалото|освещаваш|освещаващ|освещавалия|освещавате|освещаваше|освещавайте|освещаваните|освещавахме|освещаващото|освещавалите|освещавало|освещавано|освещавахте|освещавали|освещаващата|освещавани|освещаващите|освещавайки|освещаваната|освещаващо|освещавала|освещавалата
противозаконен	A	false			false	false	false	0.0	0.625	противозаконния|противозаконният|противозаконните|противозаконен|противозаконното|противозаконни|противозаконно|противозаконна|противозаконната
очерням	V	false			false	false	false	0.0	0.75	очерняна|очерняното|очернящо|очерняла|очернялото|очерняйки|очерня|очерняха|очернялия|очерняния|очерняй|очернящи|очернящият|очернял|очерняща|очерняният|очернялият|очернян|очерням|очернят|очерняйте|очернящата|очернях|очернящия|очерняте|очернящ|очерняш|очерняната|очерняме|очернялата|очерняше|очернящите|очернящото|очерняло|очерняните|очернялите|очерняхте|очерняни|очерняли|очерняхме|очерняно
синдром на внезапна бебешка смърт	N	true	disability		false	false	false	0.625	0.25	синдром на внезапна бебешка смърт
криопатия	N	true	disability		false	false	false	0.0	0.625	криопатия
индиректно	Adv	false			false	false	false	0.0	0.75	индиректно
непрофесионален	A	false			false	false	false	0.0	0.75	непрофесионален|непрофесионалния|непрофесионалното|непрофесионалният|непрофесионалните|непрофесионална|непрофесионално|непрофесионални|непрофесионалната
леснина	N	false			false	false	false	0.125	0.625	леснината|леснина
мършав	A	false	appearance	negative	false	false	false	0.0	0.0	мършавата|мършави|мършаво|мършавото|мършавият|мършавите|мършавия|мършава|мършав
разсъдлив	A	false			false	false	false	0.625	0.0	разсъдливият|разсъдливите|разсъдливото|разсъдливо|разсъдлива|разсъдливата|разсъдливия|разсъдлив|разсъдливи
запленяващ	A	false			false	false	false	0.625	0.0	запленявахте|запленяващо|запленявала|запленявайте|запленявахме|запленявана|запленяваните|запленяваната|запленявали|запленявалата|запленяващите|запленявайки|запленявани|запленявано|запленявало|запленява|запленявалият|запленяваше|запленяващата|запленявал|запленяван|запленявам|запленявате|запленяваният|запленявалия|запленявания|запленяваме|запленяващият|запленяващ|запленяваш|запленяваща|запленяваното|запленявалото|запленяващия|запленявалите|запленявай|запленяват|запленяващи|запленявах|запленяващото|запленяваха
неудачен	A	false			false	false	false	0.0	1.0	неудачният|неудачното|неудачните|неудачен|неудачни|неудачния|неудачната|неудачно|неудачна
болестност	N	false			false	false	false	0.125	0.75	болестност
здравословен	A	false			false	false	false	0.875	0.0	здравословни|здравословното|здравословният|здравословните|здравословен|здравословния|здравословната|здравословна|здравословно
незаразен	A	false			false	false	false	0.125	0.75	незаразения|незаразената|незаразени|незаразен|незаразеното|незаразеният|незаразените|незаразено|незаразена
кучешка лептоспироза	N	true	disability		false	false	false	0.125	0.625	кучешка лептоспироза
хищник	N	false			false	false	false	0.0	0.625	хищниците|хищникът|хищника|хищник|хищници
неизменимост	N	false			false	false	false	0.125	0.625	неизменимост
спрян	A	false			false	false	false	0.0	0.625	спрян|спрения|спрат|спряхте|спрях|спряното|спрени|спрялото|спрелият|спря|спрели|спреният|спряха|спряхме|спрял|спряла|спреше|спряна|спрете|спреш|спри|спре|спряната|спряно|спрелите|спра|спрялата|спряло|спрените|спрем|спрелия
с недостатъчен персонал	A	false			false	false	false	0.0	0.75	с недостатъчен персонал
съгласуваност	N	false			false	false	false	0.75	0.0	съгласуваност|съгласуваността
болка във венците	N	false			false	false	false	0.0	0.75	болка във венците
инконтиненция на урината	N	false			false	false	false	0.0	0.75	инконтиненция на урината
пренебрежение	N	false			false	false	false	0.0	0.625	пренебрежение|пренебрежението
цинкова недостатъчност	N	false			false	false	false	0.0	0.75	цинкова недостатъчност
надмощие	N	false			false	false	false	0.625	0.0	надмощие|надмощието
кич	N	false			false	false	false	0.125	0.75	кичовете|кичове|кич|кича|кичът
нефрит	N	true	disability		false	false	false	0.0	0.75	нефрита|нефритът|нефрит
непробиваем	A	false			false	false	false	0.0	0.75	непробиваема|непробиваемата|непробиваемия|непробиваемо|непробиваемото|непробиваемият|непробиваемите|непробиваеми|непробиваем
спрял	A	false			false	false	false	0.0	0.625	спрян|спрения|спрат|спряхте|спрях|спряното|спрени|спрялото|спрелият|спря|спрели|спреният|спряха|спрял|спряхме|спряла|спреше|спряна|спрете|спреш|спри|спре|спряната|спряно|спрелите|спра|спрялата|спряло|спрените|спрем|спрелия
тъп	A	false		negative	true	true	false	0.0	0.0	тъпи|тъпото|тъпият|тъпите|тъпата|тъп|тъпо|тъпа|тъпия
добродетел	N	false		positive	false	false	false	0.75	0.125	добродетели|добродетел|добродетелите|добродетелта
изчистваем	A	false			false	false	false	0.625	0.0	изчистваем
ожесточен	A	false			false	false	false	0.0	0.625	ожесточени|ожесточеното|ожесточената|ожесточеният|ожесточено|ожесточените|ожесточена|ожесточения|ожесточен
похвалност	N	false			false	false	false	0.625	0.0	похвалност
мека вода	N	false			false	false	false	0.0	0.625	мека вода
перитонит	N	true	disability		false	false	false	0.0	0.625	перитонитът|перитонит|перитонита
спъване	N	false			false	false	false	0.0	0.625	спъването|спъване
шизотипно разстройство на личността	N	true	disability		false	false	false	0.125	0.625	шизотипно разстройство на личността
безбожен	A	true	religion	neutral	false	false	false	0.0	0.0	безбожен|безбожния|безбожното|безбожният|безбожните|безбожна|безбожната|безбожно|безбожни
блокиране	N	false			false	false	false	0.0	0.625	блокиране|блокирането
кукуригу	N	false			false	false	false	0.125	0.625	кукуригу
безочливо	Adv	false			false	false	false	0.625	0.0	безочливо
ругателен	A	false			false	false	false	0.0	0.75	ругателно|ругателното|ругателна|ругателният|ругателните|ругателен|ругателния|ругателни|ругателната
пиорея	N	true	disability		false	false	false	0.0	0.625	пиорея
Ченстохова	N	false			false	false	false	0.0	0.625	
печален	A	false			false	false	false	0.125	0.875	печални|печален|печалния|печалният|печална|печалните|печално|печалното|печалната
слабак	N	false	appearance	negative	true	true	false	0.0	0.0	слабакът|слабак|слабака|слабаци|слабаците
караконджул	N	false			false	false	false	0.444	0.556	караконджулът|караконджули|караконджула|караконджул|караконджулите
коагулационен фактор IX	N	false			false	false	false	0.0	0.75	
чуждестранен	A	true	race_ethnicity	neutral	false	false	false	0.0	0.0	чуждестранна|чуждестранно|чуждестранния|чуждестранни|чуждестранната|чуждестранното|чуждестранен|чуждестранният|чуждестранните
възмутен	A	false			false	false	false	0.0	0.875	възмутеното|възмутеният|възмутено|възмутените|възмутения|възмутен|възмутена|възмутената|възмутени
убивам	V	false		negative	true	false	false	0.0	0.0	убивате|убивалия|убивайте|убивалата|убивания|убиваните|убивалите|убиваше|убиващото|убиващия|убивал|убивало|убивано|убивам|убиван|убиват|убиваната|убивани|убиващите|убивайки|убивах|убивали|убивана|убиваш|убиващ|убиваният|убиващо|убивала|убивалият|убиваха|убиващата|убивай|убиващи|убива|убиваното|убиваща|убивалото|убивахте|убиваме|убиващият|убивахме
препотвърждение	N	false			false	false	false	0.625	0.0	препотвърждение
трудова терапия	N	false			false	false	false	0.0	0.75	трудова терапия
добрина	N	false			false	false	false	0.875	0.125	добрина
несвоевременен	A	false			false	false	false	0.0	0.75	несвоевременното|несвоевременни|несвоевременният|несвоевременните|несвоевременната|несвоевременно|несвоевременна|несвоевременния|несвоевременен
неподкупност	N	false			false	false	false	0.25	0.75	неподкупността|неподкупност
голямо количество	N	false			false	false	false	0.125	0.625	голямо количество
неопетнен	A	false			false	false	false	0.625	0.0	неопетнено|неопетненото|неопетненият|неопетнените|неопетнената|неопетнен|неопетнени|неопетнения|неопетнена
добра кондиция	N	false			false	false	false	0.625	0.0	добра кондиция
трезв	A	false			false	false	false	0.0	0.625	трезвата|трезвият|трезвите|трезвото|трезви|трезв|трезво|трезвия|трезва
бубон	N	false			false	false	false	0.0	0.875	бубон
нежизнеспособен	A	false			false	false	false	0.0	0.625	нежизнеспособния|нежизнеспособна|нежизнеспособно|нежизнеспособната|нежизнеспособният|нежизнеспособните|нежизнеспособното|нежизнеспособни|нежизнеспособен
премереност	N	false			false	false	false	0.75	0.0	премереност
арогантен	A	false		negative	true	false	false	0.0	0.0	арогантен|арогантни|арогантният|арогантните|арогантното|арогантния|арогантно|арогантната|арогантна
невъзвръщаем	A	false			false	false	false	0.0	0.625	невъзвръщаем|невъзвръщаемото|невъзвръщаеми|невъзвръщаемо|невъзвръщаемият|невъзвръщаема|невъзвръщаемите|невъзвръщаемия|невъзвръщаемата
неловък	A	false			false	false	false	0.0	0.75	неловък|неловки|неловкото|неловкия|неловката|неловкият|неловка|неловките|неловко
отсъстващ	N	false			false	false	false	0.0	0.625	отсъстващото|отсъстващ|отсъстващият|отсъстващите|отсъстващи|отсъстващия|отсъстващата|отсъстваща|отсъстващо
дислексия	N	true	disability	neutral	false	false	false	0.0	0.0	дислексия
разяждащ	A	false			false	false	false	0.0	0.625	разяждано|разяждало|разяжданият|разяждалият|разяждани|разяждахме|разяждали|разяждащите|разяждате|разяждалото|разяждахте|разяждащото|разяжданото|разяждаше|разяждайки|разяжданите|разяждалите|разяждаме|разяждащия|разяждащият|разяждащи|разяждай|разяждалия|разяждалата|разяждания|разяждал|разяждана|разяждащо|разяждала|разяждан|разяжданата|разяждам|разяждаща|разяждащ|разяждаш|разяжда|разяждаха|разяждат|разяждайте|разяждащата|разяждах
монахиня	N	true	religion	neutral	false	false	false	0.0	0.0	монахини|монахинята|монахините|монахиньо|монахиня
сектант	N	false	religion	negative	true	false	false	0.0	0.0	сектанти|сектантът|сектантите|сектант|сектанта
болезнено усещане	N	false			false	false	false	0.0	0.75	болезнено усещане
вибриращ	A	false			false	false	false	0.625	0.25	вибриращ|вибрираш|вибриралият|вибрирах|вибрираха|вибриращия|вибрираща|вибриращата|вибрирате|вибриращите|вибриралата|вибрираше|вибрират|вибрираме|вибрирам|вибрирал|вибрирало|вибрирахте|вибриращото|вибриралите|вибрирайки|вибрирали|вибрирахме|вибрирайте|вибриращият|вибриралото|вибриращи|вибрира|вибрирай|вибриралия|вибриращо|вибрирала
парализиран	A	true	disability	neutral	false	false	false	0.0	0.0	парализиран|парализираното|парализирания|парализираният|парализираните|парализирани|парализирано|парализираната|парализирана
понижена функция на щитовидната жлеза	N	false			false	false	false	0.0	0.75	понижена функция на щитовидната жлеза
наивен	A	false		negative	false	false	false	0.625	0.125	наивен|наивния|наивна|наивно|наивният|наивните|наивното|наивната|наивни
парализирам	V	true	disability	neutral	false	false	false	0.0	0.0	парализирай|парализиран|парализирам|парализиращите|парализиращи|парализирал|парализираха|парализирахме|парализираща|парализирахте|парализира|парализиралите|парализираните|парализираме|парализиращ|парализираш|парализирайте|парализиращата|парализирах|парализират|парализирайки|парализираната|парализирате|парализиралата|парализираше|парализиращият|парализираното|парализиралото|парализирания|парализиралия|парализирано|парализирало|парализирали|парализиралият|парализиращото|парализираният|парализиращия|парализирани|парализиращо|парализирала|парализирана
изтънченост	N	false			false	false	false	0.875	0.0	изтънченост|изтънчености|изтънчеността|изтънченостите
поликистоза на бъбреците	N	false			false	false	false	0.0	0.625	поликистоза на бъбреците
стоически	A	false			false	false	false	0.0	0.75	стоическа|стоическата|стоическо|стоическият|стоическите|стоическото|стоически|стоическия
грозно	Adv	false	appearance	negative	false	false	false	0.0	0.0	грозно
работлив	A	false			false	false	false	0.625	0.0	работливо|работливи|работливата|работливият|работливите|работлива|работливото|работлив|работливия
отчаяние	N	false			false	false	false	0.25	0.625	отчаянията|отчаяния|отчаянието|отчаяние
извънмерност	N	false			false	false	false	0.0	0.625	извънмерност
ненамазан	A	false			false	false	false	0.0	0.75	ненамазан
анозмия	N	true	disability		false	false	false	0.0	0.625	анозмия
неоригинален	A	false			false	false	false	0.0	0.75	неоригинално|неоригиналната|неоригиналният|неоригинални|неоригиналните|неоригиналното|неоригиналния|неоригинален|неоригинална
високоморален	A	false			false	false	false	0.625	0.125	високоморалния|високоморална|високоморалната|високоморалният|високоморалните|високоморално|високоморалното|високоморални|високоморален
обикновеност	N	false			false	false	false	0.625	0.0	обикновеността|обикновеност
женкар	N	true	gender	negative	false	false	false	0.0	0.0	женкар|женкарят|женкаря|женкари|женкарите
пришка	N	false			false	false	false	0.0	0.875	пришка|пришки|пришката|пришките
сенчест	A	false			false	false	false	0.625	0.25	сенчести|сенчестия|сенчесто|сенчест|сенчеста|сенчестият|сенчестото|сенчестите|сенчестата
безреден	A	false			false	false	false	0.0	0.625	безредна|безредно|безредната|безредни|безреден|безредното|безредния|безредният|безредните
ненавидя	V	false			true	false	false	0.0	0.75	ненавидя
мерзък	A	false			false	false	false	0.625	0.0	мерзки|мерзкия|мерзко|мерзкият|мерзките|мерзка|мерзкото|мерзък|мерзката
фунгициден	A	false			false	false	false	0.625	0.0	фунгициден
неграматичен	A	false			false	false	false	0.0	0.75	неграматично|неграматичният|неграматична|неграматичните|неграматичния|неграматичната|неграматичното|неграматичен|неграматични
синдром на Кушинг	N	true	disability		false	false	false	0.0	0.625	
безног	A	false			false	false	false	0.0	0.625	безнога|безногият|безногите|безногата|безного|безног|безноги|безногия|безногото
пасивен	A	false		negative	false	false	false	0.0	0.75	пасивна|пасивния|пасивната|пасивно|пасивният|пасивните|пасивното|пасивни|пасивен
нагъл	A	false		negative	true	false	false	0.75	0.125	нагъл|нагло|наглото|нагла|наглия|нагли|наглият|наглите|наглата
друсащ	A	false			false	false	false	0.0	0.625	друсаш|друсащ|друсалия|друсащи|друсай|друсания|друсайки|друсаха|друсаните|друсащият|друсалите|друсащо|друсала|друсана|друсайте|друсалата|друсащия|друсащата|друсаща|друсаната|друсаше|друсаме|друсаният|друсащите|друсалият|друсате|друсано|друсам|друсали|друсахме|друсащото|друсан|друсани|друсал|друсалото|друсах|друсат|друсало|друсаното|друса|друсахте
щедър	A	false		positive	true	false	false	0.0	0.0	щедър|щедрият|щедрото|щедрите|щедра|щедрата|щедрия|щедро|щедри
превъзходство	N	false			false	false	false	0.75	0.0	превъзходство|превъзходствата|превъзходства|превъзходството
полиартеритис нодоза	N	true	disability		false	false	false	0.0	0.625	полиартеритис нодоза
неотлагаемост	N	false			false	false	false	0.0	0.625	неотлагаемост
възхита	N	false			false	false	false	0.75	0.0	възхита|възхитата
скърпен	A	false			false	false	false	0.0	0.75	скърпени|скърпели|скърпили|скърпеният|скърпехте|скърпилото|скърпено|скърпи|скърпело|скърпило|скърпиш|скърпят|скърпехме|скърпеше|скърпен|скърпете|скърпилият|скърпите|скърпеното|скърпел|скърпилия|скърпя|скърпихме|скърпените|скърпихте|скърпилата|скърпех|скърпих|скърпеха|скърпената|скърпиха|скърпим|скърпилите|скърпения|скърпена|скърпела|скърпила|скърпил
недружелюбност	N	false			false	false	false	0.125	0.75	недружелюбността|недружелюбност
почтеност	N	false		positive	false	false	false	0.875	0.0	почтеността|почтеност
софистки	A	false			false	false	false	0.222	0.778	софисткото|софисткият|софистките|софистка|софистката|софистко|софистки|софисткия
обезболен	A	false			false	false	false	0.125	0.75	обезболен
отлично постижение	N	false			false	false	false	0.75	0.0	отлично постижение
разлагане	N	false			false	false	false	0.0	0.75	разлагане|разлагането|разлаганията|разлагания
благоволение	N	false			false	false	false	0.75	0.0	благоволението|благоволенията|благоволение|благоволения
смрад	N	false			false	false	false	0.0	0.75	смрадта|смрад
незаменим	A	false			false	false	false	0.25	0.75	незаменимата|незаменимият|незаменими|незаменимите|незаменимо|незаменимото|незаменим|незаменимия|незаменима
суеверен	A	false			false	false	false	0.625	0.0	суеверната|суеверно|суеверният|суеверните|суеверна|суеверен|суеверния|суеверното|суеверни
неизбежност	N	false			false	false	false	0.0	0.625	неизбежността|неизбежност
ротавирус	N	true	disability		false	false	false	0.0	0.75	ротавирус
аблативен	A	false			false	false	false	0.625	0.0	аблативния|аблативното|аблативни|аблативната|аблативният|аблативно|аблативните|аблативна|аблативен
заселник	N	true	race_ethnicity	neutral	false	false	false	0.0	0.0	заселникът|заселника|заселници|заселник|заселниците
аутистка	N	true	disability	neutral	false	false	false	0.0	0.0	аутистка
вбесяващ	A	false			false	false	false	0.125	0.875	вбесяваме|вбесяващите|вбесяван|вбесявам|вбесявате|вбесявал|вбесяваният|вбесявалият|вбесяващото|вбесявахме|вбесяваше|вбесявано|вбесявахте|вбесявалото|вбесявало|вбесяваното|вбесявали|вбесявани|вбесяващият|вбесяващи|вбесявай|вбесяващо|вбесявала|вбесявана|вбесяваните|вбесява|вбесявалите|вбесяващ|вбесяваш|вбесяваща|вбесяващия|вбесявах|вбесявайте|вбесяващата|вбесяваха|вбесяват|вбесявалата|вбесявайки|вбесявалия|вбесяваната|вбесявания
успокоителен	A	false			false	false	false	0.375	0.625	успокоителен|успокоителният|успокоителните|успокоителното|успокоителния|успокоителни|успокоително|успокоителна|успокоителната
хиперкинетичен синдром	N	true	disability		false	false	false	0.625	0.125	хиперкинетичен синдром
аскет	N	false	religion	positive	false	false	false	0.0	0.0	аскетът|аскета|аскет|аскетите|аскети
анализируем	A	false			false	false	false	0.625	0.0	анализируем
носталгичен	A	false			false	false	false	0.0	0.75	носталгично|носталгичния|носталгични|носталгичен|носталгичното|носталгичният|носталгичните|носталгична|носталгичната
всеобхватен	A	false			false	false	false	0.625	0.0	всеобхватно|всеобхватна|всеобхватната|всеобхватния|всеобхватен|всеобхватни|всеобхватният|всеобхватните|всеобхватното
изразителност	N	false			false	false	false	0.25	0.625	изразителността|изразителност
неспретнат	A	false			false	false	false	0.125	0.75	неспретната|неспретнатият|неспретнатите|неспретнатото|неспретнатата|неспретнати|неспретнат|неспретнатия|неспретнато
приблизителен	A	false			false	false	false	0.25	0.75	приблизителна|приблизителния|приблизително|приблизителният|приблизителните|приблизителното|приблизителни|приблизителната|приблизителен
некласифициран	A	false			false	false	false	0.0	0.75	некласифициран
министърка	N	true	gender	neutral	false	false	false	0.0	0.0	министърка|министърката|министърки|министърките
патриархат	N	true	gender	neutral	false	false	false	0.0	0.0	патриархата|патриархат|патриархатът
педофил	N	false		negative	true	false	false	0.0	0.0	педофила|педофилът|педофил|педофили|педофилите
ограничена отговорност	N	false			false	false	false	0.0	0.75	ограничена отговорност
предполагаема форма на живот	N	false			false	false	false	0.0	0.625	предполагаема форма на живот
позеленял	A	false			false	false	false	0.0	0.75	позеленялата|позеленелият|позеленях|позеленеехме|позеленяло|позеленя|позеленеехте|позеленееш|позеленял|позеленей|позеленееха|позеленеела|позеленея|позеленелите|позеленялото|позеленели|позеленелия|позеленеели|позеленяхме|позеленейте|позеленеят|позеленеело|позеленееше|позеленяла|позеленеех|позеленее|позеленяха|позеленяхте|позеленеел|позеленеем|позеленеете
езофагит	N	true	disability		false	false	false	0.0	0.625	езофагит
проклятие	N	false			false	false	false	0.25	0.75	проклятията|проклятия|проклятието|проклятие
синовит	N	true	disability		false	false	false	0.0	0.625	синовит
при закрити врати	A	false			false	false	false	0.0	0.625	при закрити врати
уви	Adv	false			false	false	false	0.0	0.875	уви
липса на обоняние	N	false			false	false	false	0.0	0.625	липса на обоняние
аметоптерин	N	false			false	false	false	0.0	0.625	аметоптерин
ненатрапчивост	N	false			false	false	false	0.125	0.625	ненатрапчивост
фактор на Кристмас	N	false			false	false	false	0.0	0.75	
хиперпирексия	N	false			false	false	false	0.625	0.125	хиперпирексия
идеал	N	false			false	false	false	0.75	0.0	идеали|идеалът|идеал|идеала|идеалите
червив	A	false			false	false	false	0.0	0.625	червивата|червивия|червива|червиво|червивият|червивото|червивите|червив|червиви
човек със зрително увреждане	N	false			false	false	false	0.0	0.625	човек със зрително увреждане
досаден	A	false		negative	false	false	false	0.0	0.75	досадния|досадно|досадна|досадната|досаден|досадното|досадният|досадните|досадни
етичен	A	false			false	false	false	0.625	0.0	етична|етичната|етично|етичния|етичното|етични|етичен|етичният|етичните
холангит	N	true	disability		false	false	false	0.0	0.75	холангит
безсърдечен	A	false		negative	false	false	false	0.125	0.875	безсърдечното|безсърдечно|безсърдечния|безсърдечна|безсърдечен|безсърдечни|безсърдечният|безсърдечните|безсърдечната
едър	A	true	appearance	neutral	false	false	false	0.0	0.0	едрата|едро|едрото|едра|едрият|едрите|едрия|едър|едри
оспорим	A	false			false	false	false	0.625	0.25	оспорим|оспоримата|оспоримо|оспоримият|оспорима|оспоримите|оспоримото|оспоримия|оспорими
душевно терзание	N	false			false	false	false	0.125	0.625	душевно терзание
специални нужди	N	true	disability	neutral	false	false	false	0.0	0.0	специални нужди
извиним	A	false			false	false	false	0.625	0.0	извинимия|извиними|извинимата|извинимият|извинимите|извинимото|извинима|извиним|извинимо
Централен Кушинг	N	true	disability		false	false	false	0.0	0.75	
майчинство	N	true	gender	neutral	false	false	false	0.75	0.0	майчинство|майчинството
сочен	A	false			false	false	false	0.625	0.25	сочен|сочното|сочни|сочно|сочния|сочният|сочна|сочните|сочната
гърлен	A	false			false	false	false	0.0	0.625	гърлено|гърлена|гърлен|гърления|гърленият|гърлени|гърлените|гърленото|гърлената
тъмнокож	A	true	race_ethnicity	neutral	false	false	false	0.0	0.0	тъмнокожият|тъмнокожите|тъмнокожия|тъмнокожото|тъмнокож|тъмнокожи|тъмнокожо|тъмнокожа|тъмнокожата
отстъпник	N	false	religion	negative	false	false	false	0.0	0.0	отстъпници|отстъпник|отстъпника|отстъпниците|отстъпникът
мъжки	A	true	gender	neutral	false	false	false	0.0	0.0	мъжка|мъжко|мъжката|мъжкият|мъжките|мъжкото|мъжки|мъжкия
домакиня	N	true	gender	neutral	false	false	false	0.0	0.0	домакинята|домакини|домакините|домакиня
куц	A	true	disability	negative	false	false	false	0.0	0.0	куцият|куците|куцото|куци|куцата|куция|куц|куцо|куца
необязден	A	false			false	false	false	0.0	0.625	необяздено|необяздена|необязден|необязденият|необяздените|необяздения|необяздени|необязденото|необяздената
прибиращ се	A	false			false	false	false	0.625	0.125	прибиращ се
богохулствам	V	false	religion	negative	true	false	false	0.0	0.0	богохулствало|богохулстващите|богохулствали|богохулствалият|богохулстват|богохулстващото|богохулствате|богохулстваше|богохулствам|богохулстваме|богохулствал|богохулстващия|богохулствалото|богохулстващият|богохулствайки|богохулстваш|богохулстваха|богохулстващ|богохулствалите|богохулства|богохулстваща|богохулствах|богохулствалия|богохулствахте|богохулстващи|богохулствай|богохулствалата|богохулствахме|богохулствайте|богохулстващата|богохулстващо|богохулствала
неразчленен	A	false			false	false	false	0.0	0.75	неразчлененият|неразчленените|неразчленения|неразчленената|неразчленени|неразчленен|неразчленено|неразчленена|неразчлененото
контрактилен	A	false			false	false	false	0.625	0.0	контрактилен
пъдпъдък	N	false			false	false	false	0.625	0.0	пъдпъдъкът|пъдпъдъци|пъдпъдъците|пъдпъдъка|пъдпъдък
пронизващ	A	false			false	false	false	0.125	0.875	пронизвахте|пронизваните|пронизвало|пронизвалите|пронизваше|пронизвалата|пронизвайки|пронизващият|пронизваното|пронизвате|пронизваме|пронизвам|пронизвалото|пронизвал|пронизващия|пронизващото|пронизва|пронизваният|пронизвах|пронизваш|пронизващата|пронизващ|пронизваща|пронизвалият|пронизвай|пронизван|пронизваха|пронизват|пронизвания|пронизвалия|пронизващи|пронизващите|пронизващо|пронизвала|пронизвана|пронизваната|пронизвали|пронизвахме|пронизвайте|пронизвани|пронизвано
беззвезден	A	false			false	false	false	0.0	0.625	беззвездното|беззвездният|беззвездните|беззвездния|беззвездната|беззвездни|беззвезден|беззвездна|беззвездно
хемохроматоза	N	true	disability		false	false	false	0.0	0.625	хемохроматоза
загубен	A	false			false	false	false	0.0	0.75	загубено|загубени|загубен|загубеният|загубеното|загубените|загубена|загубената|загубения
незадоволителност	N	false			false	false	false	0.75	0.0	незадоволителността|незадоволителност
некоректен	A	false			false	false	false	0.125	0.75	некоректен|некоректния|некоректното|некоректният|некоректните|некоректни|некоректно|некоректна|некоректната
бронхопневмония	N	true	disability		false	false	false	0.0	0.75	бронхопневмония|бронхопневмонии|бронхопневмониите|бронхопневмонията
злочестина	N	false			false	false	false	0.0	0.625	злочестина|злочестините|злочестината|злочестини
непреработен	A	false			false	false	false	0.0	0.75	непреработен|непреработено|непреработена|непреработената|непреработения|непреработеното|непреработеният|непреработените|непреработени
хаджия	N	true	religion	neutral	false	false	false	0.0	0.0	хаджии|хаджия|хаджиите|хаджията
трескав	A	false			false	false	false	0.625	0.0	трескава|трескавия|трескаво|трескави|трескавата|трескав|трескавият|трескавите|трескавото
страшен	A	false			false	false	false	0.0	0.875	страшното|страшни|страшният|страшните|страшния|страшно|страшна|страшната|страшен
бунтовен	A	false			false	false	false	0.0	0.625	бунтовен|бунтовни|бунтовния|бунтовната|бунтовна|бунтовното|бунтовният|бунтовно|бунтовните
оборим	A	false			false	false	false	0.625	0.25	оборилият|оборела|оборим|оборените|оборя|оборил|оборена|оборилия|оборели|оборената|оборила|оборени|оборилото|обореното|оборех|оборехме|обориха|обори|обореха|оборехте|оборилите|оборен|оборите|обореният|оборете|оборел|оборихме|оборило|оборения|оборено|оборят|оборилата|оборили|оборело|обориш|обореше|оборихте|оборих
с обожание	Adv	false			false	false	false	0.875	0.125	с обожание
евтин	A	false			false	false	false	0.0	0.625	евтино|евтиния|евтина|евтиният|евтините|евтиното|евтин|евтината|евтини
инвалид	N	true	disability	negative	false	false	false	0.0	0.75	инвалидите|инвалиди|инвалидът|инвалид|инвалида
плача	V	false			false	false	true	0.125	0.625	плакахте|плаках|плачеща|плакали|плакалите|плачеха|плакал|плакало|плачещата|плача|плакалата|плачели|плака|плакахме|плачещия|плачех|плачещи|плачещо|плачела|плачещ|плачещият|плачеш|плачейки|плачел|плачем|плакалия|плакалият|плачеше|плачещото|плачело|плаче|плакаха|плачехте|плакалото|плачи|плачехме|плакала|плачат|плачещите|плачете
непроверим	A	false			false	false	false	0.0	0.625	непроверим|непроверимата|непроверимо|непроверимия|непроверима|непроверими|непроверимото|непроверимият|непроверимите
наличен	A	false			false	false	false	0.0	0.625	наличната|наличен|наличния|налично|налична|наличният|наличните|наличното|налични
подмазвам	V	false		negative	true	true	false	0.0	0.0	подмазвания|подмазвайте|подмазваме|подмазващото|подмазвалите|подмазвал|подмазвалия|подмазваните|подмазваща|подмазван|подмазвам|подмазващите|подмазват|подмазваха|подмазвайки|подмазвай|подмазваната|подмазващи|подмазвах|подмазващата|подмазвалата|подмазващия|подмазвана|подмазващ|подмазваш|подмазва|подмазващо|подмазвала|подмазвахте|подмазвани|подмазвалият|подмазвали|подмазвало|подмазваният|подмазвано|подмазващият|подмазвахме|подмазваше|подмазваното|подмазвате|подмазвалото
ромка	N	true	race_ethnicity	neutral	false	false	false	0.0	0.0	ромка
подмазвач	N	false		negative	true	true	false	0.0	0.0	подмазвача|подмазвач|подмазвачите|подмазвачът|подмазвачи
погубен	A	false			false	false	false	0.0	0.625	погубилия|погубилото|погубеха|погубех|погубеният|погуби|погубите|погубихме|погубилите|погубел|погубете|погубен|погубеше|погубения|погубената|погубихте|погубиш|погубят|погубило|погубено|погубя|погубилата|погубело|погубените|погубели|погубили|погубени|погубил|погубела|погубилият|погубим|погубехме|погубила|погубехте|погубена|погубеното|погубиха|погубих
невярващ	N	true	religion	neutral	false	false	false	0.0	0.0	невярващо|невярващия|невярващи|невярващото|невярващият|невярващите|невярващата|невярващ|невярваща
неискрен	A	false			false	false	false	0.0	0.625	неискреният|неискрена|неискрените|неискрената|неискреното|неискрени|неискрения|неискрен|неискрено
мекота	N	false			false	false	false	0.0	0.625	мекота|мекотата
склерит	N	true	disability		false	false	false	0.0	0.625	склерит
мафиот	N	false		negative	true	false	false	0.0	0.0	мафиота|мафиот|мафиоти|мафиотът|мафиотите
обезнаследен	A	false			false	false	false	0.0	0.625	обезнаследял|обезнаследена|обезнаследих|обезнаследиха|обезнаследеният|обезнаследи|обезнаследим|обезнаследилите|обезнаследил|обезнаследени|обезнаследила|обезнаследената|обезнаследили|обезнаследено|обезнаследели|обезнаследят|обезнаследилото|обезнаследях|обезнаследиш|обезнаследило|обезнаследяха|обезнаследете|обезнаследен|обезнаследяла|обезнаследеше|обезнаследените|обезнаследилият|обезнаследилия|обезнаследяхме|обезнаследите|обезнаследения|обезнаследихте|обезнаследя|обезнаследяхте|обезнаследеното|обезнаследилата|обезнаследихме|обезнаследяло
ядовит	A	false			false	false	false	0.0	0.75	ядовития|ядовито|ядовита|ядовитото|ядовит|ядовитият|ядовитата|ядовитите|ядовити
находчив	A	false			false	false	false	0.625	0.0	находчивата|находчиви|находчивото|находчивият|находчивите|находчиво|находчивия|находчива|находчив
неимунизиран	A	false			false	false	false	0.125	0.625	неимунизиран
покръствам	V	false	religion	neutral	false	false	false	0.0	0.0	покръстваме|покръстваният|покръствалият|покръства|покръствате|покръстваше|покръстващата|покръстваш|покръстващият|покръстваното|покръстващ|покръствалото|покръствахте|покръствах|покръствано|покръствахме|покръствало|покръствали|покръстващото|покръствал|покръствани|покръстваните|покръствалите|покръстващо|покръствала|покръстват|покръствана|покръствам|покръстван|покръствай|покръствалия|покръствайте|покръстващи|покръстващите|покръствания|покръстваха|покръстваната|покръстваща|покръствалата|покръствайки|покръстващия
диагноза	N	true	disability	neutral	false	false	false	0.0	0.0	диагноза|диагнозата|диагнози|диагнозите
карпален канал	N	false			false	false	false	0.0	0.625	карпален канал
нетолерантен	A	false		negative	false	false	false	0.0	0.0	нетолерантният|нетолерантните|нетолерантното|нетолерантен|нетолерантния|нетолерантната|нетолерантни|нетолерантно|нетолерантна
фантазност	N	false			false	false	false	0.0	0.625	фантазност
умствена умора	N	false			false	false	false	0.125	0.625	умствена умора
гладкокос	A	false			false	false	false	0.0	0.75	гладкокос
хипохондричен	A	false			false	false	false	0.0	0.625	хипохондричен
разложим	A	false			false	false	false	0.625	0.0	разложи|разложена|разложела|разложения|разложа|разложеха|разложилите|разложиха|разложеното|разложихте|разложихме|разложех|разложен|разложел|разложилата|разложеният|разложил|разложете|разложилия|разложите|разложехте|разложилият|разложената|разложеше|разложили|разложат|разложиш|разложено|разложело|разложих|разложило|разложехме|разложила|разложилото|разложени|разложим|разложели|разложените
вредителски	A	false			false	false	false	0.0	0.875	вредителски|вредителския|вредителската|вредителско|вредителска|вредителското|вредителският|вредителските
груб	A	false		negative	true	false	false	0.125	0.875	груб|грубото|груби|грубо|грубият|грубите|грубата|груба|грубия
неживописен	A	false			false	false	false	0.375	0.625	неживописен
неподдаващ се	A	false			false	false	false	0.125	0.75	неподдаващ се
аквафобен	A	false			false	false	false	0.0	0.75	аквафобен
неначенат	A	false			false	false	false	0.0	0.625	неначената|неначенатата|неначенат|неначенато|неначенатия|неначенатият|неначенатите|неначенатото|неначенати
недохранване	N	false			false	false	false	0.0	0.75	недохранването|недохранване|недохранванията|недохранвания
тиранин	N	false		negative	true	false	false	0.0	0.0	тиранинът|тирани|тиранина|тираните|тиранин
дизентерия	N	false			false	false	false	0.0	0.625	дизентерията|дизентерия
фалит	N	false			false	false	false	0.0	0.625	фалити|фалитът|фалит|фалита|фалитите
аортит	N	true	disability		false	false	false	0.0	0.625	аортит
абазия	N	false			false	false	false	0.125	0.625	абазия
невъзприемащ	A	false			false	false	false	0.0	0.75	невъзприемащ
вълнуващ	A	false		positive	false	false	false	0.75	0.25	вълнуваният|вълнувахте|вълнувалият|вълнувани|вълнували|вълнуващата|вълнувахме|вълнувано|вълнувало|вълнуващ|вълнуваното|вълнувалото|вълнуваш|вълнуващият|вълнуваше|вълнувате|вълнуваните|вълнуваме|вълнуващото|вълнувалите|вълнуван|вълнувайте|вълнувал|вълнувам|вълнуват|вълнуващия|вълнувах|вълнува|вълнуваща|вълнуваха|вълнуващите|вълнувай|вълнуващи|вълнувалия|вълнувана|вълнуващо|вълнувайки|вълнувала|вълнувания|вълнуваната|вълнувалата
надут	A	false			false	false	false	0.125	0.625	надут|надутата|надутият|надутите|надутото|надута|надутия|надуто|надути
парцалан	N	false			false	false	false	0.0	0.875	парцалан
неупотребяван	A	false			false	false	false	0.0	0.75	неупотребявани|неупотребяваната|неупотребяван|неупотребявана|неупотребявания|неупотребяваният|неупотребявано|неупотребяваните|неупотребяваното
величая	V	false		positive	true	false	false	0.0	0.0	величаеше|величалата|величало|величалите|величаещият|величали|величаейки|величаели|величая|величаело|величаещия|величаела|величаещи|величаният|величаеща|величахме|величаеха|величана|величаното|величаха|величаехме|величайте|величано|величаел|величаете|величаните|величани|величалия|величаех|велича|величания|величаещ|величаеш|величаещо|величаната|величаем|величаехте|величал|величан|величаещата|величалият|величаещите|величах|величала|величаят|величахте|величалото|величаещото|величае|величай
нормален	A	false		positive	false	false	false	0.0	0.0	нормалната|нормални|нормален|нормалния|нормалният|нормална|нормалните|нормалното|нормално
дебелашки	A	false			false	false	false	0.25	0.625	дебелашкия|дебелашката|дебелашки|дебелашкият|дебелашките|дебелашко|дебелашкото|дебелашка
Лаймска борелиоза	N	true	disability		false	false	false	0.0	0.75	
немислим	A	false			false	false	false	0.0	0.75	немислима|немислимо|немислим|немислимото|немислимият|немислими|немислимите|немислимия|немислимата
благородно	Adv	false		positive	false	false	false	0.0	0.0	благородно
неподвързан	A	false			false	false	false	0.0	0.75	неподвързания|неподвързаното|неподвързаният|неподвързаните|неподвързаната|неподвързано|неподвързана|неподвързан|неподвързани
инфекциозен агент	N	false			false	false	false	0.75	0.0	инфекциозен агент
пиларна кератоза	N	true	disability		false	false	false	0.0	0.625	пиларна кератоза
поддържане	N	false			false	false	false	0.0	0.625	поддържане|поддържането
сълзливост	N	false			false	false	false	0.0	0.75	сълзливост|сълзливостта
черти	N	true	appearance	neutral	false	false	false	0.0	0.0	черта|чертата|чертите|черти
самонадеяност	N	false			false	false	false	0.0	0.75	самонадеяността|самонадеяност
маточно кръвотечение	N	false			false	false	false	0.0	0.625	маточно кръвотечение
костелив	A	false	appearance	negative	false	false	false	0.0	0.0	костеливата|костеливи|костеливия|костелива|костеливо|костелив|костеливият|костеливите|костеливото
заплетен	A	false			false	false	false	0.625	0.0	заплетеният|заплетените|заплетеното|заплетени|заплетения|заплетената|заплетена|заплетен|заплетено
реален	A	false			false	false	false	0.0	0.625	реален|реалното|реалният|реални|реалните|реално|реалния|реална|реалната
порицаем	A	false			false	false	false	0.0	0.875	порицали|порицаела|порицаната|порицани|порицах|порицалата|порицаните|порицала|порицая|порицаят|порицана|порицалите|порицай|порицаха|порицаело|порицаното|порицалия|порицаели|порицания|порицалото|порицаехте|порицаете|порица|порицаех|порицаехме|порицаният|порицаеше|порицаеш|порицахме|порицаем|порицаеха|порицалият|порицае|порицано|порицал|порицахте|порицаел|порицало|порицайте|порицан
безпогрешен	A	false			false	false	false	0.125	0.875	безпогрешното|безпогрешни|безпогрешен|безпогрешния|безпогрешна|безпогрешната|безпогрешно|безпогрешният|безпогрешните
подсмърчащ	A	false			false	false	false	0.0	0.625	подсмърчаща|подсмърчай|подсмърчащият|подсмърчащи|подсмърчалият|подсмърчаха|подсмърчате|подсмърчащото|подсмърчахте|подсмърчаме|подсмърчахме|подсмърчалото|подсмърчалата|подсмърчал|подсмърчам|подсмърчащия|подсмърчало|подсмърчаше|подсмърчащите|подсмърчалите|подсмърчащо|подсмърчалия|подсмърчала|подсмърча|подсмърчащ|подсмърчайки|подсмърчаш|подсмърчах|подсмърчали|подсмърчат|подсмърчайте|подсмърчащата
непротивопоставен	A	false			false	false	false	0.0	0.75	непротивопоставен
своенравност	N	false			false	false	false	0.0	0.75	своенравностите|своенравности|своенравност|своенравността
непроменим	A	false			false	false	false	0.0	0.75	непроменима|непроменимо|непроменимият|непроменимите|непроменимата|непроменим|непроменимото|непроменими|непроменимия
прелюбодеен	A	false			false	false	false	0.0	0.75	прелюбодейното|прелюбодейния|прелюбодейни|прелюбодейно|прелюбодеен|прелюбодейна|прелюбодейната|прелюбодейният|прелюбодейните
идеализиран	A	false			false	false	false	0.875	0.0	идеализираш|идеализираща|идеализираната|идеализирах|идеализирайте|идеализиращ|идеализиращите|идеализиралата|идеализирайки|идеализиралите|идеализирана|идеализираните|идеализиращо|идеализирала|идеализирахте|идеализиращи|идеализиращото|идеализираха|идеализирахме|идеализирай|идеализиралото|идеализирало|идеализира|идеализираното|идеализиралия|идеализиращият|идеализирано|идеализирания|идеализирани|идеализирали|идеализираме|идеализиралият|идеализирам|идеализирате|идеализираният|идеализирал|идеализиращата|идеализиран|идеализират|идеализираше|идеализиращия
успокоително	N	false			false	false	false	0.0	0.875	успокоително
вид	N	true	appearance	neutral	false	false	false	0.0	0.0	видовете|видове|вида|вид|видът
право на свобода	N	false			false	false	false	0.625	0.0	право на свобода
неузнаваем	A	false			false	false	false	0.0	0.625	неузнаваем|неузнаваеми|неузнаваемия|неузнаваемата|неузнаваема|неузнаваемият|неузнаваемото|неузнаваемите|неузнаваемо
принципен	A	false			false	false	false	0.75	0.0	принципната|принципно|принципна|принципен|принципния|принципни|принципният|принципните|принципното
старомоден	A	false			false	false	false	0.875	0.0	старомодна|старомоден|старомодния|старомодният|старомодните|старомодното|старомодни|старомодно|старомодната
хидропс	N	false			false	false	false	0.0	0.625	хидропс
джамия	N	true	religion	neutral	false	false	false	0.0	0.0	джамиите|джамията|джамии|джамия
претенциозен	A	false			false	false	false	0.625	0.0	претенциозно|претенциозния|претенциозна|претенциозният|претенциозните|претенциозното|претенциозен|претенциозната|претенциозни
вмирисан	A	false			false	false	false	0.0	0.875	вмирисания|вмирисана|вмирисаният|вмирисани|вмирисаните|вмирисаното|вмирисан|вмирисаната|вмирисано
неугледност	N	false			false	false	false	0.0	0.625	неугледността|неугледност
палиатив	N	false			false	false	false	0.0	0.625	палиатив
дружелюбен	A	false			false	false	false	0.75	0.0	дружелюбното|дружелюбният|дружелюбните|дружелюбно|дружелюбна|дружелюбен|дружелюбния|дружелюбната|дружелюбни
стара чанта	N	false			false	false	true	0.0	0.625	стара чанта
болен от бронхит	A	false			false	false	false	0.0	0.625	болен от бронхит
разводнен	A	false			false	false	false	0.0	0.625	разводнихме|разводнил|разводня|разводнилите|разводняхме|разводняло|разводненото|разводняхте|разводнилото|разводнилия|разводнеше|разводнен|разводняла|разводнените|разводнете|разводните|разводнила|разводнилият|разводнената|разводнени|разводнели|разводнили|разводнено|разводни|разводнило|разводнях|разводняха|разводниш|разводнят|разводних|разводнял|разводниха|разводнилата|разводненият|разводнения|разводним|разводнена|разводнихте
нетеатрален	A	false			false	false	false	0.0	0.75	нетеатрален
пищно	Adv	false			false	false	false	0.625	0.0	пищно
къс	A	true	appearance	neutral	false	false	false	0.0	0.625	къс|късият|късо|късите|късото|къса|късата|късия|къси
хеморагична треска от Ласа	N	false			false	false	false	0.125	0.625	
мъртвородено дете	N	false			false	false	false	0.0	0.625	мъртвородено дете
негативно	Adv	false			false	false	false	0.0	0.75	негативно
диспепсия	N	false			false	false	false	0.0	0.75	диспепсия
неблагоприятно	Adv	false			false	false	false	0.125	0.625	неблагоприятно
американка	N	true	race_ethnicity	neutral	false	false	false	0.0	0.0	американките|американки|американка|американката
ерудиран	A	false			false	false	false	0.625	0.0	ерудираната|ерудирани|ерудираното|ерудираният|ерудираните|ерудирания|ерудирано|ерудиран|ерудирана
астматик	N	true	disability		false	false	false	0.0	0.75	астматиците|астматика|астматикът|астматик|астматици
непроменяемост	N	false			false	false	false	0.125	0.625	непроменяемост
известност	N	false			false	false	false	0.625	0.0	известност|известността
безутешен	A	false			false	false	false	0.0	0.75	безутешен|безутешна|безутешния|безутешното|безутешният|безутешните|безутешно|безутешни|безутешната
костюм	N	false			false	false	false	0.0	0.625	костюм|костюмът|костюми|костюма|костюмите
изисканост	N	false			false	false	false	0.875	0.0	изисканост|изискаността
инатлив	A	false		negative	true	false	false	0.0	0.0	инатлив
астматично болен	N	false			false	false	false	0.0	0.75	астматично болен
възрастен	A	true	appearance	neutral	false	false	false	0.0	0.0	възрастна|възрастно|възрастната|възрастният|възрастните|възрастния|възрастни|възрастен|възрастното
оневинен	A	false			false	false	false	0.625	0.0	оневинете|оневинилата|оневиниш|оневиненото|оневиняла|оневинях|оневинят|оневинеше|оневините|оневинилия|оневинените|оневинихме|оневинихте|оневинения|оневинил|оневиняло|оневиним|оневиних|оневинилият|оневини|оневинял|оневинена|оневиня|оневиниха|оневинената|оневинени|оневиняхте|оневинила|оневинилото|оневиняхме|оневиненият|оневинили|оневинено|оневинели|оневинен|оневинило|оневинилите|оневиняха
предпазлив	A	false		positive	false	false	false	0.75	0.0	предпазливото|предпазливо|предпазливи|предпазливият|предпазливата|предпазливите|предпазлив|предпазлива|предпазливия
недоходоносен	A	false			false	false	false	0.0	0.625	недоходоносният|недоходоносна|недоходоносните|недоходоносното|недоходоносно|недоходоносната|недоходоносни|недоходоносния|недоходоносен
логичност	N	false			false	false	false	0.75	0.0	логичността|логичност
овехтял	A	false			false	false	false	0.0	0.75	овехтеехте|овехтял|овехтееше|овехтяло|овехтеело|овехтее|овехтееш|овехтяхме|овехтяла|овехтеех|овехтях|овехтелите|овехтяхте|овехтеете|овехтялата|овехтеем|овехтяха|овехтеел|овехтееха|овехтели|овехтейте|овехтеят|овехтелия|овехтеели|овехтея|овехтя|овехтеехме|овехтялото|овехтей|овехтелият|овехтеела
разграничителен	A	false			false	false	false	0.625	0.0	разграничителната|разграничителни|разграничителен|разграничителното|разграничителният|разграничителните|разграничителния|разграничителна|разграничително
слабост	N	false			false	false	false	0.0	0.875	слабостите|слабости|слабостта|слабост
наказателен	A	false			false	false	false	0.625	0.0	наказателно|наказателни|наказателната|наказателният|наказателните|наказателен|наказателна|наказателния|наказателното
романтика	N	false			false	false	false	0.625	0.125	романтиката|романтика
уханен	A	false			false	false	false	0.75	0.125	уханният|уханните|уханното|уханни|уханно|уханния|уханна|уханен|уханната
чуама	N	false			false	false	false	0.25	0.625	чуама
плах	A	false		negative	false	false	false	0.625	0.0	плахото|плахия|плахият|плахите|плахата|плахи|плаха|плах|плахо
темпорален артериит	N	true	disability		false	false	false	0.0	0.625	темпорален артериит
непогрешимост	N	false			false	false	false	0.0	0.625	непогрешимост|непогрешимостта
европейка	N	true	race_ethnicity	neutral	false	false	false	0.0	0.0	европейките|европейка|европейката|европейки
оскотявам	V	false			false	false	false	0.0	0.75	оскотяващото|оскотявахте|оскотявайте|оскотявате|оскотяваме|оскотявалата|оскотяват|оскотявайки|оскотявах|оскотявахме|оскотяващ|оскотяваш|оскотявал|оскотявам|оскотява|оскотяващият|оскотяваща|оскотяваха|оскотявалият|оскотявалия|оскотяващи|оскотявай|оскотяващата|оскотяващо|оскотявала|оскотяващия|оскотявалото|оскотявали|оскотявало|оскотяващите|оскотяваше|оскотявалите
простим	A	false			false	false	false	0.625	0.0	простимия|простима|простимо|простим|простимото|простимият|простимите|простимата|простими
оскърбявам	V	false		negative	true	false	false	0.0	0.0	оскърбявалия|оскърбява|оскърбявания|оскърбяваният|оскърбяващата|оскърбяваме|оскърбявалият|оскърбяващият|оскърбяват|оскърбяващи|оскърбяваш|оскърбяващо|оскърбявала|оскърбяваното|оскърбявах|оскърбявана|оскърбявал|оскърбявам|оскърбявалото|оскърбяваща|оскърбявай|оскърбяващия|оскърбяван|оскърбяваха|оскърбявано|оскърбяващото|оскърбяваните|оскърбявахте|оскърбявайте|оскърбявало|оскърбяващ|оскърбявалите|оскърбявали|оскърбявани|оскърбяващите|оскърбявате|оскърбявайки|оскърбяваната|оскърбявахме|оскърбяваше|оскърбявалата
незачитане	N	false			false	false	false	0.0	1.0	незачитането|незачитане
потаен	A	false			false	false	false	0.125	0.625	потайният|потайните|потайното|потайно|потайната|потайна|потаен|потайни|потайния
конгломератен	A	false			false	false	false	0.625	0.0	конгломератен|конгломератни|конгломератния|конгломератният|конгломератните|конгломератно|конгломератна|конгломератното|конгломератната
проститутка	N	false	gender	negative	true	false	false	0.0	0.0	проститутка|проститутки|проститутките|проститутката
сантименталност	N	false			false	false	false	0.25	0.625	сантименталност|сантименталността|сантименталности|сантименталностите
размисляне	N	false			false	false	false	0.0	0.625	размисляне|размисляния|размислянето|размислянията
непреброден	A	false			false	false	false	0.0	0.625	непребродена|непреброденото|непребродено|непреброден|непребродения|непребродени|непребродената|непреброденият|непребродените
некоригиран	A	false			false	false	false	0.0	0.75	некоригираното|некоригираният|некоригирано|некоригираните|некоригиран|некоригирания|некоригирана|некоригирани|некоригираната
неразвит	A	false			false	false	false	0.0	0.625	неразвитата|неразвито|неразвита|неразвит|неразвити|неразвитото|неразвития|неразвитият|неразвитите
съпруг	N	true	gender	neutral	false	false	false	0.0	0.0	съпрузите|съпругът|съпруг|съпруга|съпруже|съпрузи
инвазивен	A	false			false	false	false	0.625	0.0	инвазивен
видим	A	false			false	false	false	0.625	0.0	видимия|видими|видимата|видим|видимо|видимият|видима|видимото|видимите
обезчувствявам	V	false			false	false	false	0.0	0.875	обезчувствявам
необвързан	A	false			false	false	false	0.0	0.75	необвързания|необвързана|необвързаният|необвързаните|необвързаната|необвързани|необвързан|необвързано|необвързаното
съвестност	N	false			false	false	false	0.75	0.0	съвестност|съвестността
параплегичен	A	false			false	false	false	0.0	0.625	параплегичен
покерджийско изражение	N	false			false	false	false	0.625	0.0	покерджийско изражение
рехабилитирам	V	false			false	false	false	0.625	0.0	рехабилитираше|рехабилитирахме|рехабилитиралото|рехабилитирате|рехабилитираното|рехабилитиращата|рехабилитирани|рехабилитирали|рехабилитиралият|рехабилитираният|рехабилитирало|рехабилитирахте|рехабилитиращият|рехабилитирано|рехабилитираха|рехабилитиращия|рехабилитирайте|рехабилитиралата|рехабилитираща|рехабилитираната|рехабилитирана|рехабилитиращо|рехабилитирала|рехабилитиращи|рехабилитирай|рехабилитиращото|рехабилитира|рехабилитирал|рехабилитиралите|рехабилитираме|рехабилитиран|рехабилитирам|рехабилитираните|рехабилитиращите|рехабилитиращ|рехабилитираш|рехабилитират|рехабилитирания|рехабилитирах|рехабилитирайки|рехабилитиралия
объркващ	A	false			false	false	false	0.0	0.625	объркваща|обърквалото|объркваното|объркващият|объркващи|объркващия|обърквай|объркваха|обърквалият|объркваният|обърквате|объркващото|обърквалия|объркваме|обърквания|обърквало|объркващите|обърквано|объркваше|объркван|обърквам|обърквал|обърква|объркват|объркващата|обърквалите|обърквахте|объркващо|обърквала|объркваните|обърквайки|обърквахме|обърквана|обърквах|обърквайте|объркващ|объркваш|обърквали|обърквалата|обърквани|объркваната
оценяващ	A	false			false	false	false	0.625	0.0	оценяващия|оценяващият|оценяваното|оценяваме|оценявате|оценявалото|оценявал|оценявам|оценяващото|оценявало|оценява|оценявалата|оценявайки|оценявахте|оценявалите|оценяваните|оценяваше|оценяващите|оценявахме|оценявана|оценяващо|оценявала|оценяваната|оценявано|оценявани|оценявайте|оценяващата|оценявали|оценяван|оценяваща|оценяваният|оценяват|оценявания|оценявалия|оценявах|оценяващи|оценявалият|оценяваш|оценяващ|оценяваха|оценявай
невмешателски	A	false			false	false	false	0.0	0.625	невмешателски
стрелвам се	V	false			false	false	false	0.0	0.625	стрелвам се
лепра	N	false			false	false	false	0.0	0.625	лепра
незащитен	A	false			false	false	false	0.0	0.625	незащитени|незащитената|незащитен|незащитеното|незащитеният|незащитените|незащитена|незащитено|незащитения
съдбовен	A	false			false	false	false	0.625	0.375	съдбовният|съдбовните|съдбовния|съдбовната|съдбовни|съдбовен|съдбовна|съдбовно|съдбовното
безехов	A	false			false	false	false	0.0	0.625	безехов
много верен	A	false			false	false	false	0.625	0.25	много верен
бронежилетка	N	false			false	false	false	0.625	0.0	бронежилетките|бронежилетката|бронежилетки|бронежилетка
висша класа	N	false			false	false	false	0.75	0.0	висша класа
токсоид	N	false			false	false	false	0.0	0.75	токсоид
подкупен	A	false			false	false	false	0.0	0.75	подкупен|подкупната|подкупни|подкупният|подкупните|подкупно|подкупното|подкупния|подкупна
доброжелателен	A	false			false	false	false	0.75	0.0	доброжелателния|доброжелателното|доброжелателният|доброжелателна|доброжелателните|доброжелателно|доброжелателен|доброжелателни|доброжелателната
инвалидност	N	true	disability	neutral	false	false	false	0.0	0.875	инвалидността|инвалидност
непрепечен	A	false			false	false	false	0.0	0.75	непрепечен
злъчен	A	false			false	false	false	0.125	0.75	злъчното|злъчният|злъчните|злъчни|злъчния|злъчен|злъчна|злъчно|злъчната
излекувам се	V	true	disability	positive	false	false	false	0.625	0.0	излекувам се
неясен	A	false			false	false	false	0.25	0.75	неясно|неясното|неясна|неясната|неясния|неясен|неясният|неясните|неясни
превратност	N	false			false	false	false	0.625	0.0	превратностите|превратността|превратности|превратност
непроменен	A	false			false	false	false	0.0	0.625	непромененото|непроменената|непроменена|непромененият|непроменените|непроменено|непроменения|непроменен|непроменени
тълкуваем	A	false			false	false	false	0.625	0.0	тълкуваем
аутомизофобия	N	true	disability		false	false	false	0.0	0.75	аутомизофобия
любезен	A	false			false	false	false	0.875	0.0	любезна|любезно|любезната|любезното|любезни|любезен|любезния|любезният|любезните
генерализиран неконвулсивен епилептичен припадък	N	false			false	false	false	0.0	0.625	
напълно	Adv	false			false	false	false	0.75	0.0	напълно
безотговорен	A	false		negative	true	false	false	0.0	0.0	безотговорни|безотговорния|безотговорният|безотговорните|безотговорен|безотговорната|безотговорна|безотговорното|безотговорно
смекчаващо вината обстоятелство	N	false			false	false	false	0.0	0.75	смекчаващо вината обстоятелство
победен	A	false		negative	false	false	false	0.0	0.0	победени|победения|победен|победена|победената|победено|победеният|победените|победеното
меланхолия	N	false			false	false	false	0.125	0.75	меланхолията|меланхолии|меланхолиите|меланхолия
удобен	A	false			false	false	false	0.625	0.0	удобни|удобното|удобният|удобните|удобен|удобната|удобна|удобно|удобния
оплешивявам	V	true	appearance	negative	false	false	false	0.0	0.0	оплешивяват|оплешивяващия|оплешивявах|оплешивяващо|оплешивявала|оплешивяващи|оплешивявай|оплешивявал|оплешивявам|оплешивяващите|оплешивявалият|оплешивяваха|оплешивяваща|оплешивяващото|оплешивявалия|оплешивявалото|оплешивява|оплешивявахме|оплешивяваме|оплешивявате|оплешивявайки|оплешивявахте|оплешивяващият|оплешивявалите|оплешивяваше|оплешивявайте|оплешивявало|оплешивявалата|оплешивяващата|оплешивяваш|оплешивявали|оплешивяващ
хубост	N	false			false	false	false	0.625	0.0	хубостта|хубостите|хубост|хубости
нецелесъобразност	N	false			false	false	false	0.75	0.0	нецелесъобразност|нецелесъобразността
индуистка	N	true	religion	neutral	false	false	false	0.0	0.0	индуистка
нерешимост	N	false			false	false	false	0.0	0.625	нерешимост
комфортен	A	false			false	false	false	0.625	0.0	комфортни|комфортен|комфортния|комфортна|комфортното|комфортният|комфортно|комфортните|комфортната
анизотропен	A	false			false	false	false	0.0	0.75	анизотропен
трефе	A	false			false	false	false	0.0	0.75	трефе
мръсотия	N	false		negative	true	false	false	0.0	0.0	мръсотии|мръсотия|мръсотиите|мръсотията
конвулсивен	A	false			false	false	false	0.0	0.875	конвулсивният|конвулсивните|конвулсивната|конвулсивния|конвулсивна|конвулсивно|конвулсивни|конвулсивен|конвулсивното
клетва	N	false			false	false	false	0.25	0.75	клетви|клетвите|клетвата|клетва
ужасяващ	A	false			false	false	false	0.0	0.875	ужасяваното|ужасяващият|ужасявахме|ужасявалото|ужасяваме|ужасявал|ужасявам|ужасява|ужасявахте|ужасяваният|ужасявана|ужасяващата|ужасяващо|ужасявала|ужасяващи|ужасяван|ужасяваха|ужасявай|ужасяват|ужасяваш|ужасяваща|ужасявах|ужасявалият|ужасявало|ужасяващ|ужасяващите|ужасявано|ужасяващия|ужасявалата|ужасявани|ужасявайте|ужасявали|ужасяваната|ужасявате|ужасяваните|ужасявайки|ужасявания|ужасяващото|ужасявалия|ужасяваше|ужасявалите
нелегален	A	false		negative	true	false	false	0.0	0.0	нелегален|нелегални|нелегалната|нелегалния|нелегалният|нелегалните|нелегално|нелегална|нелегалното
импозантно	Adv	false			false	false	false	0.75	0.0	импозантно
обещаващ	A	false			false	false	false	0.75	0.0	обещаваме|обещавалият|обещаваният|обещаваща|обещаващите|обещаваха|обещават|обещаващи|обещавах|обещавай|обещавана|обещаваното|обещавахте|обещавалото|обещава|обещаващото|обещавал|обещавам|обещавахме|обещаващо|обещавала|обещаван|обещавани|обещавалия|обещавайки|обещавали|обещавания|обещавало|обещаваш|обещаващ|обещавалите|обещавано|обещаваните|обещаващият|обещаващия|обещаваше|обещаваната|обещавалата|обещавате|обещавайте|обещаващата
ферментируем	A	false			false	false	false	0.625	0.0	ферментируем
осакатя	V	true	disability	negative	false	false	false	0.0	0.0	осакатяла|осакати|осакатят|осакатилият|осакатях|осакатените|осакатеше|осакатите|осакатилия|осакатете|осакатеното|осакатил|осакатим|осакатяхме|осакатяхте|осакатихме|осакатяло|осакатилата|осакатял|осакатих|осакатиш|осакатиха|осакатилите|осакатеният|осакатила|осакатя|осакатихте|осакатена|осакатения|осакатили|осакатилото|осакатено|осакатени|осакатената|осакатели|осакатен|осакатило|осакатяха
трънлив	A	false			false	false	false	0.0	0.875	трънлива|трънливата|трънливо|трънливия|трънливи|трънлив|трънливият|трънливите|трънливото
побожна	A	true	religion	neutral	false	false	false	0.0	0.0	побожна
амилоидоза	N	true	disability		false	false	false	0.0	0.75	амилоидоза
с добро	Adv	false			false	false	false	0.75	0.0	с добро
разбиращ	A	false			false	false	false	0.625	0.0	разбиран|разбирам|разбирал|разбирайте|разбиращите|разбирате|разбиращото|разбирахте|разбираните|разбираме|разбиралите|разбираше|разбиращия|разбирало|разбираното|разбиралото|разбирани|разбирали|разбиралия|разбиращият|разбирано|разбирания|разбирана|разбиращо|разбирала|разбираният|разбиралият|разбираха|разбирайки|разбирахме|разбиращ|разбиращи|разбираш|разбирай|разбиращата|разбирах|разбира|разбират|разбираща|разбиралата|разбираната
невидимост	N	false			false	false	false	0.125	0.625	невидимостта|невидимост
отравяне с паракват	N	false			false	false	false	0.0	0.75	отравяне с паракват
унизителен	A	false			false	false	false	0.0	0.625	унизителна|унизителната|унизително|унизителното|унизителни|унизителният|унизителните|унизителен|унизителния
неподатлив	A	false			false	false	false	0.125	0.75	неподатлива|неподатливо|неподатливият|неподатливите|неподатливото|неподатливи|неподатливия|неподатливата|неподатлив
талантлив	A	false		positive	true	false	false	0.0	0.0	талантлив|талантливата|талантливи|талантливия|талантливо|талантливото|талантливият|талантливите|талантлива
остър респираторен дистрес синдром	N	true	disability		false	false	false	0.0	0.75	остър респираторен дистрес синдром
просветен	A	false			false	false	false	0.75	0.0	просветено|просветен|просветеният|просветените|просветената|просветена|просветеното|просветения|просветени
грим	N	true	appearance	neutral	false	false	false	0.0	0.0	гримът|гримове|грима|грим|гримовете
стационарен	A	false			false	false	false	0.0	0.625	стационарното|стационарно|стационарният|стационарна|стационарните|стационарен|стационарния|стационарни|стационарната
верноподаник	N	false		negative	true	true	false	0.0	0.0	верноподаници|верноподаникът|верноподаник|верноподаника|верноподаниците
грип	N	true	disability		false	false	false	0.625	0.125	грипът|грипа|грипове|гриповете|грип
женствен	A	true	gender	neutral	false	false	false	0.0	0.0	женственото|женствени|женствения|женствена|женствената|женствен|женственият|женствено|женствените
мошеник	N	false		negative	true	false	false	0.0	0.625	мошеник|мошеникът|мошеници|мошениците|мошеника
негодник	N	false		negative	true	false	false	0.0	0.0	негодници|негодник|негодникът|негодника|негодниците
рудиментарен	A	false			false	false	false	0.0	0.75	рудиментарна|рудиментарен|рудиментарния|рудиментарната|рудиментарни|рудиментарно|рудиментарното|рудиментарният|рудиментарните
морбиден	A	false			false	false	false	0.125	0.625	морбидната|морбидни|морбиден|морбидният|морбидните|морбидно|морбидното|морбидния|морбидна
несекретен	A	false			false	false	false	0.0	0.75	несекретен
вродена афибриногенемия	N	true	disability		false	false	false	0.0	0.625	вродена афибриногенемия
конфликтен	A	false			false	false	false	0.0	0.75	конфликтното|конфликтния|конфликтният|конфликтните|конфликтна|конфликтно|конфликтната|конфликтни|конфликтен
даровит	A	false		positive	false	false	false	0.0	0.0	даровити|даровития|даровитата|даровито|даровитото|даровит|даровитият|даровита|даровитите
неспособен човек	N	false			false	false	false	0.0	0.625	неспособен човек
остеит	N	true	disability		false	false	false	0.0	0.625	остеит
красавец	N	false	appearance	positive	true	false	false	0.0	0.0	красавец|красавецът|красавци|красавците|красавеца
неблагоприятен	A	false			false	false	false	0.0	0.75	неблагоприятното|неблагоприятен|неблагоприятният|неблагоприятните|неблагоприятни|неблагоприятния|неблагоприятно|неблагоприятна|неблагоприятната
антитеза	N	false			false	false	false	0.75	0.0	антитеза|антитезата|антитези|антитезите
подхлъзване	N	false			false	false	false	0.0	0.625	подхлъзвания|подхлъзването|подхлъзване|подхлъзванията
безбожна	A	true	religion	neutral	false	false	false	0.0	0.0	безбожен|безбожния|безбожното|безбожният|безбожните|безбожна|безбожната|безбожно|безбожни
недемократичен	A	false			false	false	false	0.0	0.625	недемократични|недемократичното|недемократичен|недемократичния|недемократична|недемократичният|недемократичните|недемократичната|недемократично
опасявам се	V	false			false	false	false	0.0	0.625	опасявам се
нетрудоспособен	A	false			false	false	false	0.0	0.75	нетрудоспособна|нетрудоспособно|нетрудоспособен|нетрудоспособната|нетрудоспособни|нетрудоспособното|нетрудоспособния|нетрудоспособният|нетрудоспособните
неустрашимост	N	false			false	false	false	0.125	0.75	неустрашимостта|неустрашимост
пищен	A	false			false	false	false	0.75	0.0	пищно|пищна|пищната|пищен|пищният|пищните|пищното|пищни|пищния
подвеждащ	A	false			false	false	false	0.125	0.75	подвеждало|подвеждано|подвеждахме|подвеждали|подвежданата|подвеждани|подвеждащите|подвеждалата|подвеждайте|подвеждащо|подвеждала|подвеждана|подвеждащи|подвеждай|подвеждащата|подвеждания|подвеждаха|подвежданият|подвеждалия|подвеждалият|подвеждаща|подвеждащия|подвежданото|подвеждалото|подвеждащият|подвеждаме|подвеждайки|подвеждат|подвеждате|подвеждах|подвеждаш|подвеждащ|подвеждаше|подвежда|подвеждал|подвеждам|подвежданите|подвеждалите|подвеждан|подвеждащото|подвеждахте
раздразнителност	N	false			false	false	false	0.0	0.75	раздразнителност|раздразнителността
отсрочване	N	false			false	false	false	0.0	0.75	отсрочвания|отсрочванията|отсрочването|отсрочване
фиктивен	A	false			false	false	false	0.625	0.0	фиктивно|фиктивни|фиктивен|фиктивното|фиктивният|фиктивните|фиктивния|фиктивна|фиктивната
фарисей	N	false		negative	true	false	false	0.0	0.0	фарисей|фарисея|фарисеите|фарисеят|фарисеи
безплътен	A	false			false	false	false	0.0	0.75	безплътен|безплътната|безплътна|безплътно|безплътния|безплътни|безплътният|безплътното|безплътните
генерализиран неконвулсивен припадък	N	false			false	false	false	0.0	0.625	генерализиран неконвулсивен припадък
съответстващ	A	false			false	false	false	0.625	0.0	съответствайки|съответстваме|съответстващия|съответствалите|съответстващ|съответстваш|съответстващото|съответствах|съответствате|съответствайте|съответствалия|съответстват|съответстваща|съответства|съответствам|съответстваха|съответствал|съответствалото|съответствай|съответстващият|съответствахме|съответствалият|съответствали|съответстващи|съответствахте|съответстващата|съответстващо|съответствала|съответствалата|съответстваше|съответстващите|съответствало
въртящ се	A	false			false	false	false	0.625	0.0	въртящ се
стар	A	true	appearance	neutral	false	false	false	0.0	0.75	стари|старата|старо|старото|стария|стар|стара|старият|старите
съучастник	N	false		negative	false	false	false	0.0	0.0	съучастникът|съучастниците|съучастници|съучастник|съучастника
разглезен	A	false			false	false	false	0.0	0.625	разглезен|разглезено|разглезена|разглезеното|разглезеният|разглезените|разглезени|разглезената|разглезения
забавен	A	false			false	false	false	0.75	0.0	забавената|забавни|забавения|забавеното|забавена|забавният|забавните|забавно|забавени|забавен|забавеният|забавените|забавното|забавната|забавено|забавна|забавния
поразявам	V	false			false	false	false	0.0	0.875	поразявало|поразявахте|поразявахме|поразявани|поразявалото|поразявали|поразяваното|поразяващата|поразявано|поразявате|поразяващият|поразявам|поразяваме|поразявал|поразяван|поразяваше|поразявалият|поразяват|поразяваният|поразявания|поразявах|поразяваш|поразяващото|поразявалия|поразяващ|поразяваща|поразява|поразявалата|поразяваната|поразяващия|поразявайте|поразявана|поразяващо|поразяващите|поразявала|поразяваха|поразявайки|поразявай|поразявалите|поразяваните|поразяващи
огорчавам	V	false			false	false	false	0.125	0.75	огорчавалите|огорчаваше|огорчавайки|огорчаваните|огорчавало|огорчавахме|огорчавалата|огорчавалото|огорчаваното|огорчаващите|огорчавате|огорчавал|огорчавам|огорчаващото|огорчаван|огорчавания|огорчаваме|огорчавалия|огорчават|огорчаваха|огорчавалият|огорчава|огорчавах|огорчаваният|огорчаващи|огорчавай|огорчаващата|огорчаващия|огорчаваща|огорчаваш|огорчаващ|огорчавахте|огорчаваната|огорчавани|огорчавали|огорчаващият|огорчавано|огорчавайте|огорчавана|огорчаващо|огорчавала
министър	N	true	gender	neutral	false	false	false	0.0	0.0	министри|министърът|министрите|министъра|министър
карпалентунел	N	false			false	false	false	0.0	0.625	карпалентунел
фаталистки	A	false			false	false	false	0.125	0.75	фаталистки|фаталистките|фаталистка|фаталистката
тежко положение	N	false			false	false	false	0.0	0.625	тежко положение
отслабване	N	true	appearance	neutral	false	false	false	0.0	0.0	отслабвания|отслабването|отслабване|отслабванията
хипоактивен	A	false			false	false	false	0.0	0.625	хипоактивен
жертва	N	false		negative	false	false	false	0.0	0.0	жертвите|жертвата|жертви|жертва
небоядисан	A	false			false	false	false	0.0	0.875	небоядисано|небоядисани|небоядисаното|небоядисания|небоядисаният|небоядисаните|небоядисана|небоядисаната|небоядисан
разчорлен	A	false			false	false	false	0.125	0.75	разчорлената|разчорлено|разчорлена|разчорленото|разчорленият|разчорлените|разчорлен|разчорлени|разчорления
бащинство	N	true	gender	neutral	false	false	false	0.0	0.0	бащинството|бащинство
неграматически	A	false			false	false	false	0.0	0.75	неграматическата|неграматическо|неграматическа|неграматическия|неграматическото|неграматически|неграматическият|неграматическите
млад	A	true	appearance	neutral	false	false	false	0.0	0.0	младия|младо|младата|млада|младият|младите|младото|млади|млад
китност	N	false			false	false	false	0.875	0.0	китност
македонец	N	true	race_ethnicity	neutral	false	false	false	0.0	0.0	македонец|македонците|македонци|македонеца|македонецът
инвалидизъм	N	false			false	false	false	0.0	0.875	инвалидизъм
разпечатан	A	false			false	false	false	0.0	0.625	разпечатан|разпечатана|разпечатания|разпечатано|разпечатаната|разпечатаното|разпечатани|разпечатаният|разпечатаните
елегантност	N	false			false	false	false	0.875	0.0	елегантността|елегантност
свирепост	N	false			false	false	false	0.0	0.625	свирепости|свирепостта|свирепостите|свирепост
родина	N	true	race_ethnicity	neutral	false	false	false	0.0	0.0	родини|родина|родините|родината
уравновесеност	N	false			false	false	false	0.125	0.625	уравновесеност|уравновесеността
хепатит	N	true	disability		false	false	false	0.0	0.625	хепатит|хепатита|хепатитът
благ	A	false			false	false	false	0.625	0.25	благия|благият|благите|благ|благи|благото|благата|благо|блага
непорочен	A	false			false	false	false	0.625	0.125	непорочният|непорочно|непорочните|непорочната|непорочна|непорочен|непорочния|непорочното|непорочни
проклет	A	false			false	false	false	0.25	0.75	проклета|проклетото|проклетия|проклето|проклет|проклетата|проклети|проклетият|проклетите
укорим	A	false			false	false	false	0.0	0.875	укореният|укорила|укорен|укорени|укорели|укорилото|укорили|укорено|укорилата|укорената|укорихме|укорил|укорим|укориха|укорилите|укоря|укорения|укорихте|укорена|укорял|укорените|укорите|укорих|укорят|укоряло|укорях|укориш|укоряха|укорило|укореното|укоряхте|укори|укорилия|укореше|укоряхме|укоряла|укорилият|укорете
непретенциозен	A	false			false	false	false	0.25	0.75	непретенциозно|непретенциозния|непретенциозната|непретенциозна|непретенциозен|непретенциозното|непретенциозни|непретенциозният|непретенциозните
народност	N	true	race_ethnicity	neutral	false	false	false	0.0	0.0	народностите|народността|народности|народност
неслучаен	A	false			false	false	false	0.0	0.625	неслучайно|неслучайна|неслучайната|неслучайни|неслучаен|неслучайния|неслучайният|неслучайните|неслучайното
доста	Adv	false			false	false	false	0.0	0.625	доста
търговски	A	false			false	false	false	0.0	0.75	търговски|търговския|търговско|търговска|търговският|търговските|търговското|търговската
превъзнасям	V	false		positive	false	false	false	0.0	0.0	превъзнасящо|превъзнасяла|превъзнасялото|превъзнасяни|превъзнасяното|превъзнасящия|превъзнасяли|превъзнасяно|превъзнасяло|превъзнасялият|превъзнасяния|превъзнасяният|превъзнасяше|превъзнасялия|превъзнася|превъзнасящият|превъзнасяте|превъзнасян|превъзнасяната|превъзнасям|превъзнасялата|превъзнасяме|превъзнасят|превъзнасях|превъзнасяйте|превъзнасящ|превъзнасяш|превъзнасяхме|превъзнасящото|превъзнасяхте|превъзнасялите|превъзнасяща|превъзнасящата|превъзнасяните|превъзнасяха|превъзнасящи|превъзнасяй|превъзнасящите|превъзнасял|превъзнасяна|превъзнасяйки
кротост	N	false			false	false	false	0.0	0.625	кротост|кротостта
естетичен	A	false			false	false	false	0.875	0.0	естетичното|естетични|естетичен|естетичния|естетична|естетичната|естетично|естетичният|естетичните
правилност	N	false			false	false	false	0.75	0.0	правилност|правилността
крушение	N	false			false	false	false	0.0	0.75	крушенията|крушения|крушението|крушение
нереализуем	A	false			false	false	false	0.0	0.75	нереализуеми|нереализуем|нереализуемия|нереализуемата|нереализуемият|нереализуемите|нереализуема|нереализуемото|нереализуемо
имигрирам	V	true	race_ethnicity	neutral	false	false	false	0.0	0.0	имигрираш|имигриралата|имигриращ|имигриращия|имигрираме|имигрираща|имигриращото|имигрирайте|имигрирай|имигриращи|имигриралия|имигрира|имигрираха|имигрирайки|имигриращите|имигриращо|имигрирала|имигриралите|имигрирали|имигрирахте|имигриращата|имигрирало|имигриралото|имигрирахме|имигрираше|имигрирам|имигрирал|имигриращият|имигрират|имигрирате|имигриралият|имигрирах
повсеместност	N	false			false	false	false	0.0	0.625	повсеместност
лъжовен	A	false			false	false	false	0.125	0.75	лъжовния|лъжовна|лъжовно|лъжовната|лъжовен|лъжовното|лъжовни|лъжовният|лъжовните
артериит на Такаясу	N	true	disability		false	false	false	0.0	0.625	
коварен	A	false		negative	true	false	false	0.25	0.75	коварното|коварни|коварно|коварната|коварният|коварните|коварна|коварния|коварен
биполярно афективно разстройство	N	true	disability		false	false	false	0.0	0.625	биполярно афективно разстройство
прост	A	false			false	false	false	0.25	0.625	простия|просто|простото|простият|проста|простите|прост|простата|прости
нашенец	N	false	race_ethnicity	positive	false	false	false	0.0	0.0	нашенците|нашенеца|нашенец|нашенецът|нашенци
популярност	N	false			false	false	false	0.625	0.0	популярността|популярност
технически нокаут	N	false			false	false	false	0.0	0.625	технически нокаут
самосъжаление	N	false			false	false	false	0.125	0.75	самосъжаление|самосъжалението
граждански отряд	N	false			false	false	false	0.0	0.625	граждански отряд
зловещ	A	false			false	false	false	0.25	0.75	зловеща|зловещ|зловещо|зловещото|зловещият|зловещите|зловещи|зловещата|зловещия
контактен	A	false			false	false	false	0.75	0.0	контактния|контактна|контактно|контактен|контактната|контактни|контактното|контактният|контактните
стегнат	A	false			false	false	false	0.875	0.0	стегната|стегнат|стегнатия|стегнатият|стегнатите|стегнатото|стегнато|стегнатата|стегнати
майка	N	true	gender	neutral	false	false	false	0.0	0.0	майка|майко|майките|майката|майки
фиксиран фагоцит	N	false			false	false	false	0.0	0.625	фиксиран фагоцит
безперспективен	A	false			false	false	false	0.0	0.625	безперспективно|безперспективното|безперспективния|безперспективна|безперспективен|безперспективната|безперспективни|безперспективният|безперспективните
самонадеян	A	false		negative	true	false	false	0.75	0.0	самонадеяното|самонадеяни|самонадеян|самонадеяно|самонадеяна|самонадеяния|самонадеяният|самонадеяните|самонадеяната
авгиеви обори	N	false			false	false	false	0.0	0.75	авгиеви обори
ламблиаза	N	false			false	false	false	0.0	0.625	ламблиаза
хипобеталипопротеинемия	N	true	disability		false	false	false	0.0	0.75	хипобеталипопротеинемия
подигравам се	V	false			false	false	false	0.125	0.625	подигравам се
респект	N	false			false	false	false	0.75	0.0	респект|респекта|респектът
неуместност	N	false			false	false	false	0.75	0.0	неуместност|неуместността
синергично	Adv	false			false	false	false	0.625	0.0	синергично
хрисимост	N	false			false	false	false	0.0	0.625	хрисимост|хрисимостта
тендинит	N	true	disability		false	false	false	0.0	0.625	тендинит
отчетлив	A	false			false	false	false	0.125	0.875	отчетлив|отчетливи|отчетливата|отчетливият|отчетливите|отчетливото|отчетливия|отчетлива|отчетливо
отрепка	N	false	appearance		true	true	false	0.0	0.0	отрепка|отрепките|отрепката|отрепки
секси	A	false			false	false	false	0.625	0.0	секси
какофоничен	A	false			false	false	false	0.0	0.625	какофоничен
трезвен	A	false			false	false	false	0.0	0.625	трезвени|трезвената|трезвено|трезвена|трезвеното|трезвения|трезвеният|трезвените|трезвен
умиротворителен	A	false			false	false	false	0.375	0.625	умиротворителни|умиротворителната|умиротворителният|умиротворително|умиротворителното|умиротворителните|умиротворителна|умиротворителния|умиротворителен
ненаучно	Adv	false			false	false	false	0.0	0.625	ненаучно
възпитан	A	false			false	false	false	0.75	0.0	възпитаме|възпитате|възпиталото|възпиташе|възпитаното|възпиташ|възпита|възпитало|възпиталия|възпитано|възпитания|възпитаният|възпиталият|възпитали|възпитани|възпитам|възпитан|възпитал|възпиталата|възпитала|възпитахте|възпитана|възпитах|възпитаната|възпитат|възпитай|възпитахме|възпитаха|възпитайте|възпитаните|възпиталите
приятелка	N	true	gender	neutral	false	false	false	0.0	0.0	приятелка|приятелката|приятелки|приятелките
незаинтересованост	N	false			false	false	false	0.0	0.75	незаинтересованост|незаинтересоваността
игривост	N	false			false	false	false	0.625	0.0	игривост|игривостта
покрит с рани	A	false			false	false	false	0.0	0.625	покрит с рани
нодозен периартериит	N	true	disability		false	false	false	0.0	0.625	нодозен периартериит
способен	A	false		positive	false	false	false	0.0	0.0	способно|способна|способния|способен|способното|способните|способният|способни|способната
едновалентен	A	false			false	false	false	0.0	0.75	едновалентно|едновалентни|едновалентен|едновалентния|едновалентната|едновалентна|едновалентното|едновалентният|едновалентните
нажежен	A	false			false	false	false	0.25	0.625	нажеженото|нажеженият|нажежените|нажежени|нажежен|нажежена|нажежения|нажежената|нажежено
съчувствие	N	false			false	false	false	0.0	0.625	съчувствия|съчувствията|съчувствието|съчувствие
измамлив	A	false			false	false	false	0.125	0.75	измамливото|измамлив|измамливият|измамливите|измамливи|измамливия|измамлива|измамливата|измамливо
непубликуем	A	false			false	false	false	0.25	0.75	непубликуем
ненавременен	A	false			false	false	false	0.0	0.75	ненавременния|ненавременният|ненавременни|ненавременните|ненавременен|ненавременното|ненавременната|ненавременна|ненавременно
благочестие	N	false	religion	positive	false	false	false	0.0	0.0	благочестието|благочестие
немаркиран	A	false			false	false	false	0.0	0.75	немаркирани|немаркирана|немаркиран|немаркираната|немаркирания|немаркирано|немаркираният|немаркираното|немаркираните
благочестив	A	true	religion	positive	false	false	false	0.625	0.0	благочестива|благочестиво|благочестивата|благочестиви|благочестивия|благочестивото|благочестивият|благочестивите|благочестив
плевродиния	N	false			false	false	false	0.0	0.625	плевродиния
херцогски	A	false			false	false	false	0.75	0.0	херцогски|херцогската|херцогско|херцогския|херцогското|херцогският|херцогските|херцогска
оживено	Adv	false			false	false	false	0.625	0.0	оживено
менингит	N	true	disability		false	false	false	0.0	0.625	менингитът|менингит|менингита
епилептичен гърч	N	false			false	false	false	0.0	0.625	епилептичен гърч
въшки	N	false			false	false	false	0.0	0.75	въшка|въшката|въшки|въшките
неблагодатен	A	false			false	false	false	0.125	0.625	неблагодатната|неблагодатни|неблагодатно|неблагодатното|неблагодатния|неблагодатният|неблагодатните|неблагодатна|неблагодатен
нисшестоящ	N	false			false	false	false	0.0	0.75	нисшестоящ
алголания	N	false			false	false	false	0.0	0.625	алголания
закрит	A	false			false	false	false	0.0	0.625	закрит|закрити|закрития|закритата|закрито|закрита|закритото|закритият|закритите
златен стандарт	N	false			false	false	false	0.75	0.0	златен стандарт
католик	N	true	religion	neutral	false	false	false	0.0	0.0	католика|католик|католици|католикът|католиците
погрешност	N	false			false	false	false	0.125	0.75	погрешността|погрешност
алгидност	N	false			false	false	false	0.75	0.25	алгидност
натравяне с паракват	N	false			false	false	false	0.0	0.75	натравяне с паракват
кератодерма бленорагика	N	false			false	false	false	0.0	0.75	кератодерма бленорагика
обобщен	A	false			false	false	false	0.0	0.75	обобщени|обобщен|обобщеното|обобщеният|обобщена|обобщените|обобщения|обобщената|обобщено
комплиментирам	V	false		positive	false	false	false	0.0	0.0	комплиментирам
печално известен	A	false			false	false	false	0.0	0.875	печално известен
обратен	A	false			false	false	false	0.75	0.125	обратния|обратната|обратни|обратна|обратно|обратен|обратното|обратният|обратните
нечестно	Adv	false		negative	false	false	false	0.0	0.0	нечестно
очуждаващ	A	false			false	false	false	0.0	0.75	очуждаващ
ядосаност	N	false			false	false	false	0.0	1.0	ядосаност
богохулнически	A	false			false	false	false	0.0	0.75	богохулнически
просташки	A	false		negative	true	true	false	0.25	0.625	просташкото|просташкият|просташките|просташки|просташка|просташката|просташко|просташкия
горделив	A	false		negative	true	false	false	0.0	0.0	горделив|горделиви|горделиво|горделивия|горделивият|горделивите|горделива|горделивата|горделивото
ефирен	A	false			false	false	false	0.625	0.25	ефирна|ефирната|ефирно|ефирен|ефирния|ефирни|ефирният|ефирните|ефирното
некомпресируем	A	false			false	false	false	0.0	0.625	некомпресируем
нечуващ	A	false			false	false	false	0.0	0.625	нечуващ
разсърдвам	V	false			false	false	false	0.0	0.625	разсърдващият|разсърдвате|разсърдва|разсърдваш|разсърдващ|разсърдваме|разсърдвах|разсърдвалите|разсърдват|разсърдваният|разсърдвахме|разсърдващата|разсърдвало|разсърдвано|разсърдвайки|разсърдвахте|разсърдваше|разсърдвайте|разсърдвалата|разсърдващо|разсърдвала|разсърдващите|разсърдвана|разсърдваната|разсърдващи|разсърдвай|разсърдвали|разсърдвани|разсърдвалият|разсърдващия|разсърдваните|разсърдвам|разсърдван|разсърдващото|разсърдвал|разсърдваха|разсърдвания|разсърдваща|разсърдвалия|разсърдвалото|разсърдваното
подиграя	V	false			false	false	false	0.125	0.625	подиграе|подиграеха|подигран|подигралият|подиграл|подиграеш|подиграех|подиграела|подиграехме|подиграния|подиграният|подигралия|подиграели|подиграел|подиграем|подигра|подиграехте|подиграло|подиграело|подиграно|подиграното|подиграли|подигралото|подиграни|подиграеше|подиграла|подигралите|подиграете|подиграят|подиграна|подиграй|подиграх|подиграните|подиграйте|подиграха|подиграя|подиграхме|подигралата|подиграната|подиграхте
депигментация	N	true	disability		false	false	false	0.0	0.625	депигментация
желан	A	false			false	false	false	0.625	0.0	желани|желания|желаният|желано|желаните|желан|желана|желаното|желаната
поличбен	A	false			false	false	false	0.625	0.375	поличбената|поличбени|поличбеният|поличбените|поличбеното|поличбения|поличбен|поличбено|поличбена
дивашки	A	false			false	false	false	0.25	0.625	дивашката|дивашко|дивашка|дивашки|дивашкото|дивашкия|дивашкият|дивашките
нечистоплътен	A	false			false	false	false	0.625	0.0	нечистоплътното|нечистоплътният|нечистоплътните|нечистоплътна|нечистоплътно|нечистоплътния|нечистоплътната|нечистоплътни|нечистоплътен
бактериологична война	N	false			false	false	false	0.0	0.625	бактериологична война
резервиран	A	false			false	false	false	0.875	0.0	резервирано|резервирана|резервираната|резервираният|резервираните|резервирания|резервираното|резервирани|резервиран
хлабавост	N	false			false	false	false	0.75	0.25	хлабавостта|хлабавост
високо	Adv	false			false	false	false	0.625	0.0	високо
силен	A	false		positive	false	false	false	0.125	0.875	силен|силни|силно|силна|силната|силният|силните|силния|силното
бедняшки	A	false			false	false	false	0.0	0.625	бедняшкото|бедняшкият|бедняшките|бедняшки|бедняшкия|бедняшко|бедняшка|бедняшката
съчувствен	A	false		positive	false	false	false	0.125	0.625	съчувствената|съчувствени|съчувствен|съчувствения|съчувствена|съчувствено|съчувственото|съчувственият|съчувствените
мъдро	Adv	false		positive	false	false	false	0.0	0.0	мъдро
лош	A	false			false	false	false	0.0	0.875	лошата|лош|лошо|лошия|лоша|лошият|лошите|лошото|лоши
конгениален	A	false			false	false	false	0.75	0.0	конгениалния|конгениални|конгениалната|конгениален|конгениалният|конгениалното|конгениалните|конгениална|конгениално
неблагозвучен	A	false			false	false	false	0.0	0.625	неблагозвучния|неблагозвучно|неблагозвучната|неблагозвучна|неблагозвучното|неблагозвучният|неблагозвучните|неблагозвучен|неблагозвучни
харесвам се	V	false			false	false	false	0.625	0.0	харесвам се
американец	N	true	race_ethnicity	neutral	false	false	false	0.0	0.0	американец|американците|американеца|американецът|американци
надзъртане	N	false			false	false	false	0.0	0.625	надзъртането|надзъртане|надзъртанията|надзъртания
користолюбив	A	false		negative	false	false	false	0.0	0.0	користолюбиви|користолюбивото|користолюбивият|користолюбивите|користолюбив|користолюбивия|користолюбивата|користолюбиво|користолюбива
неподкупен	A	false			false	false	false	0.75	0.25	неподкупния|неподкупният|неподкупни|неподкупните|неподкупното|неподкупен|неподкупна|неподкупно|неподкупната
мимически	A	false			false	false	false	0.625	0.0	мимическия|мимическа|мимическата|мимическият|мимическите|мимическото|мимически|мимическо
искан	A	false			false	false	false	0.625	0.0	искахме|искали|иска|искани|искахте|искащо|искала|искащата|искана|искат|искащи|искай|исках|искаха|искащ|искащият|искаща|искаш|искалият|искащия|исканият|искаме|искайки|искащото|искания|искан|искайте|искалото|искате|искалия|искал|искам|исканото|исканата|искаше|искалата|искащите|искало|искалите|искано|исканите
неприсъстващ	N	false			false	false	false	0.0	0.625	неприсъстващата|неприсъстващи|неприсъстващото|неприсъстващият|неприсъстващите|неприсъстваща|неприсъстващо|неприсъстващия|неприсъстващ
разпуснатост	N	false			false	false	false	0.25	0.625	разпуснатостта|разпуснатост
вял	A	false		negative	false	false	false	0.25	0.625	вялото|велия|вялата|вяло|вели|велият|велите|вяла|вял
анаероб	N	false			false	false	false	0.0	0.625	анаеробът|анаеробите|анаероба|анаероб|анаероби
добри обноски	N	false			false	false	false	0.875	0.0	добри обноски
потвърдим	A	false			false	false	false	0.625	0.0	потвърденият|потвърдилите|потвърдиха|потвърден|потвърдена|потвърдила|потвърдя|потвърдилия|потвърдилата|потвърдяло|потвърденото|потвърдях|потвърдяхте|потвърдяхме|потвърдят|потвърдих|потвърдените|потвърдеше|потвърдиш|потвърдилият|потвърдял|потвърдяла|потвърдете|потвърдихме|потвърдите|потвърдил|потвърдим|потвърдели|потвърдени|потвърдили|потвърдената|потвърдилото|потвърдено|потвърдихте|потвърди|потвърдяха|потвърдения|потвърдило
ръководно решение на съдия	N	false			false	false	false	0.0	0.625	ръководно решение на съдия
елегантно	Adv	false		positive	false	false	false	0.0	0.0	елегантно
вълнист	A	false			false	false	false	0.125	0.625	вълнисто|вълнисти|вълнист|вълнистата|вълнистият|вълнистите|вълнистия|вълниста|вълнистото
завист	N	false			false	false	false	0.625	0.0	завист|завистта
неприличен	A	false			false	false	false	0.75	0.0	неприлична|неприлично|неприличната|неприлични|неприличен|неприличния|неприличният|неприличното|неприличните
романтизъм	N	false			false	false	false	0.625	0.125	романтизма|романтизъм|романтизмът
благоприятен	A	false			false	false	false	0.625	0.0	благоприятен|благоприятния|благоприятната|благоприятни|благоприятното|благоприятният|благоприятните|благоприятно|благоприятна
възраст	N	true	appearance	neutral	false	false	false	0.0	0.0	възраст|възрастите|възрасти|възрастта
нечестие	N	false	religion	negative	false	false	false	0.0	0.0	нечестие|нечестието|нечестия|нечестията
пълен	A	true	appearance	neutral	false	false	false	0.875	0.0	пълен|пълни|пълното|пълния|пълният|пълните|пълната|пълно|пълна
достопочтеност	N	false			false	false	false	0.875	0.0	достопочтеност
злоупотребяване	N	false			false	false	false	0.0	0.625	злоупотребявания|злоупотребяване|злоупотребяванията|злоупотребяването
болест на Шпилмайер-Фогт	N	true	disability		false	false	false	0.0	0.625	
опърничав	A	false		negative	true	false	false	0.25	0.75	опърничаво|опърничав|опърничавото|опърничавият|опърничавите|опърничавата|опърничави|опърничавия|опърничава
нечестив	A	false	religion	negative	true	false	false	0.0	0.75	нечестивият|нечестивите|нечестивото|нечестив|нечестиво|нечестивата|нечестива|нечестивия|нечестиви
захарна болест	N	true	disability		false	false	false	0.0	0.625	захарна болест
неблагозвучие	N	false			false	false	false	0.0	0.75	неблагозвучия|неблагозвучията|неблагозвучие|неблагозвучието
нараняващ	A	false			false	false	false	0.0	0.75	наранявано|нараняваното|наранявахте|наранявалото|нараняващият|наранявало|наранявали|нараняваш|нараняващ|наранявахме|наранявах|нараняваните|нараняващото|нараняват|наранявалите|наранявана|наранявай|наранявал|наранявам|нараняван|нараняващи|наранявалия|наранявани|нараняващо|наранявала|нараняващите|нараняваната|наранявалата|наранявания|нараняващия|нараняваха|нараняваща|нараняваният|наранявате|наранявалият|нараняваше|наранявайки|нараняваме|наранявайте|нараняващата|наранява
боя се	V	false			false	false	false	0.0	0.625	боя се
грабвам	V	false		negative	false	false	false	0.0	0.0	грабвате|грабващ|грабваш|грабващата|грабвах|грабваше|грабваният|грабвахте|грабвалият|грабват|грабващите|грабван|грабвам|грабвало|грабвал|грабвано|грабваното|грабвали|грабвалото|грабвани|грабвахме|грабващо|грабвала|грабващото|грабвана|грабвания|грабващи|грабвай|грабваните|грабвалите|грабваха|грабва|грабващият|грабваща|грабвалия|грабвайки|грабваната|грабвалата|грабваме|грабвайте|грабващия
измамнически	A	false			false	false	false	0.0	0.625	измамническата|измамническия|измамническият|измамническо|измамническите|измамническа|измамническото|измамнически
батко	N	false	gender	positive	false	false	true	0.0	0.0	баткото|батковци|батковците|батко
прилежен	A	false		positive	false	false	false	0.625	0.0	прилежния|прилежни|прилежно|прилежна|прилежният|прилежното|прилежните|прилежната|прилежен
подозрение	N	false			false	false	false	0.0	0.625	подозрения|подозрението|подозрение|подозренията
изящество	N	false			false	false	false	0.75	0.0	изящество|изяществото
вяла парализа	N	true	disability		false	false	false	0.0	0.625	вяла парализа
духовитост	N	false			false	false	false	0.625	0.125	духовитостите|духовитости|духовитостта|духовитост
неумолим	A	false			false	false	false	0.0	0.75	неумолим|неумолимия|неумолими|неумолимият|неумолимо|неумолимите|неумолимото|неумолима|неумолимата
буен	A	false			false	false	false	0.0	0.625	буен|буйната|буйно|буйна|буйният|буйните|буйното|буйния|буйни
грък	N	true	race_ethnicity	neutral	false	false	false	0.0	0.0	грък|гръкът|гърците|гръка|гърци
миопатия	N	true	disability		false	false	false	0.125	0.75	миопатия
неимоверен	A	false			false	false	false	0.0	0.75	неимоверната|неимоверния|неимоверна|неимоверният|неимоверно|неимоверното|неимоверните|неимоверен|неимоверни
бременност	N	true	gender	neutral	false	false	false	0.0	0.0	бременностите|бременности|бременността|бременност
бронхитен	A	false			false	false	false	0.0	0.625	бронхитно|бронхитната|бронхитния|бронхитна|бронхитното|бронхитният|бронхитните|бронхитен|бронхитни
неплавателен	A	false			false	false	false	0.625	0.0	неплавателният|неплавателните|неплавателната|неплавателно|неплавателния|неплавателни|неплавателното|неплавателен|неплавателна
целомъдрен	A	false			false	false	false	0.625	0.125	целомъдрената|целомъдрени|целомъдрения|целомъдрено|целомъдрен|целомъдрена|целомъдреният|целомъдрените|целомъдреното
разумно	Adv	false		positive	false	false	false	0.0	0.0	разумно
санитаризация	N	false			false	false	false	0.625	0.0	санитаризация
явен	A	false			false	false	false	0.625	0.0	явно|явна|явната|явни|явният|явните|явното|явен|явния
значим	A	false			false	false	false	0.875	0.0	значимата|значимия|значимият|значимите|значими|значимото|значима|значим|значимо
асимилиращ	A	false			false	false	false	0.0	0.75	асимилирайте|асимилиралата|асимилираща|асимилираните|асимилираната|асимилираха|асимилиращия|асимилиращите|асимилирайки|асимилиращи|асимилирай|асимилирате|асимилиралият|асимилираме|асимилиращата|асимилиралия|асимилирания|асимилирано|асимилирало|асимилирал|асимилирам|асимилиран|асимилираният|асимилираше|асимилиращият|асимилираш|асимилиращ|асимилирана|асимилирахте|асимилиращо|асимилирала|асимилирахме|асимилираното|асимилиралите|асимилиралото|асимилират|асимилирани|асимилирали|асимилирах|асимилира|асимилиращото
покварен	A	false			false	false	false	0.375	0.625	покварен|покварено|покварени|поквареното|покварената|покварения|покварена|поквареният|покварените
национален	A	true	race_ethnicity	neutral	false	false	false	0.0	0.0	национален|националният|националните|националното|национално|националния|национална|националната|национални
халюцинация	N	true	disability		false	false	false	0.125	0.625	халюцинациите|халюцинация|халюцинацията|халюцинации
безразличен	A	false			false	false	false	0.125	0.625	безразлично|безразличното|безразличният|безразличните|безразличната|безразлични|безразличен|безразличния|безразлична
изнервящ	A	false			false	false	false	0.625	0.0	изнервяни|изнервяли|изнервях|изнервят|изнервяно|изнервялият|изнервяло|изнервяният|изнервям|изнервящите|изнервян|изнервящия|изнервял|изнервяше|изнервящото|изнервяте|изнервялия|изнервяния|изнервялото|изнервя|изнервяното|изнервяме|изнервяхте|изнервялите|изнервяйки|изнервяните|изнервяхме|изнервяща|изнервящият|изнервяха|изнервящи|изнервяй|изнервялата|изнервяш|изнервяна|изнервяната|изнервящ|изнервящо|изнервяла|изнервяйте|изнервящата
хипертрофна кардиомиопатия	N	true	disability		false	false	false	0.0	0.75	хипертрофна кардиомиопатия
свободна жена	N	false			false	false	false	0.0	0.625	свободна жена
несъстоятелен	A	false			false	false	false	0.0	0.75	несъстоятелната|несъстоятелни|несъстоятелно|несъстоятелното|несъстоятелният|несъстоятелните|несъстоятелния|несъстоятелна|несъстоятелен
будистка	N	true	religion	neutral	false	false	false	0.0	0.0	будистка|будистките|будистката|будистки
трогателен	A	false			false	false	false	0.625	0.0	трогателното|трогателният|трогателни|трогателните|трогателен|трогателната|трогателния|трогателна|трогателно
строг	A	false			false	false	false	0.0	0.875	строга|строг|строгият|строго|строгите|строгото|строги|строгата|строгия
ерготизъм	N	true	disability		false	false	false	0.0	0.75	ерготизъм
непреметен	A	false			false	false	false	0.0	0.75	непреметен
несъбираем	A	false			false	false	false	0.0	0.75	несъбираема|несъбираем|несъбираемото|несъбираемо|несъбираемата|несъбираеми|несъбираемия|несъбираемият|несъбираемите
як	A	false		positive	false	false	true	0.0	0.0	яката|якият|яко|яките|яка|якия|як|якото|яки
несъответствие	N	false			false	false	false	0.125	0.875	несъответствията|несъответствия|несъответствие|несъответствието
стилно	Adv	false		positive	false	false	false	0.0	0.0	стилно
македонка	N	true	race_ethnicity	neutral	false	false	false	0.0	0.0	македонки|македонките|македонката|македонка
чуждоземец	N	false	race_ethnicity	negative	false	false	false	0.0	0.0	чуждоземеца|чуждоземец|чуждоземци|чуждоземците|чуждоземецът
затвореност	N	false			false	false	false	0.125	0.75	затвореността|затвореност
луд	A	false		negative	true	false	false	0.0	0.0	луди|лудата|лудото|лудият|лудите|луда|луд|лудия|лудо
лошотия	N	false			false	false	false	0.0	0.875	лошотии|лошотията|лошотиите|лошотия
Синдром на Титце	N	true	disability		false	false	false	0.0	0.875	
оригиналност	N	false			false	false	false	0.0	0.625	оригиналностите|оригиналността|оригиналност|оригиналности
оптимистичен	A	false			false	false	false	0.625	0.0	оптимистичната|оптимистична|оптимистичният|оптимистичните|оптимистично|оптимистичното|оптимистичен|оптимистични|оптимистичния
гладен	A	false			false	false	false	0.125	0.75	гладна|гладната|гладеният|гладените|гладното|гладения|гладен|гладена|гладеното|гладени|гладно|гладният|гладните|гладената|гладни|гладено|гладния
изчерпателен	A	false			false	false	false	0.875	0.0	изчерпателното|изчерпателният|изчерпателните|изчерпателна|изчерпателно|изчерпателния|изчерпателната|изчерпателни|изчерпателен
фея	N	false			false	false	false	0.625	0.0	феи|феята|феите|фея
аматьор	N	false			false	false	false	0.0	0.625	аматьори|аматьорите|аматьорът|аматьора|аматьор
женски	A	true	gender	neutral	false	false	false	0.0	0.0	женското|женската|женският|женските|женския|женска|женско|женски
негранулиран	A	false			false	false	false	0.0	0.625	негранулиран
удовлетворен	A	false			false	false	false	0.625	0.0	удовлетворен|удовлетворено|удовлетворения|удовлетворена|удовлетворената|удовлетвореното|удовлетворени|удовлетвореният|удовлетворените
човек, който се присъединява към група	N	false			false	false	false	0.0	0.625	човек, който се присъединява към група
съчувстващ	A	false			false	false	false	0.125	0.625	съчувствате|съчувстващото|съчувствахте|съчувствалите|съчувстваше|съчувствайки|съчувствало|съчувстващите|съчувствалата|съчувствали|съчувствахме|съчувствайте|съчувстващата|съчувстващо|съчувствала|съчувстващи|съчувствай|съчувствал|съчувствалият|съчувстваха|съчувстваща|съчувствалия|съчувства|съчувстващият|съчувствалото|съчувствах|съчувстваш|съчувстващ|съчувствам|съчувстваме|съчувстват|съчувстващия
прекомерен	A	false			false	false	false	0.0	0.75	прекомерни|прекомерният|прекомерните|прекомерното|прекомерна|прекомерния|прекомерно|прекомерен|прекомерната
неинвазивен	A	false			false	false	false	0.0	0.625	неинвазивен
неразумност	N	false			false	false	false	0.875	0.0	неразумност|неразумността
безнадежден	A	false			false	false	false	0.0	0.75	безнадежден|безнадеждната|безнадеждното|безнадеждният|безнадеждните|безнадеждна|безнадеждно|безнадеждния|безнадеждни
домакин	N	true	gender	neutral	false	false	false	0.0	0.0	домакин|домакини|домакините|домакина|домакинът
поверителен	A	false			false	false	false	0.625	0.125	поверителен|поверителна|поверителния|поверителната|поверителният|поверителните|поверително|поверителното|поверителни
отстраним	A	false			false	false	false	0.625	0.0	отстраним|отстраними|отстранимото|отстранимият|отстранимите|отстранимия|отстранимата|отстранима|отстранимо
мръщене	N	false			false	false	false	0.0	0.625	мръщене|мръщенето
невеж	N	false		negative	true	false	false	0.0	0.0	невежото|невежия|невежи|невеж|невежо|невежата|невежият|невежите|невежа
немота	N	false			false	false	false	0.0	0.75	немота|немотата
плачлив	A	false			false	false	false	0.25	0.625	плачливото|плачливият|плачливите|плачливата|плачливо|плачлива|плачлив|плачливия|плачливи
прокълнат	A	false			false	false	false	0.25	0.75	прокълналият|проклелото|прокълнели|проклетата|прокълната|прокълнатото|прокълнат|прокълнахме|прокълнах|проклелия|прокълналото|проклелите|прокълнати|проклехме|прокълняла|проклеха|прокълнеше|прокълнато|прокълнатите|прокълнем|прокълняло|проклето|прокълнеш|прокълнатия|проклелият|прокълнял|проклета|прокле|прокълни|прокълнала|проклетото|проклетия|прокълнатият|проклети|прокълна|прокълнали|проклетите|прокълняхте|прокълне|проклели|прокълнахте|прокълнало|прокълняха|проклело|прокълнях|проклехте|проклел|проклела|проклет|проклетият|прокълнете|проклех|прокълналите|прокълналия|прокълнаха|проклелата|прокълнатата|прокълнал|прокълналата|прокълняхме
неуправляем	A	false			false	false	false	0.0	0.75	неуправляемата|неуправляеми|неуправляемото|неуправляемия|неуправляемият|неуправляемите|неуправляемо|неуправляема|неуправляем
стрелкам се	V	false			false	false	false	0.0	0.625	стрелкам се
нецивилизован	A	false			false	false	false	0.0	0.625	нецивилизована|нецивилизован|нецивилизованата|нецивилизованият|нецивилизовано|нецивилизованите|нецивилизовани|нецивилизованото|нецивилизования
нацист	N	false		negative	true	false	false	0.0	0.0	нациста|нацистът|нацист|нацисти|нацистите
дефектен	A	true	disability	negative	false	false	false	0.0	0.0	дефектния|дефектната|дефектният|дефектно|дефектните|дефектна|дефектен|дефектни|дефектното
смутен	A	false			false	false	false	0.0	0.75	смутената|смутени|смутеният|смутените|смутеното|смутено|смутен|смутена|смутения
горчив	A	false			false	false	false	0.0	0.875	горчивото|горчивият|горчиви|горчивите|горчивия|горчива|горчив|горчиво|горчивата
морален	A	false		positive	false	false	false	0.625	0.125	морална|моралното|моралният|моралните|морално|морални|моралния|морален|моралната
агонизиращ	A	false			false	false	false	0.25	0.75	агонизираше|агонизиращия|агонизиралата|агонизиращите|агонизирате|агонизирали|агонизиралия|агонизиралите|агонизиращ|агонизираш|агонизиращото|агонизирало|агонизирай|агонизирах|агонизиращи|агонизират|агонизираха|агонизиралото|агонизирайки|агонизирахме|агонизиращо|агонизирала|агонизирам|агонизирал|агонизиращият|агонизирахте|агонизира|агонизирайте|агонизираме|агонизиралият|агонизираща|агонизиращата
всеобхватност	N	false			false	false	false	0.0	0.625	всеобхватност|всеобхватността
матов	A	false			false	false	false	0.0	0.625	матов|матови|матовия|матовата|матова|матово|матовото|матовият|матовите
астматичен статус	N	true	disability		false	false	false	0.0	0.75	астматичен статус
лукавство	N	false			false	false	false	0.25	0.625	лукавства|лукавствата|лукавство|лукавството
антибактериален	A	false			false	false	false	0.625	0.0	антибактериалния|антибактериална|антибактериален|антибактериалната|антибактериални|антибактериалният|антибактериалните|антибактериално|антибактериалното
прашасал	A	false			false	false	false	0.0	0.75	прашасал
покоряващ	A	false			false	false	false	0.625	0.125	покоряващата|покоряваният|покорявано|покорявало|покоряваше|покорявахме|покоряващо|покорявала|покорявалото|покоряваното|покорявахте|покоряващите|покорявана|покорявали|покорявалите|покорявани|покорява|покоряваните|покоряваща|покорявайки|покоряващото|покоряваш|покоряващ|покорявайте|покоряващи|покорявах|покорявай|покоряват|покорявалата|покоряваха|покоряващия|покоряваната|покорявам|покоряван|покорявал|покорявате|покоряващият|покорявания|покоряваме|покорявалият|покорявалия
публикуем	A	false			false	false	false	0.625	0.0	публикуем
хаджийка	N	true	religion	neutral	false	false	false	0.0	0.0	хаджийка|хаджийки|хаджийките|хаджийката
нечестен	A	false		negative	true	false	false	0.25	0.75	нечестното|нечестният|нечестните|нечестния|нечестни|нечестен|нечестната|нечестно|нечестна
телосложение	N	true	appearance	neutral	false	false	false	0.0	0.0	телосложения|телосложенията|телосложението|телосложение
непризнат	A	false			false	false	false	0.125	0.75	непризната|непризнатото|непризнатия|непризнатата|непризнатият|непризнатите|непризнати|непризнато|непризнат
грубиянски	A	false			false	false	false	0.25	0.625	грубиянската|грубиянски|грубиянска|грубиянския|грубиянското|грубиянският|грубиянските|грубиянско
неординарен	A	false			false	false	false	0.25	0.625	неординарното|неординарен|неординарно|неординарният|неординарна|неординарните|неординарната|неординарния|неординарни
младолик	A	true	appearance	neutral	false	false	false	0.0	0.0	младолико|младолика|младолик|младоликия|младоликата|младоликият|младоликите|младоликото|младолики
велик	A	false		positive	false	false	false	0.0	0.0	великия|великата|велик|великият|велики|великите|великото|велика|велико
дистимия	N	true	disability		false	false	false	0.0	0.625	дистимия
достижим	A	false			false	false	false	0.625	0.0	достижимо|достижимото|достижимият|достижимите|достижима|достижим|достижими|достижимата|достижимия
Откровение на свети Йоан Богослов	N	false			false	false	false	0.625	0.0	
безхарактерност	N	false			false	false	false	0.375	0.625	безхарактерност|безхарактерността
аутизъм	N	true	disability	neutral	false	false	false	0.0	0.0	аутизъм
неудачност	N	false			false	false	false	0.0	0.625	неудачността|неудачност
разгулен	A	false			false	false	false	0.375	0.625	разгулният|разгулните|разгулното|разгулно|разгулна|разгулната|разгулния|разгулен|разгулни
незаинтересуван	A	false			false	false	false	0.0	0.625	незаинтересувания|незаинтересувана|незаинтересуваната|незаинтересувано|незаинтересуваният|незаинтересуваните|незаинтересуваното|незаинтересуван|незаинтересувани
нечувствителен	A	false		negative	false	false	false	0.0	0.75	нечувствително|нечувствителна|нечувствителния|нечувствителни|нечувствителният|нечувствителното|нечувствителните|нечувствителната|нечувствителен
тщеславен	A	false		negative	true	false	false	0.0	0.0	тщеславен|тщеславното|тщеславни|тщеславния|тщеславно|тщеславният|тщеславните|тщеславната|тщеславна
безпристрастно разглеждане на дело	N	false			false	false	false	0.0	0.625	безпристрастно разглеждане на дело
непобедим	A	false			false	false	false	0.125	0.75	непобедими|непобедим|непобедимата|непобедимият|непобедима|непобедимите|непобедимото|непобедимо|непобедимия
недодялан	A	false			false	false	false	0.25	0.625	недодялани|недодяланата|недодяланият|недодяланите|недодялан|недодялана|недодяланото|недодялания|недодялано
надсмивам се	V	false			false	false	false	0.125	0.625	надсмивам се
фин	A	false			false	false	false	0.75	0.125	фино|финия|фина|фин|фината|финото|финият|фините|фини
богохулен	A	false			false	false	false	0.0	0.75	богохулната|богохулно|богохулния|богохулното|богохулният|богохулните|богохулни|богохулен|богохулна
малка операция	N	false			false	false	false	0.0	0.625	малка операция
патриарх	N	true	religion	neutral	false	false	false	0.0	0.0	патриарсите|патриарх|патриарси|патриархът|патриарха
изтощителност	N	false			false	false	false	0.0	0.875	изтощителността|изтощителност
необременен	A	false			false	false	false	0.0	0.75	необременено|необременената|необременена|необременения|необремененото|необременени|необременен|необремененият|необременените
стон	N	false			false	false	false	0.0	0.625	стона|стоновете|стонът|стонове|стон
генерализиран неконвулсивен гърч	N	false			false	false	false	0.0	0.625	генерализиран неконвулсивен гърч
непроницаем	A	false			false	false	false	0.0	0.75	непроницаемия|непроницаем|непроницаемата|непроницаеми|непроницаемият|непроницаемите|непроницаемото|непроницаемо|непроницаема
отмъстителен	A	false			false	false	false	0.375	0.625	отмъстителната|отмъстителни|отмъстителен|отмъстителното|отмъстителният|отмъстителните|отмъстителна|отмъстителния|отмъстително
чудо	N	false			false	false	false	0.625	0.0	чудото|чудо|чудесата|чудеса
шовинист	N	false		negative	true	false	false	0.0	0.0	шовинистът|шовинисти|шовинистите|шовинист|шовиниста
гръмовен	A	false			false	false	false	0.125	0.875	гръмовната|гръмовни|гръмовен|гръмовното|гръмовният|гръмовните|гръмовно|гръмовна|гръмовния
загниване	N	false			false	false	false	0.0	0.75	загниване|загниването|загниванията|загнивания
болка	N	false			false	false	false	0.0	0.75	болки|болката|болките|болка
недостатъчност	N	false			false	false	false	0.0	0.75	недостатъчността|недостатъчност
страдащ от алгофобия	A	true	disability		false	false	false	0.0	0.875	страдащ от алгофобия
учител	N	true	gender	neutral	false	false	false	0.0	0.0	учителят|учителю|учителя|учители|учителите|учител
въздържан	A	false			false	false	false	0.0	0.625	въздържана|въздържания|въздържаният|въздържаните|въздържаното|въздържано|въздържаната|въздържани|въздържан
вдовица	N	true	gender	neutral	false	false	false	0.0	0.0	вдовиците|вдовици|вдовицата|вдовица
осъществим	A	false			false	false	false	0.625	0.0	осъществими|осъществимата|осъществима|осъществимото|осъществим|осъществимия|осъществимият|осъществимо|осъществимите
педераст	N	false	gender	negative	true	true	false	0.0	0.0	педераст|педерасти|педерастта|педерастите
правоспособен	A	false			false	false	false	0.75	0.0	правоспособния|правоспособна|правоспособно|правоспособен|правоспособният|правоспособните|правоспособното|правоспособни|правоспособната
недохранен	A	false			false	false	false	0.0	0.625	недохранения|недохранени|недохранен|недохраненият|недохранените|недохранено|недохраненото|недохранена|недохранената
унищожен	A	false			false	false	false	0.0	0.625	унищожиха|унищожала|унищожах|унищожена|унищожените|унищожат|унищожилият|унищожила|унищоженото|унищожих|унищожени|унищожиш|унищожели|унищожало|унищожили|унищожал|унищожено|унищожилата|унищожило|унищожим|унищожил|унищожеше|унищожахте|унищожете|унищоженият|унищожите|унищожилите|унищожи|унищожилия|унищожихте|унищожения|унищожа|унищожен|унищожената|унищожаха|унищожихме|унищожилото|унищожахме
преинвазивен рак	N	true	disability		false	false	false	0.0	0.625	преинвазивен рак
метрорагия	N	false			false	false	false	0.0	0.625	метрорагия
осаждя	V	false			false	false	false	0.0	0.75	осаждя
мизерен	A	false			false	false	false	0.125	0.875	мизерното|мизерни|мизерната|мизерно|мизерния|мизерният|мизерните|мизерна|мизерен
непроменливост	N	false			false	false	false	0.125	0.625	непроменливост|непроменливостта
частна фондация	N	false			false	false	false	0.0	0.625	частна фондация
непонятен	A	false			false	false	false	0.25	0.625	непонятната|непонятен|непонятния|непонятни|непонятно|непонятна|непонятното|непонятният|непонятните
небелязан	A	false			false	false	false	0.0	0.625	небелязаният|небелязаните|небелязаното|небелязан|небелязани|небелязано|небелязаната|небелязана|небелязания
подпухнал	A	false			false	false	false	0.0	0.75	подпухнало|подпухнели|подпухнело|подпухнал|подпухнех|подпухнеш|подпухнахте|подпухнеше|подпухналият|подпухнете|подпухна|подпухнахме|подпухнаха|подпухнеха|подпухнел|подпухне|подпухни|подпухналото|подпухнем|подпухнат|подпухнехте|подпухналия|подпухнела|подпухнах|подпухналата|подпухнали|подпухналите|подпухнехме|подпухнала
уклончив	A	false			false	false	false	0.75	0.0	уклончив|уклончиво|уклончивият|уклончива|уклончивите|уклончивото|уклончивия|уклончивата|уклончиви
закачлив	A	false			false	false	false	0.625	0.0	закачлив|закачливо|закачливата|закачлива|закачливия|закачливи|закачливият|закачливите|закачливото
рафиниран	A	false		positive	false	false	false	0.0	0.0	рафиниран|рафинирани|рафинирания|рафинираната|рафинираното|рафинирана|рафинирано|рафинираният|рафинираните
внушителност	N	false			false	false	false	0.25	0.625	внушителността|внушителност
танцувален	A	false			false	false	false	0.75	0.0	танцувалната|танцувални|танцувален|танцувална|танцувално|танцувалното|танцувалният|танцувалните|танцувалния
чужд	A	true	race_ethnicity	neutral	false	false	false	0.0	0.0	чужда|чуждия|чуждо|чужд|чужди|чуждата|чуждият|чуждите|чуждото
завистник	N	false			false	false	false	0.0	0.75	завистници|завистниците|завистникът|завистник|завистника
несъпричастен	A	false			false	false	false	0.0	0.875	несъпричастна|несъпричастно|несъпричастната|несъпричастни|несъпричастен|несъпричастният|несъпричастните|несъпричастния|несъпричастното
продаван	A	false			false	false	false	0.625	0.0	продавало|продавания|продавайте|продавано|продавалата|продаваните|продавалия|продаващ|продавани|продаваш|продаващото|продавали|продавана|продават|продавах|продаваното|продаващо|продавала|продава|продаваха|продавалият|продавахме|продаван|продаващият|продаващи|продавал|продавам|продавахте|продавай|продаваща|продаваният|продаващата|продавалото|продаваме|продавате|продаващия|продавалите|продаваната|продавайки|продаващите|продаваше
несъщественост	N	false			false	false	false	0.625	0.0	несъщественост|несъществеността
благоуханен	A	false			false	false	false	0.75	0.125	благоуханни|благоуханен|благоуханната|благоуханна|благоуханното|благоуханно|благоуханният|благоуханните|благоуханния
застрашителен	A	false			false	false	false	0.875	0.0	застрашителния|застрашителна|застрашителен|застрашителното|застрашителни|застрашителната|застрашително|застрашителният|застрашителните
ценен	A	false			false	false	false	0.625	0.25	ценен|ценено|ценения|ценената|ценена|цененият|ценените|цененото|ценени
шпионин	N	false		negative	true	false	false	0.0	0.0	шпионин|шпиони|шпионинът|шпионина|шпионите
непоколебим	A	false			false	false	false	0.125	0.75	непоколебимия|непоколебимата|непоколебимо|непоколебими|непоколебимото|непоколебимият|непоколебимите|непоколебима|непоколебим
неизпратен	A	false			false	false	false	0.0	0.625	неизпратен|неизпратена|неизпратено|неизпратения|неизпратеното|неизпратеният|неизпратените|неизпратената|неизпратени
паразитираща пчела	N	false			false	false	false	0.625	0.0	паразитираща пчела
хуманитарен	A	false			false	false	false	0.625	0.0	хуманитарни|хуманитарният|хуманитарните|хуманитарното|хуманитарната|хуманитарно|хуманитарна|хуманитарен|хуманитарния
пролапс на митралната клапа	N	false			false	false	false	0.0	0.75	пролапс на митралната клапа
обезопасеност	N	false			false	false	false	0.75	0.25	обезопасеност
чорлав	A	false			false	false	false	0.0	0.625	чорлавата|чорлави|чорлав|чорлавия|чорлава|чорлаво|чорлавото|чорлавият|чорлавите
неерозирал	A	false			false	false	false	0.0	0.625	неерозирал
кератозис пиларис	N	false			false	false	false	0.0	0.625	кератозис пиларис
заразен агент	N	false			false	false	false	0.75	0.0	заразен агент
орхит	N	true	disability		false	false	false	0.0	0.875	орхит
пиърсинг	N	true	appearance	neutral	false	false	false	0.0	0.0	пиърсинг
лекотоварен	A	false			false	false	false	0.0	0.75	лекотоварен|лекотоварни|лекотоварния|лекотоварното|лекотоварният|лекотоварните|лекотоварната|лекотоварно|лекотоварна
вирусна хеморагична септицемия	N	true	disability		false	false	false	0.25	0.625	вирусна хеморагична септицемия
непрощаващ	A	false			false	false	false	0.0	0.75	непрощаващ|непрощаващият|непрощаващите|непрощаваща|непрощаващата|непрощаващото|непрощаващия|непрощаващи|непрощаващо
знамение	N	false			false	false	false	0.625	0.0	знаменията|знамение|знамения|знамението
получаем	A	false			false	false	false	0.625	0.0	получаем
отблъсна	V	false			false	false	false	0.0	0.75	отблъсналото|отблъснела|отблъснах|отблъснат|отблъснали|отблъснахте|отблъснели|отблъснало|отблъснал|отблъснатата|отблъснахме|отблъснехте|отблъснел|отблъснем|отблъснаха|отблъсналия|отблъсне|отблъснеха|отблъснатият|отблъсна|отблъснала|отблъсналите|отблъснете|отблъснато|отблъснеш|отблъсни|отблъснех|отблъснатия|отблъснехме|отблъснатото|отблъсналата|отблъснело|отблъсната|отблъснеше|отблъснатите|отблъснати|отблъсналият
свъсен	A	false			false	false	false	0.125	0.75	свъсеното|свъсеният|свъсените|свъсената|свъсена|свъсено|свъсения|свъсен|свъсени
неточност	N	false			false	false	false	0.125	0.75	неточност|неточностите|неточността|неточности
презрителен	A	false			false	false	false	0.0	0.625	презрителният|презрителното|презрителните|презрителен|презрителната|презрителна|презрително|презрителния|презрителни
страдащ	A	false			false	false	false	0.0	0.75	страда|страдалият|страдаше|страдахме|страдащата|страдащите|страдало|страдалото|страдали|страдащото|страдахте|страдащо|страдала|страдащи|страдайки|страдалите|страдащ|страдаш|страдаха|страдащия|страдах|страдай|страдаща|страдат|страдащият|страдалата|страдам|страдал|страдалия|страдайте|страдаме|страдате
заслуженото	N	false			false	false	false	0.778	0.222	заслужиш|заслужило|заслужилото|заслужих|заслужихте|заслужело|заслужения|заслужено|заслужеше|заслужихме|заслужат|заслужилите|заслужила|заслужела|заслужена|заслужените|заслужили|заслужената|заслужели|заслужени|заслужим|заслужил|заслужех|заслужилия|заслуженото|заслужилата|заслужехте|заслужиха|заслужеха|заслужехме|заслужи|заслужилият|заслужите|заслужете|заслуженият|заслужа|заслужен|заслужел
репродуцируемо	Adv	false			false	false	false	0.625	0.0	репродуцируемо
кръвна болест	N	true	disability		false	false	false	0.0	0.625	кръвна болест
недохраненост	N	false			false	false	false	0.0	0.75	недохраненост
глутенова ентеропатия	N	true	disability		false	false	false	0.0	0.75	глутенова ентеропатия
страдам	V	false			false	false	false	0.0	0.75	страда|страдалият|страдаше|страдахме|страдащата|страдащите|страдало|страдалото|страдали|страдащото|страдахте|страдащо|страдала|страдащи|страдайки|страдалите|страдащ|страдаш|страдаха|страдащия|страдах|страдай|страдаща|страдат|страдащият|страдалата|страдам|страдал|страдалия|страдайте|страдаме|страдате
травматичен стрес	N	false			false	false	false	0.0	0.625	травматичен стрес
менингизъм	N	true	disability		false	false	false	0.0	0.625	менингизъм
вяра	N	true	religion	neutral	false	false	false	0.0	0.0	вяра
спретнат	A	false			false	false	false	0.625	0.25	спретнатия|спретнат|спретната|спретнато|спретнатото|спретнатият|спретнатите|спретнати|спретнатата
успешен	A	false			false	false	false	0.625	0.0	успешното|успешният|успешните|успешния|успешни|успешен|успешната|успешна|успешно
хранител	N	false			false	false	false	0.25	0.625	хранители|хранителят|хранителя|хранител|хранителите
дълбоко	Adv	false			false	false	false	0.0	0.875	дълбоко
безразсъден	A	false		negative	true	false	false	0.125	0.75	безразсъдни|безразсъдният|безразсъдните|безразсъдното|безразсъдния|безразсъдна|безразсъдната|безразсъдно|безразсъден
навредя	V	false			false	false	false	0.0	0.75	навредим|навредяло|навредил|навредилото|навредих|навредихте|навреди|навредял|навредихме|навредилия|навредяла|навредях|навредиш|навредят|навредеше|навредилите|навредяхте|навредяхме|навредете|навредите|навредили|навредели|навредилата|навредяха|навредило|навредиха|навредила|навредилият|навредя
турчин	N	true	race_ethnicity	neutral	false	false	false	0.0	0.0	турци|турците|турчин|турчина|турчинът
влюбен	A	false			false	false	false	0.75	0.0	влюбената|влюбени|влюбен|влюбения|влюбена|влюбеното|влюбеният|влюбените|влюбено
непокаял се	A	false			false	false	false	0.0	0.625	непокаял се
сангвистичен	A	false			false	false	false	0.625	0.0	сангвистичен
горделивост	N	false			false	false	false	0.625	0.25	горделивостта|горделивост
воня	V	false			false	false	false	0.0	0.875	воня|вонелият|вонялата|вонящите|воняхме|вонялото|вонящ|вонят|вонях|воняло|вониш|вонящото|вони|воните|вонял|вонящата|вонейки|воним|воняхте|вонящо|вонелия|воняла|вонелите|вонеше|вонете|вонящия|вонящият|воняха|вонящи|вонели|воняща
жегав	A	false			false	false	false	0.25	0.625	жегав
лошо гърло	N	false			false	false	false	0.0	0.75	лошо гърло
глухота	N	true	disability	neutral	false	false	false	0.0	0.0	глухота|глухотата
безгрешен	A	false		positive	false	false	false	0.625	0.25	безгрешна|безгрешно|безгрешен|безгрешното|безгрешният|безгрешните|безгрешния|безгрешни|безгрешната
безнадеждно	Adv	false			false	false	false	0.0	0.625	безнадеждно
болест на Лафора	N	true	disability		false	false	false	0.0	0.75	
кардиогенен шок	N	false			false	false	false	0.0	0.625	кардиогенен шок
тиреоидит	N	true	disability		false	false	false	0.0	0.625	тиреоидит
развинтен	A	false			false	false	false	0.0	0.625	развинтена|развинтиха|развинтехме|развинтят|развинтехте|развинтилата|развинтените|развинтени|развинтела|развинтила|развинтиш|развинтилия|развинтената|развинтел|развинтен|развинтилите|развинтеха|развинтете|развинтилото|развинтеше|развинтихме|развинтеният|развинти|развинтите|развинтения|развинтихте|развинтех|развинтя|развинтено|развинтих|развинтело|развинтели|развинтили|развинтилият|развинтил|развинтеното|развинтим|развинтило
невъзпрепятстван	A	false			false	false	false	0.0	0.625	невъзпрепятстван
неизвестен	A	false			false	false	false	0.0	0.625	неизвестени|неизвестен|неизвестеното|неизвестената|неизвестена|неизвестения|неизвестеният|неизвестените|неизвестено
девойка	N	true	gender	neutral	false	false	false	0.0	0.0	девойките|девойката|девойки|девойка
управляем	A	false			false	false	false	0.625	0.0	управляемият|управляема|управляемите|управляемо|управляемото|управляем|управляемата|управляеми|управляемия
бездомна котка	N	false			false	false	false	0.0	0.625	бездомна котка
схизматик	N	false	religion	negative	false	false	false	0.0	0.0	схизматик|схизматици|схизматика|схизматикът|схизматиците
припадане	N	false			false	false	false	0.0	0.75	припадането|припадане
негодуващ	A	false			false	false	false	0.0	0.875	негодуваме|негодувалата|негодуващия|негодувате|негодува|негодуващите|негодуващи|негодувай|негодувайки|негодуваха|негодувалият|негодуваща|негодуващата|негодувалия|негодувайте|негодували|негодуват|негодувах|негодуващ|негодуваш|негодуващо|негодувала|негодуващият|негодуваше|негодувахте|негодувахме|негодувалите|негодувал|негодувалото|негодувало|негодувам|негодуващото
твърдоглав	A	false			false	false	false	0.25	0.75	твърдоглавата|твърдоглавото|твърдоглавият|твърдоглави|твърдоглавите|твърдоглав|твърдоглавия|твърдоглаво|твърдоглава
заместителен	A	false			false	false	false	0.0	0.875	заместителния|заместителна|заместително|заместителен|заместителният|заместителните|заместителното|заместителни|заместителната
очиствам	V	false		positive	false	false	false	0.0	0.0	очиства|очистващата|очиствана|очистващия|очистващо|очиствала|очиствано|очиствани|очистваната|очиствали|очиствалия|очиствалата|очиствания|очиствало|очистващите|очистващото|очистваше|очистваните|очиствалите|очиствайки|очистваме|очиствате|очиствахме|очистван|очиствам|очистваното|очиствал|очиствалото|очиствах|очистваща|очистват|очиствайте|очистващият|очистващи|очиствай|очистваха|очистващ|очистваш|очиствахте|очистваният|очиствалият
директорка	N	true	gender	neutral	false	false	false	0.0	0.0	директорки|директорката|директорките|директорка
благославям	V	false	religion	positive	false	false	false	0.0	0.0	благославяйте|благославяща|благославяха|благославяната|благославя|благославящите|благославялата|благославяйки|благославяния|благославяш|благославялия|благославящ|благославят|благославяното|благославяни|благославях|благославяли|благославяй|благославящи|благославяните|благославялите|благославящия|благославящото|благославяна|благославящо|благославяла|благославяше|благославялото|благославящият|благославяно|благославял|благославяло|благославям|благославян|благославяме|благославяхте|благославящата|благославяният|благославялият|благославяте|благославяхме
стиснат	A	false		negative	false	false	true	0.0	0.0	стиснато|стиснат|стисната|стиснатата|стиснатият|стиснатите|стиснатия|стиснати|стиснатото
възпалително чревно заболяване	N	true	disability		false	false	false	0.0	0.625	възпалително чревно заболяване
тормоз	N	false			false	false	false	0.0	0.625	тормоза|тормоз|тормозът
забранен	A	false			false	false	false	0.333	0.667	забранения|забранена|забранената|забранено|забранени|забранен|забраненият|забранените|забраненото
неопръстенен	A	false			false	false	false	0.0	0.75	неопръстенен
заплетено	Adv	false			false	false	false	0.625	0.0	заплетено
лют	A	false			false	false	false	0.0	0.75	лютото|люто|лютия|лютият|люти|лютите|лютата|люта|лют
твърде	Adv	false			false	false	false	0.0	0.625	твърде
идиличен	A	false			false	false	false	0.875	0.0	идилична|идиличната|идиличния|идиличният|идиличните|идиличното|идиличен|идилични|идилично
безработица	N	false			false	false	false	0.0	0.625	безработицата|безработица
безтелесен	A	false			false	false	false	0.0	0.75	безтелесно|безтелесна|безтелесната|безтелесното|безтелесен|безтелесния|безтелесният|безтелесните|безтелесни
ненарушим	A	false			false	false	false	0.125	0.625	ненарушими|ненарушимо|ненарушим|ненарушима|ненарушимото|ненарушимият|ненарушимите|ненарушимия|ненарушимата
неограничен	A	false			false	false	false	0.0	0.75	неограничената|неограничени|неограниченият|неограничените|неограниченото|неограничено|неограничена|неограничен|неограничения
ослепявам	V	true	disability	neutral	false	false	false	0.0	0.0	ослепявах|ослепявалите|ослепявано|ослепявайки|ослепявало|ослепявахте|ослепяващ|ослепявали|ослепяваните|ослепяваш|ослепяван|ослепявал|ослепявам|ослепявани|ослепяващият|ослепяват|ослепяващо|ослепявала|ослепявате|ослепяваше|ослепявалата|ослепяваната|ослепявайте|ослепявахме|ослепявалият|ослепявания|ослепяващата|ослепяваният|ослепяваме|ослепяващите|ослепявалия|ослепявалото|ослепявана|ослепявай|ослепяваното|ослепяващи|ослепяваха|ослепяващия|ослепява|ослепяващото|ослепяваща
мързелив	A	false		negative	true	false	false	0.0	0.0	мързеливия|мързеливият|мързелива|мързеливите|мързеливото|мързеливо|мързеливата|мързеливи|мързелив
непълноценен	A	true	disability	negative	false	false	false	0.0	0.0	непълноценен|непълноценният|непълноценните|непълноценното|непълноценна|непълноценния|непълноценната|непълноценно|непълноценни
чистота	N	false			false	false	false	0.125	0.75	чистота|чистотата
смелост	N	false			false	false	false	0.125	0.75	смелост|смелостта
християнин	N	true	religion	neutral	false	false	false	0.0	0.0	християнина|християните|християнинът|християнин|християни
злостен	A	false			false	false	false	0.375	0.625	злостна|злостно|злостен|злостния|злостният|злостните|злостното|злостни|злостната
акрофобен	A	false			false	false	false	0.0	0.75	акрофобен
скъперник	N	false		negative	true	false	false	0.0	0.0	скъперниците|скъперникът|скъперника|скъперници|скъперник
невъзприемчивост	N	false			false	false	false	0.0	0.75	невъзприемчивост|невъзприемчивостта
майчински	A	false			false	false	false	0.625	0.0	майчински
скокливост	N	false			false	false	false	0.625	0.0	скокливост
първостепенен	A	false			false	false	false	0.75	0.25	първостепенна|първостепенно|първостепенния|първостепенното|първостепенни|първостепенен|първостепенният|първостепенните|първостепенната
тромавост	N	false			false	false	false	0.0	0.625	тромавостта|тромавост
зареждаем	A	false			false	false	false	0.625	0.0	зареждаем
тенезъм	N	false			false	false	false	0.0	0.75	тенезъм
социалност	N	false			false	false	false	0.0	0.625	социалност|социалността
гробовен	A	false			false	false	false	0.125	0.625	гробовният|гробовните|гробовното|гробовен|гробовната|гробовни|гробовния|гробовно|гробовна
синдром на Хурлер	N	true	disability		false	false	false	0.0	0.75	
неиндустриализиран	A	false			false	false	false	0.0	0.625	неиндустриализиран
прекомерност	N	false			false	false	false	0.0	0.625	прекомерност|прекомерността
комунист	N	false		negative	true	false	false	0.0	0.0	комуниста|комунистът|комунисти|комунистите|комунист
несензационен	A	false			false	false	false	0.125	0.625	несензационен
посттравматичен стрес	N	false			false	false	false	0.0	0.625	посттравматичен стрес
низост	N	false		negative	true	false	false	0.125	0.75	низостта|низост|низости|низостите
дъхав	A	false			false	false	false	0.75	0.125	дъхавия|дъхави|дъхавата|дъхавият|дъхавите|дъхаво|дъхав|дъхава|дъхавото
акустичен	A	false			false	false	false	0.625	0.0	акустичният|акустичните|акустичен|акустичното|акустични|акустичния|акустично|акустична|акустичната
непродаваем	A	false			false	false	false	0.0	0.625	непродаваема|непродаваемо|непродаваемото|непродаваемият|непродаваемите|непродаваемия|непродаваемата|непродаваеми|непродаваем
овариит	N	true	disability		false	false	false	0.0	0.75	овариит
невралгия	N	true	disability		false	false	false	0.0	0.75	невралгия|невралгията
християнка	N	true	religion	neutral	false	false	false	0.0	0.0	християнка|християнките|християнки|християнката
глосалгия	N	true	disability		false	false	false	0.0	0.625	глосалгия
плячкосвам	V	false		negative	false	false	false	0.0	0.0	плячкосваше|плячкосващия|плячкосваният|плячкосващата|плячкосвалото|плячкосвате|плячкосвания|плячкосващ|плячкосвали|плячкосваш|плячкосваното|плячкосвалия|плячкосвани|плячкосвалият|плячкосвано|плячкосващият|плячкосвало|плячкосвай|плячкосвайте|плячкосващи|плячкосвалата|плячкосван|плячкосваните|плячкосвам|плячкосваха|плячкосвал|плячкосват|плячкосващо|плячкосвала|плячкосвахме|плячкосвахте|плячкосвах|плячкосващото|плячкосвана|плячкосваме|плячкосвалите|плячкосваната|плячкосва|плячкосвайки|плячкосваща|плячкосващите
изтърбушен	A	false	appearance	negative	true	true	false	0.0	0.0	изтърбушели|изтърбуших|изтърбушиш|изтърбушила|изтърбушения|изтърбушат|изтърбушихте|изтърбушени|изтърбушим|изтърбушеното|изтърбушил|изтърбушило|изтърбушено|изтърбушили|изтърбушилите|изтърбушело|изтърбушиха|изтърбушеха|изтърбушела|изтърбушехте|изтърбушените|изтърбушилото|изтърбушена|изтърбушехме|изтърбушех|изтърбушената|изтърбуша|изтърбушел|изтърбушен|изтърбушилия|изтърбушилият|изтърбуши|изтърбушеше|изтърбушихме|изтърбушилата|изтърбушеният|изтърбушите|изтърбушете
увреждам	V	true	disability	neutral	false	false	false	0.0	0.75	увреждания|увреждалия|уврежданото|увреждаща|увреждалото|увреждаха|увреждай|увреждащи|увреждате|увреждаме|увреждащия|увреждалият|уврежданият|увреждащият|увреждало|уврежданата|увреждаше|увреждам|увреждахте|увреждан|увреждайте|увреждащата|уврежда|увреждал|увреждащо|увреждала|увреждащото|увреждана|увреждах|увреждат|увреждахме|увреждалата|увреждаш|увреждащ|увреждали|увреждалите|увреждайки|увреждани|уврежданите|увреждащите|увреждано
несъществен	A	false			false	false	false	0.0	0.75	несъществено|несъществената|несъществена|несъществения|несъществен|несъщественият|несъществени|несъществените|несъщественото
мъдър	A	false		positive	true	false	false	0.0	0.0	мъдри|мъдрата|мъдър|мъдрият|мъдрите|мъдрото|мъдра|мъдро|мъдрия
безстъблен	A	false			false	false	false	0.0	0.625	безстъблен
сълзлив	A	false			false	false	false	0.25	0.625	сълзливо|сълзлив|сълзливи|сълзливата|сълзливият|сълзлива|сълзливите|сълзливото|сълзливия
дявол	N	false			false	false	false	0.444	0.556	дявола|дяволът|дявол|дяволите|дяволи
увреждащ	A	false			false	false	false	0.0	0.625	увреждания|увреждалия|уврежданото|увреждаща|увреждалото|увреждаха|увреждай|увреждащи|увреждате|увреждаме|увреждащия|увреждалият|уврежданият|увреждащият|увреждало|уврежданата|увреждаше|увреждам|увреждахте|увреждан|увреждайте|увреждащата|уврежда|увреждал|увреждащо|увреждала|увреждащото|увреждана|увреждах|увреждат|увреждахме|увреждалата|увреждаш|увреждащ|увреждали|увреждалите|увреждайки|увреждани|уврежданите|увреждащите|увреждано
ненавиждам	V	false			true	false	false	0.0	0.75	ненавиждат|ненавиждащото|ненавижданите|ненавиждайте|ненавиждаме|ненавиждах|ненавиждания|ненавиждаш|ненавиждалия|ненавиждалата|ненавиждащ|ненавиждащия|ненавиждате|ненавиждайки|ненавижданата|ненавиждащите|ненавиждаше|ненавижданото|ненавиждало|ненавиждалите|ненавиждано|ненавиждахте|ненавиждали|ненавижданият|ненавиждани|ненавиждащата|ненавиждащо|ненавиждала|ненавижда|ненавиждахме|ненавиждана|ненавиждалото|ненавиждащи|ненавиждай|ненавиждащият|ненавиждаха|ненавиждаща|ненавиждам|ненавиждал|ненавиждалият|ненавиждан
неприет	A	false			false	false	false	0.0	0.625	неприетият|неприетите|неприета|неприетото|неприетия|неприето|неприети|неприет|неприетата
възстановявам се	V	true	disability	positive	false	false	false	0.0	0.0	възстановявам се
модерен	A	false			false	false	false	0.625	0.0	модерното|модерен|модерният|модерните|модерна|модерната|модерния|модерно|модерни
нередовен	A	false			false	false	false	0.125	0.625	нередовното|нередовният|нередовните|нередовни|нередовната|нередовен|нередовно|нередовния|нередовна
обезпокоеност	N	false			false	false	false	0.125	0.625	обезпокоеност
облагородителен	A	false			false	false	false	0.625	0.0	облагородителен
евентуален	A	false			false	false	false	0.0	0.625	евентуална|евентуалния|евентуалният|евентуалните|евентуалното|евентуално|евентуалната|евентуални|евентуален
назидателен	A	false			false	false	false	0.75	0.125	назидателна|назидателната|назидателно|назидателният|назидателните|назидателния|назидателното|назидателни|назидателен
некръстен	A	false			false	false	false	0.0	0.625	некръстено|некръстена|некръстеният|некръстените|некръстеното|некръстени|некръстената|некръстения|некръстен
туркиня	N	true	race_ethnicity	neutral	false	false	false	0.0	0.0	туркиня|туркините|туркинята|туркини
неокосменост	N	false			false	false	false	0.0	0.625	неокосменост|неокосмеността
нагло	Adv	false			false	false	false	0.625	0.0	нагло
неудовлетворен	A	false			false	false	false	0.125	0.75	неудовлетвореното|неудовлетворен|неудовлетвореният|неудовлетворени|неудовлетворените|неудовлетворената|неудовлетворено|неудовлетворена|неудовлетворения
неконтролируем	A	false			false	false	false	0.0	0.75	неконтролируема|неконтролируемо|неконтролируем|неконтролируемия|неконтролируемият|неконтролируемото|неконтролируемите|неконтролируеми|неконтролируемата
импровизиран	A	false			false	false	false	0.625	0.0	импровизирано|импровизиран|импровизирана|импровизираната|импровизирания|импровизираният|импровизираните|импровизираното|импровизирани
прелестен	A	false			false	false	false	0.625	0.0	прелестна|прелестно|прелестен|прелестната|прелестния|прелестни|прелестното|прелестният|прелестните
болен	A	false			false	false	false	0.0	0.75	болно|болния|болното|болният|болните|болната|болни|болен|болна
вехт	A	false			false	false	false	0.0	0.75	вехти|вехто|вехт|вехтия|вехта|вехтото|вехтият|вехтите|вехтата
неанализиран	A	false			false	false	false	0.125	0.625	неанализиран
толерантен	A	false		positive	false	false	false	0.0	0.0	толерантна|толерантно|толерантен|толерантния|толерантната|толерантни|толерантният|толерантните|толерантното
неферментирал	A	false			false	false	false	0.0	0.75	неферментиралият|неферментиралите|неферментирала|неферментиралото|неферментиралата|неферментирал|неферментирали|неферментиралия|неферментирало
страничен	A	false			false	false	false	0.0	0.625	странично|странична|страничния|страничен|страничното|страничният|страничните|страничната|странични
пруриго	N	false			false	false	false	0.0	0.625	пруриго
антипод	N	false			false	false	false	0.625	0.0	антиподът|антипода|антиподите|антипод|антиподи
разранен	A	false			false	false	false	0.0	0.625	разранилия|разранете|разраня|разранилото|разраним|разраните|разранил|разраняло|разранилите|разранях|разранените|разранят|разранената|разраниш|разраних|разраниха|разранял|разранен|разранена|разраняхте|разранилата|разраненото|разранения|разранихте|разранила|разранени|разранели|разранихме|разранили|разранилият|разранено|разраняха|разранило|разраненият|разрани|разраняхме|разранеше|разраняла
отвратя	V	false			false	false	false	0.0	0.75	отвратилият|отвратяло|отвратяхте|отвратените|отвратите|отвратената|отвратете|отвратяла|отвратиха|отвратилата|отвратен|отвратяхме|отврати|отвратилите|отвратиш|отвратилия|отвратели|отвратят|отвратени|отвратя|отвратих|отвратеният|отвратял|отвратила|отвратена|отвратях|отвратеше|отвратил|отвратихме|отвратеното|отвратилото|отвратило|отвратяха|отвратихте|отвратим|отвратено|отвратили|отвратения
белокож	A	true	race_ethnicity	neutral	false	false	false	0.0	0.0	белокожият|белокожи|белокож|белокожо|белокожата|белокожия|белокожа|белокожото|белокожите
райска градина	N	false			false	false	false	0.625	0.0	райска градина
ендартериит	N	true	disability		false	false	false	0.0	0.75	ендартериит
вожд	N	false		positive	false	false	false	0.0	0.0	вожд|вождове|вождът|вождовете|вожда
расист	N	false		negative	true	false	false	0.0	0.0	расист|расисти|расистът|расистите|расиста
антимикробен	A	false			false	false	false	0.625	0.0	антимикробен
привлекателност	N	false			false	false	false	0.75	0.0	привлекателност|привлекателността
алвеоларна пиорея	N	true	disability		false	false	false	0.0	0.625	алвеоларна пиорея
захарен диабет	N	true	disability		false	false	false	0.0	0.625	захарен диабет
коригиран	A	false			false	false	false	0.0	0.625	коригиран|коригираното|коригираният|коригираните|коригирани|коригираната|коригирано|коригирания|коригирана
епичен	A	false			false	false	false	0.75	0.0	епични|епичен|епичната|епична|епичният|епичните|епичния|епичното|епично
незапазен	A	false			false	false	false	0.0	0.75	незапазената|незапазени|незапазен|незапазено|незапазения|незапазена|незапазеният|незапазените|незапазеното
бронхиолит	N	true	disability		false	false	false	0.0	0.625	бронхиолита|бронхиолит|бронхиолитът
свръхделикатен	A	false			false	false	false	0.25	0.625	свръхделикатен
кристален	A	false			false	false	false	0.625	0.0	кристалната|кристалният|кристални|кристалните|кристално|кристалното|кристална|кристален|кристалния
тревожност	N	false			false	false	false	0.0	0.625	тревожност|тревожността
азиатец	N	true	race_ethnicity	neutral	false	false	false	0.0	0.0	азиатците|азиатец|азиатци|азиатецът|азиатеца
деструктивност	N	false			false	false	false	0.0	0.625	деструктивност
Еуфорбиа хелиоскопия	N	false			false	false	false	0.125	0.625	
расов	A	true	race_ethnicity	neutral	false	false	false	0.0	0.0	расова|расовото|расовият|расовите|расово|расови|расовия|расовата|расов
неизсвирим	A	false			false	false	false	0.125	0.625	неизсвирим
арабка	N	true	race_ethnicity	neutral	false	false	false	0.0	0.0	арабка|арабки|арабката|арабките
непредумишлен	A	false			false	false	false	0.0	0.75	непредумишлената|непредумишления|непредумишлени|непредумишлен|непредумишленият|непредумишлените|непредумишленото|непредумишлена|непредумишлено
отблъсквам	V	false			false	false	false	0.0	0.75	отблъскващия|отблъскващата|отблъскваният|отблъсквало|отблъсквалият|отблъсквано|отблъсквания|отблъсквали|отблъсквани|отблъсквайте|отблъскващо|отблъсквала|отблъсквана|отблъскващите|отблъскващи|отблъсквайки|отблъскваната|отблъсквай|отблъсквалата|отблъскват|отблъскваха|отблъсквахме|отблъскваща|отблъскван|отблъсквам|отблъсквал|отблъскваните|отблъсквахте|отблъскващото|отблъсквалите|отблъсквалия|отблъскваме|отблъсквате|отблъскващ|отблъскваното|отблъскваш|отблъскващият|отблъсквалото|отблъсква|отблъсквах|отблъскваше
позор	N	false			false	false	false	0.125	0.75	позора|позорът|позор
безсрамно	Adv	false			false	false	false	0.625	0.0	безсрамно
аморалист	N	false			false	false	false	0.75	0.0	аморалист
отблъскващ	A	false			false	false	false	0.0	0.75	отблъскващия|отблъскващата|отблъскваният|отблъсквало|отблъсквалият|отблъсквано|отблъсквания|отблъсквали|отблъсквани|отблъсквайте|отблъскващо|отблъсквала|отблъсквана|отблъскващите|отблъскващи|отблъсквайки|отблъскваната|отблъсквай|отблъсквалата|отблъскват|отблъскваха|отблъсквахме|отблъскваща|отблъскван|отблъсквам|отблъсквал|отблъскваните|отблъсквахте|отблъскващото|отблъсквалите|отблъсквалия|отблъскваме|отблъскващ|отблъсквате|отблъскваното|отблъскваш|отблъскващият|отблъсквалото|отблъсква|отблъсквах|отблъскваше
тегло	N	true	appearance	neutral	false	false	false	0.0	0.0	теглата|тегло|теглото|тегла
отживял	A	false			false	false	false	0.875	0.0	отживяла|отживялата|отживялото|отживял|отживелият|отживелите|отживелия|отживяло|отживели
басня	N	false			false	false	false	0.0	0.75	басни|басните|баснята|басня
нагреваем	A	false			false	false	false	0.625	0.0	нагреваем
дрехи	N	true	appearance	neutral	false	false	false	0.0	0.0	дрехата|дрехи|дрехите|дреха
мирен	A	false			false	false	false	0.125	0.625	мирна|мирната|мирно|мирният|мирните|мирния|мирното|мирни|мирен
несиндикален	A	false			false	false	false	0.0	0.625	несиндикалния|несиндикалната|несиндикалният|несиндикалните|несиндикално|несиндикалното|несиндикална|несиндикален|несиндикални
оскверня	V	false		negative	false	false	false	0.0	0.0	осквернилият|оскверняло|оскверня|осквернете|осквернените|оскверните|осквернеше|осквернилото|оскверни|оскверняхте|оскверненото|оскверняхме|оскверняла|оскверняха|осквернилия|оскверним|осквернил|осквернило|осквернилите|осквернели|осквернял|осквернени|осквернено|оскверних|осквернили|оскверниш|осквернена|осквернят|оскверненият|осквернях|осквернила|осквернения|осквернихме|осквернилата|оскверниха|осквернената|осквернен|осквернихте
некооперативен	A	false			false	false	false	0.0	0.625	некооперативен
загорял	A	false			false	false	false	0.75	0.125	загорелият|загорелите|загорял|загорялата|загоряла|загорелия|загоряло|загорялото|загорели
отравяне с паратион	N	false			false	false	false	0.0	0.625	отравяне с паратион
загрижен	A	false			false	false	false	0.125	0.75	загрижени|загриженото|загриженият|загрижените|загрижена|загрижен|загрижения|загрижената|загрижено
трудолюбив	A	false		positive	false	false	false	0.0	0.0	трудолюбиви|трудолюбив|трудолюбивата|трудолюбивия|трудолюбиво|трудолюбивото|трудолюбивият|трудолюбивите|трудолюбива
безстрашност	N	false			false	false	false	0.125	0.75	безстрашност
непогрешим	A	false			false	false	false	0.625	0.25	непогрешимия|непогрешимата|непогрешимо|непогрешимият|непогрешимите|непогрешима|непогрешим|непогрешимото|непогрешими
хармоничен	A	false			false	false	false	0.75	0.0	хармонично|хармоничната|хармоничния|хармоничният|хармонични|хармоничните|хармоничното|хармоничен|хармонична
арменка	N	true	race_ethnicity	neutral	false	false	false	0.0	0.0	арменката|арменки|арменка|арменките
несъразмерен	A	false			false	false	false	0.0	0.625	несъразмерното|несъразмерният|несъразмерна|несъразмерните|несъразмерно|несъразмерни|несъразмерен|несъразмерния|несъразмерната
неизгодно	Adv	false			false	false	false	0.125	0.625	неизгодно
незначително	Adv	false			false	false	false	0.0	0.625	незначителното|незначителни|незначително|незначителния|незначителната|незначителна|незначителният|незначителните|незначителен
лесбийка	N	false	gender	negative	true	true	false	0.0	0.0	лесбийката|лесбийки|лесбийките|лесбийка
притеснение	N	false			false	false	false	0.0	0.75	притеснението|притеснения|притесненията|притеснение
изневерявам	V	false		negative	false	false	false	0.0	0.0	изневерявате|изневерявахме|изневерявалата|изневерявахте|изневеряващите|изневерявайте|изневеряваше|изневерявайки|изневерявало|изневерява|изневеряващото|изневеряващ|изневеряваш|изневерявали|изневерявалите|изневеряват|изневеряващо|изневерявала|изневерявах|изневеряващият|изневеряваха|изневеряващия|изневерявай|изневерявам|изневеряващи|изневерявалото|изневерявал|изневеряващата|изневеряваща|изневеряваме|изневерявалия|изневерявалият
мегаломански	A	false			false	false	false	0.0	0.625	мегаломанския|мегаломанско|мегаломанска|мегаломанската|мегаломанското|мегаломанският|мегаломанските|мегаломански
малоумен	A	false			false	false	false	0.0	0.875	малоумни|малоумен|малоумната|малоумна|малоумното|малоумният|малоумните|малоумно|малоумния
баснословен	A	false			false	false	false	0.0	0.75	баснословен|баснословното|баснословния|баснословният|баснословните|баснословни|баснословната|баснословно|баснословна
колпоцистит	N	true	disability		false	false	false	0.0	0.625	колпоцистит
немагнитен	A	false			false	false	false	0.0	0.625	немагнитен
самодоволен	A	false			false	false	false	0.625	0.0	самодоволния|самодоволно|самодоволният|самодоволните|самодоволна|самодоволното|самодоволната|самодоволен|самодоволни
синдром на карпалния канал	N	true	disability		false	false	false	0.0	0.625	синдром на карпалния канал
балетомания	N	false			false	false	false	0.75	0.0	балетомания
отстъпчив	A	false			false	false	false	0.75	0.0	отстъпчивия|отстъпчиво|отстъпчив|отстъпчиви|отстъпчивият|отстъпчивите|отстъпчивата|отстъпчива|отстъпчивото
комфорт	N	false			false	false	false	0.125	0.625	комфортът|комфорт|комфорта
неопределен	A	false			false	false	false	0.0	0.625	неопределения|неопределено|неопределената|неопределена|неопределен|неопределеният|неопределеното|неопределените|неопределени
влошавам се	V	true	disability	negative	false	false	false	0.0	0.0	влошавам се
свободен мъж	N	false			false	false	false	0.0	0.625	свободен мъж
предан	A	false		positive	false	false	false	0.625	0.0	предано|предана|преданата|преданият|преданите|преданото|предания|предани|предан
милосърдие	N	false			false	false	false	0.625	0.0	милосърдието|милосърдие
карпален синдром	N	true	disability		false	false	false	0.0	0.625	карпален синдром
благочестива	A	true	religion	neutral	false	false	false	0.0	0.0	благочестива|благочестиво|благочестивата|благочестиви|благочестивия|благочестивото|благочестивият|благочестивите|благочестив
физическо наказание	N	false			false	false	false	0.0	0.625	физическо наказание
космат	A	true	appearance	neutral	false	false	false	0.0	0.0	космат|космати|косматият|космато|косматите|косматото|космата|косматия|косматата
онихоза	N	true	disability		false	false	false	0.125	0.625	онихоза
всеотдаен	A	false			false	false	false	0.625	0.0	всеотдайната|всеотдайна|всеотдайният|всеотдайните|всеотдайно|всеотдайното|всеотдаен|всеотдайния|всеотдайни
неприкосновен	A	false			false	false	false	0.125	0.625	неприкосновената|неприкосновения|неприкосновеният|неприкосновените|неприкосновени|неприкосновен|неприкосновено|неприкосновена|неприкосновеното
по-хубаво	Adv	false			false	false	false	0.875	0.0	
смекчаващо обстоятелство	N	false			false	false	false	0.0	0.75	смекчаващо обстоятелство
некултивируем	A	false			false	false	false	0.25	0.75	некултивируем
блестящ съм	V	false			false	false	false	0.625	0.0	блестящ съм
възбуден	A	false			false	false	false	0.625	0.0	възбудени|възбуденият|възбудените|възбудената|възбудена|възбуденото|възбудено|възбуден|възбудения
истерически	A	false			false	false	false	0.125	0.625	истерически|истерическата|истерическият|истерическите|истерическия|истерическа|истерическото|истерическо
гниене	N	false			false	false	false	0.0	0.75	гниене|гниенето
татуировка	N	true	appearance	neutral	false	false	false	0.0	0.0	татуировка|татуировката|татуировки|татуировките
злобен	A	false			false	false	false	0.0	0.75	злобно|злобна|злобната|злобен|злобният|злобните|злобния|злобното|злобни
безцелен	A	false		negative	false	false	false	0.0	0.0	безцелен|безцелната|безцелни|безцелно|безцелният|безцелните|безцелното|безцелния|безцелна
несъществуващ	A	false			false	false	false	0.0	0.75	несъществуващата|несъществуващ|несъществуващо|несъществуваща|несъществуващия|несъществуващият|несъществуващите|несъществуващото|несъществуващи
разпъване	N	false			false	false	false	0.0	0.625	разпъването|разпъванията|разпъване|разпъвания
неотменим	A	false			false	false	false	0.0	0.75	неотменимата|неотменимото|неотменимият|неотменими|неотменимите|неотменимо|неотменимия|неотменим|неотменима
възразяващ	A	false			false	false	false	0.0	0.625	възразяващите|възразявало|възразяващ|възразявалия|възразяваш|възразявах|възразявалата|възразявали|възразявате|възразяващото|възразяващия|възразявалите|възразяваме|възразяваше|възразява|възразяващият|възразяваща|възразявалото|възразявайки|възразявахме|възразявал|възразявам|възразяващо|възразявала|възразявалият|възразяваха|възразявахте|възразяват|възразявай|възразяващи|възразявайте|възразяващата
кавалер	N	true	gender	neutral	false	false	false	0.0	0.0	кавалер|кавалери|кавалерът|кавалера|кавалерите
неврофиброматоза	N	true	disability		false	false	false	0.0	0.625	неврофиброматозите|неврофиброматоза|неврофиброматози|неврофиброматозата
измръзване	N	false			false	false	false	0.0	0.625	измръзванията|измръзването|измръзвания|измръзване
доброкачествен	A	false			false	false	false	0.0	0.75	доброкачествена|доброкачественото|доброкачественият|доброкачествените|доброкачествения|доброкачествената|доброкачествени|доброкачествен|доброкачествено
вулвит	N	true	disability		false	false	false	0.0	0.625	вулвит
учтивост	N	false			false	false	false	0.875	0.0	учтивост|учтивостта
радиационна защита	N	false			false	false	false	0.0	0.625	радиационна защита
епиглотит	N	true	disability		false	false	false	0.0	0.875	епиглотит
модулиран	A	false			false	false	false	0.625	0.0	модулираха|модулиращия|модулирайки|модулиращи|модулирай|модулиралото|модулира|модулираното|модулираща|модулирали|модулирани|модулиращото|модулиралата|модулирано|модулиращо|модулирала|модулирана|модулираните|модулирахте|модулиращите|модулиралите|модулиран|модулирам|модулирал|модулираше|модулирахме|модулирах|модулират|модулиращ|модулиращата|модулираш|модулираната|модулирало|модулирайте|модулиралия|модулирания|модулирате|модулираният|модулиращият|модулиралият|модулираме
заселвам се	V	true	race_ethnicity	neutral	false	false	false	0.0	0.0	заселвам се
несгоден	A	false			false	false	false	0.0	0.625	несгоденото|несгоденият|несгодена|несгодените|несгоден|несгодената|несгодения|несгодени|несгодено
здраве	N	false			false	false	false	0.625	0.0	здравето|здраве
аменорея	N	true	disability		false	false	false	0.0	0.625	аменорея
униполярна депресия	N	true	disability		false	false	false	0.0	0.625	униполярна депресия
системна грешка	N	false			false	false	false	0.0	0.625	системна грешка
подлизурко	N	false		negative	true	true	false	0.0	0.0	подлизурковците|подлизурко|подлизуркото|подлизурковци
черен диамант	N	false			false	false	false	0.0	0.625	черен диамант
последен	A	false			false	false	false	0.0	0.625	последен|последни|последната|последния|последният|последно|последните|последна|последното
тирозинемия	N	true	disability		false	false	false	0.125	0.75	тирозинемия
заблуждаващ	A	false			false	false	false	0.125	0.75	заблуждаващия|заблуждаваше|заблуждавало|заблуждаваният|заблуждаващият|заблуждавано|заблуждавалия|заблуждавани|заблуждавалите|заблуждавания|заблуждавали|заблуждаващото|заблуждавана|заблуждаваното|заблуждавалото|заблуждаващо|заблуждавала|заблуждавалата|заблуждаваха|заблуждавам|заблуждаван|заблуждавай|заблуждаващи|заблуждавал|заблуждаваната|заблуждаваните|заблуждаващите|заблуждаваща|заблуждавайки|заблуждаваме|заблуждавалият|заблуждаваш|заблуждаващ|заблуждавате|заблуждавахте|заблуждавах|заблуждават|заблуждавахме|заблуждавайте|заблуждаващата|заблуждава
розовост	N	false			false	false	false	0.125	0.625	розовост
непредвидим	A	false			false	false	false	0.0	0.625	непредвидимият|непредвидимите|непредвидимото|непредвидимата|непредвидимо|непредвидимия|непредвидима|непредвидим|непредвидими
жалък	A	false		negative	true	false	false	0.0	1.0	жалкият|жалките|жалки|жалкото|жалкия|жалката|жалка|жалко|жалък
хал	N	false			false	false	true	0.0	0.625	хал|хала|халът
демократичен	A	false		positive	false	false	false	0.625	0.25	демократичен|демократичната|демократичният|демократични|демократичните|демократичния|демократично|демократичното|демократична
злонамерен	A	false			false	false	false	0.0	0.75	злонамерена|злонамерен|злонамерения|злонамерено|злонамереният|злонамереното|злонамерените|злонамерената|злонамерени
окаян	A	false			false	false	false	0.125	0.875	окаяни|окаян|окаяна|окаяния|окаяно|окаяното|окаяният|окаяните|окаяната
пъргавост	N	false			false	false	false	0.625	0.0	пъргавостта|пъргавост
кожа	N	true	race_ethnicity	neutral	false	false	false	0.0	0.0	кожата|кожа|кожите|кожи
пропадане	N	false			false	false	false	0.0	0.75	пропадане|пропадания|пропадането|пропаданията
златна мина	N	false			false	false	false	0.625	0.0	златна мина
риностеноза	N	true	disability		false	false	false	0.0	0.625	риностеноза
наедрял	A	false	appearance	negative	false	false	false	0.0	0.0	наедрелия|наедрелите|наедряхте|наедреели|наедрялото|наедрели|наедряхме|наедреела|наедрял|наедряха|наедреел|наедреем|наедрееше|наедряла|наедреех|наедрейте|наедреело|наедрееш|наедрея|наедрялата|наедрелият|наедреехме|наедряло|наедреете|наедрееха|наедрях|наедрей|наедря|наедрее|наедреехте|наедреят
неваксиниран	A	false			false	false	false	0.125	0.625	неваксиниран
неизброим	A	false			false	false	false	0.125	0.625	неизброима|неизброимият|неизброимо|неизброимите|неизброимото|неизброимия|неизброимата|неизброими|неизброим
изтънчен	A	false		positive	false	false	false	0.625	0.0	изтънчен|изтънчено|изтънченият|изтънчените|изтънчена|изтънченото|изтънчената|изтънчения|изтънчени
копролалия	N	false			false	false	false	0.0	0.625	копролалия
безсрамен	A	false			false	false	false	0.125	0.625	безсрамното|безсрамна|безсрамен|безсрамният|безсрамните|безсрамната|безсрамни|безсрамно|безсрамния
живописност	N	false			false	false	false	0.875	0.0	живописността|живописност
несъзнателен	A	false			false	false	false	0.0	0.75	несъзнателния|несъзнателният|несъзнателни|несъзнателните|несъзнателното|несъзнателен|несъзнателната|несъзнателна|несъзнателно
сърдит	A	false			false	false	false	0.0	0.625	сърдита|сърдитата|сърдития|сърдитият|сърдитото|сърдитите|сърдити|сърдит|сърдито
оплешивял	A	true	appearance	neutral	false	false	false	0.0	0.0	оплешивяла|оплешивеех|оплешивейте|оплешивя|оплешивееше|оплешивялото|оплешивеел|оплешивеем|оплешивеете|оплешивяхме|оплешивея|оплешивяхте|оплешивелите|оплешивяха|оплешивях|оплешивелия|оплешивеели|оплешивели|оплешивеело|оплешивеят|оплешивял|оплешивей|оплешивеехте|оплешивееха|оплешивеехме|оплешивялата|оплешивее|оплешивелият|оплешивеела|оплешивяло|оплешивееш
отличен	A	false			false	false	false	1.0	0.0	отличени|отличената|отличен|отличена|отличения|отличено|отличеното|отличеният|отличените
жизнен	A	false			false	false	false	0.625	0.0	жизнена|жизнен|жизнени|жизнения|жизнената|жизненият|жизнените|жизнено|жизненото
добросърдечен	A	false			false	false	false	0.75	0.0	добросърдечния|добросърдечни|добросърдечен|добросърдечното|добросърдечният|добросърдечните|добросърдечна|добросърдечната|добросърдечно
илюзорност	N	false			false	false	false	0.0	0.625	илюзорност|илюзорността
безсловесен	A	false			false	false	false	0.0	0.625	безсловесния|безсловесно|безсловесното|безсловесният|безсловесните|безсловесни|безсловесната|безсловесен|безсловесна
неестественост	N	false			false	false	false	0.0	0.875	неестественост|неестествеността
на ненамеса	A	false			false	false	false	0.0	0.625	на ненамеса
ненадминат	A	false			false	false	false	1.0	0.0	ненадминатата|ненадминати|ненадминатият|ненадминатите|ненадминатото|ненадминатия|ненадмината|ненадминато|ненадминат
лице	N	true	appearance	neutral	false	false	false	0.0	0.0	лице|лицата|лица|лицето
блясване	N	false			false	false	false	0.625	0.0	блясването|блясване
достойнство	N	false		positive	false	false	false	0.75	0.0	достойнствата|достойнства|достойнство|достойнството
право в целта	A	false			false	false	false	0.625	0.25	право в целта
най-лош	A	false			false	false	false	0.25	0.75	
неотразим	A	false			false	false	false	0.625	0.125	неотразима|неотразим|неотразимо|неотразимото|неотразимият|неотразими|неотразимите|неотразимия|неотразимата
неописателен	A	false			false	false	false	0.125	0.75	неописателно|неописателния|неописателният|неописателните|неописателна|неописателната|неописателен|неописателното|неописателни
непроследим	A	false			false	false	false	0.0	0.625	непроследим
солиден	A	false			false	false	false	0.875	0.0	солидно|солидна|солидната|солидния|солидният|солидните|солидното|солиден|солидни
лизльо	N	false		negative	true	true	false	0.0	0.0	лизльо
безверник	N	false	religion	negative	true	false	false	0.0	0.0	безверникът|безверници|безверник|безверниците|безверника
опозорявам	V	false		negative	true	false	false	0.0	0.0	опозоряващи|опозоряващ|опозорявайте|опозоряващия|опозорявалата|опозорявана|опозоряващо|опозорявала|опозоряваните|опозоряват|опозоряваната|опозорявайки|опозорявани|опозорявах|опозоряващите|опозорявалия|опозоряваш|опозорява|опозорявали|опозорявания|опозорявам|опозорявано|опозорявал|опозорявало|опозоряван|опозорявалият|опозоряващата|опозоряваше|опозорявахме|опозорявате|опозорявалото|опозоряваният|опозоряваме|опозорявахте|опозоряващият|опозорявалите|опозоряваното|опозоряваща|опозоряваха|опозоряващото|опозорявай
неупотребен	A	false			false	false	false	0.0	0.75	неупотребени|неупотребеният|неупотребените|неупотребения|неупотребеното|неупотребен|неупотребена|неупотребената|неупотребено
коронарна недостатъчност	N	false			false	false	false	0.0	0.75	коронарна недостатъчност
майсторски	A	false			false	false	false	0.75	0.0	майсторски
безрадостен	A	false			false	false	false	0.125	0.75	безрадостен|безрадостна|безрадостният|безрадостно|безрадостните|безрадостната|безрадостния|безрадостното|безрадостни
угрижен	A	false			false	false	false	0.333	0.667	угрижен|угрижени|угриженото|угриженият|угрижените|угрижена|угрижената|угрижено|угрижения
Хемофил	N	false			false	false	false	0.0	0.625	
впечатляващо	Adv	false			false	false	false	0.75	0.0	впечатлявахме|впечатлявал|впечатлявам|впечатляваме|впечатляван|впечатлявалите|впечатляваните|впечатляват|впечатлявате|впечатляващото|впечатлявахте|впечатляваше|впечатлявалата|впечатлява|впечатляваната|впечатлявайте|впечатлявало|впечатляващите|впечатлявано|впечатлявали|впечатлявайки|впечатлявани|впечатляващата|впечатлявалият|впечатляващо|впечатляващия|впечатлявала|впечатляваният|впечатлявана|впечатлявания|впечатляващи|впечатлявай|впечатляваха|впечатляваща|впечатлявалия|впечатлявалото|впечатляваното|впечатляващият|впечатлявах|впечатляваш|впечатляващ
невъзможност	N	false			false	false	false	0.0	0.75	невъзможност|невъзможността
нехигиеничност	N	false			false	false	false	0.125	0.625	нехигиеничност|нехигиеничността
абсолютен	A	false			false	false	false	0.625	0.0	абсолютният|абсолютните|абсолютното|абсолютно|абсолютния|абсолютна|абсолютен|абсолютната|абсолютни
противоглистно средство	N	false			false	false	false	0.75	0.0	противоглистно средство
завистливост	N	false			false	false	false	0.625	0.0	завистливостта|завистливост
класическа чума по свинете	N	false			false	false	false	0.625	0.0	класическа чума по свинете
неналичен	A	false			false	false	false	0.0	0.75	неналичен
хубаво	Adv	false			false	false	false	0.75	0.0	хубаво
невкиснал	A	false			false	false	false	0.0	0.625	невкиснал
нервен	A	false			false	false	false	0.0	0.75	нервното|нервен|нервния|нервни|нервно|нервна|нервната|нервният|нервните
сизифов	A	false			false	false	false	0.0	0.75	сизифови|сизифовият|сизифовото|сизифовите|сизифов|сизифово|сизифовия|сизифовата|сизифова
вековен	A	false			false	false	false	0.625	0.0	вековната|вековни|вековният|вековните|вековното|вековен|вековния|вековно|вековна
затворен	A	false			false	false	false	0.0	0.75	затворена|затвореното|затворено|затворения|затворен|затворени|затвореният|затворените|затворената
полупаразит	N	false			false	false	false	0.625	0.0	полупаразит
чувствителен	A	false		positive	false	false	false	0.625	0.0	чувствителният|чувствителните|чувствителното|чувствителна|чувствително|чувствителната|чувствителен|чувствителния|чувствителни
проклинам	V	false	religion	negative	true	false	false	0.0	0.0	проклиналото|проклинате|проклинаме|проклинаното|проклинахме|проклинахте|проклинаща|проклиналият|проклинаният|проклина|проклинай|проклинаха|проклинащият|проклинащи|проклинат|проклинащо|проклинала|проклинана|проклинаната|проклинан|проклинайте|проклинали|проклинащ|проклинащия|проклинани|проклинащото|проклинано|проклинах|проклинаш|проклинащата|проклинало|проклиналите|проклинаните|проклинаше|проклинам|проклинал|проклиналата|проклинащите|проклинания|проклинайки|проклиналия
романтичност	N	false			false	false	false	0.625	0.125	романтичността|романтичност
неизтекъл	A	false			false	false	false	0.0	0.625	неизтекли|неизтеклата|неизтеклият|неизтеклите|неизтекла|неизтеклия|неизтекъл|неизтеклото|неизтекло
втресен	A	false			false	false	false	0.0	0.625	втресен
анатоксин	N	false			false	false	false	0.0	0.75	анатоксин
гранит	N	false			false	false	false	0.0	0.75	гранит|гранитите|гранитът|гранити|гранита
еретичка	N	true	religion	neutral	false	false	false	0.0	0.0	еретичка|еретичката|еретичките|еретички
себелюбие	N	false		negative	false	false	false	0.75	0.0	себелюбие|себелюбието
съждителен	A	false			false	false	false	0.625	0.0	съждителен
несимптоматичен	A	false			false	false	false	0.0	0.625	несимптоматичен
презрителност	N	false			false	false	false	0.125	0.75	презрителност|презрителността
изискан	A	false		positive	false	false	false	0.625	0.25	изискания|изискани|изисканото|изисканият|изисканите|изискан|изискано|изисканата|изискана
самоуверен	A	false			false	false	false	0.75	0.0	самоуверения|самоуверената|самоуверени|самоуверен|самоувереният|самоуверените|самоуверено|самоувереното|самоуверена
лъжепророк	N	false	religion	negative	false	false	false	0.0	0.0	лъжепророка|лъжепророците|лъжепророкът|лъжепророк|лъжепророци
незаконен	A	false			false	false	false	0.0	0.75	незаконно|незаконна|незаконната|незаконния|незаконен|незаконни|незаконният|незаконните|незаконното
невкиснат	A	false			false	false	false	0.0	0.625	невкиснат
безпътен	A	false			false	false	false	0.375	0.625	безпътни|безпътен|безпътният|безпътните|безпътното|безпътна|безпътния|безпътната|безпътно
ливедо	N	false			false	false	false	0.0	0.75	ливедо
полиомиелит	N	true	disability		false	false	false	0.0	0.625	полиомиелит|полиомиелита|полиомиелитът
азиатка	N	true	race_ethnicity	neutral	false	false	false	0.0	0.0	азиатката|азиатки|азиатките|азиатка
антисептичен	A	false			false	false	false	0.75	0.25	антисептична|антисептичната|антисептично|антисептичното|антисептичният|антисептичните|антисептични|антисептичен|антисептичния
маточен кръвоизлив	N	false			false	false	false	0.0	0.625	маточен кръвоизлив
дистанциран	A	false			false	false	false	0.125	0.625	дистанциралите|дистанциращ|дистанцираш|дистанцирате|дистанцираше|дистанцира|дистанцирах|дистанцираните|дистанцираме|дистанцирайте|дистанциращото|дистанцирал|дистанцирания|дистанцираното|дистанциралото|дистанцират|дистанцираха|дистанциращият|дистанциран|дистанцирам|дистанциращия|дистанцираща|дистанциралият|дистанциращата|дистанцирана|дистанцирай|дистанцираният|дистанциращи|дистанцирани|дистанциращо|дистанциралия|дистанцирала|дистанцираната|дистанцирано|дистанцирало|дистанциралата|дистанцирали|дистанцирахте|дистанцирахме|дистанциращите|дистанцирайки
натравяне с клин	N	false			false	false	false	0.0	0.625	натравяне с клин
разкайващ се	A	false			false	false	false	0.0	0.625	разкайващ се
нелекуван	A	false			false	false	false	0.0	0.875	нелекуван
злобно	Adv	false			false	false	false	0.0	0.625	злобно
повърхностност	N	false			false	false	false	0.0	0.625	повърхностност|повърхностността
благотворителност	N	false			false	false	false	0.75	0.0	благотворителност|благотворителността
заплаха	N	false			false	false	false	0.0	0.75	заплахата|заплахите|заплаха|заплахи
кераталгия	N	true	disability		false	false	false	0.0	0.625	кераталгия
невинен	A	false		positive	false	false	false	0.625	0.125	невинен|невинният|невинна|невинните|невинното|невинно|невинната|невинни|невинния
параноика	N	false			false	false	false	0.0	0.75	параноикът|параноика|параноици|параноиците|параноик
католически	A	true	religion	neutral	false	false	false	0.0	0.0	католически|католическия|католическата|католическото|католическият|католическо|католическите|католическа
ксенофобски	A	false			false	false	false	0.0	0.75	ксенофобски
прогресивен	A	false			false	false	false	0.625	0.0	прогресивния|прогресивната|прогресивни|прогресивен|прогресивното|прогресивният|прогресивните|прогресивна|прогресивно
безропотен	A	false			false	false	false	0.0	0.75	безропотни|безропотния|безропотното|безропотен|безропотна|безропотният|безропотните|безропотно|безропотната
недохранвам	V	false			false	false	false	0.0	0.625	недохранвам
дистрофия	N	true	disability		false	false	false	0.0	0.75	дистрофията|дистрофия
ановулация	N	true	disability		false	false	false	0.0	0.625	ановулация
унищожителност	N	false			false	false	false	0.0	0.625	унищожителност
несъкрушимост	N	false			false	false	false	0.0	0.625	несъкрушимост|несъкрушимостта
контрареволюционен	A	false			false	false	false	0.0	0.625	контрареволюционната|контрареволюционният|контрареволюционни|контрареволюционните|контрареволюционното|контрареволюционно|контрареволюционна|контрареволюционен|контрареволюционния
благородство	N	false		positive	false	false	false	0.0	0.0	благородството|благородство
свиня	N	false	appearance	negative	true	true	false	0.0	0.0	свинята|свините|свиня|свине|свинете|свини|свиньо
безрезервен	A	false			false	false	false	0.125	0.625	безрезервен|безрезервното|безрезервният|безрезервните|безрезервни|безрезервната|безрезервно|безрезервния|безрезервна
доходоносен	A	false			false	false	false	0.75	0.0	доходоносни|доходоносната|доходоносен|доходоносното|доходоносният|доходоносните|доходоносния|доходоносна|доходоносно
леден	A	false			false	false	false	0.0	0.875	ледени|леден|ледената|леденият|ледена|ледените|ледения|леденото|ледено
цвят на кожата	N	true	appearance	neutral	false	false	false	0.0	0.0	цвят на кожата
величествен	A	false		positive	true	false	false	0.875	0.0	величествена|величествено|величественото|величественият|величествени|величествените|величествен|величествения|величествената
отмерен	A	false			false	false	false	0.0	0.625	отмереното|отмерено|отмерена|отмерения|отмерен|отмерени|отмерената|отмереният|отмерените
безгрешност	N	false			false	false	false	0.0	0.625	безгрешността|безгрешност
генерализиран неконвулсивен епилептичен гърч	N	false			false	false	false	0.0	0.625	
воднянка	N	false			false	false	false	0.0	0.625	воднянка
измет	N	false		negative	true	true	false	0.0	0.0	измета|измет|изметите|измети|изметът
благопожелателен	A	false			false	false	false	0.625	0.0	благопожелателен
афакия	N	false			false	false	false	0.0	0.625	афакия
гинобаза	N	false			false	false	false	0.0	0.625	гинобаза
арабин	N	true	race_ethnicity	neutral	false	false	false	0.0	0.0	арабин|арабинът|арабина|арабите|араби
гранив	A	false			false	false	false	0.0	0.625	гранивия|гранивата|гранив|граниви|граниво|гранивото|гранивият|гранивите|гранива
страдащ от депресия	N	true	disability		false	false	false	0.0	0.625	страдащ от депресия
непрестореност	N	false			false	false	false	0.625	0.0	непрестореност|непрестореността
вярващ	N	true	religion	neutral	false	false	false	0.0	0.0	вярващ|вярващото|вярващи|вярващият|вярващите|вярващо|вярващия|вярващата|вярваща
ненадарен	A	false			false	false	false	0.0	0.625	ненадареният|ненадарена|ненадарените|ненадарен|ненадареното|ненадарено|ненадарената|ненадарени|ненадарения
пленителен	A	false			false	false	false	0.875	0.0	пленителни|пленителен|пленителния|пленителна|пленителната|пленително|пленителното|пленителният|пленителните
предпочитан	A	false			false	false	false	0.75	0.0	предпочитаният|предпочитаните|предпочитаната|предпочитани|предпочитано|предпочитаното|предпочитана|предпочитания|предпочитан
апатичен	A	false		negative	true	false	false	0.0	0.75	апатичен|апатични|апатичната|апатичният|апатично|апатичните|апатичния|апатичното|апатична
увредимост	N	false			false	false	false	0.0	0.875	увредимост
добронамереност	N	false			false	false	false	0.778	0.222	добронамереност|добронамереността
непримиримост	N	false			false	false	false	0.0	0.625	непримиримост|непримиримостта
дебелооко	Adv	false			false	false	false	0.625	0.0	дебелооката|дебелооки|дебелоокото|дебелоок|дебелоокият|дебелооките|дебелооко|дебелоокия|дебелоока
необъркан	A	false			false	false	false	0.0	0.75	необъркан
смръщен	A	false			false	false	false	0.125	0.75	смръщената|смръщен|смръщени|смръщения|смръщена|смръщеният|смръщените|смръщено|смръщеното
едема	N	true	disability		false	false	false	0.0	0.625	едеми|едемът|едема|едемите|едем
наплют от мухи	A	false			false	false	false	0.0	0.625	наплют от мухи
пастьоризиране	N	false			false	false	false	0.0	0.75	пастьоризиране|пастьоризирането
светскост	N	false			false	false	false	0.625	0.0	светскост
порицателен	A	false			false	false	false	0.0	0.625	порицателен
див	A	false		negative	false	false	false	0.0	0.75	дивия|диви|дивото|дивият|дивите|диво|дивата|дива|див
морбидност	N	false			false	false	false	0.125	0.75	морбидност
безпрекословен	A	false			false	false	false	0.25	0.625	безпрекословното|безпрекословни|безпрекословен|безпрекословния|безпрекословна|безпрекословната|безпрекословно|безпрекословният|безпрекословните
прилепчив	A	false			false	false	false	0.625	0.0	прилепчивият|прилепчива|прилепчивите|прилепчивата|прилепчив|прилепчивия|прилепчиво|прилепчиви|прилепчивото
диагонализируем	A	false			false	false	false	0.625	0.0	диагонализируем
глоба	N	false			false	false	false	0.0	0.875	глоби|глобата|глобите|глоба
бабетина	N	false	gender	negative	true	true	false	0.0	0.0	бабетина
карцином на черния дроб	N	true	disability		false	false	false	0.0	0.625	карцином на черния дроб
зловонен	A	false			false	false	false	0.0	0.875	зловонното|зловонният|зловонните|зловонен|зловонно|зловонна|зловонната|зловонни|зловонния
незает	A	false			false	false	false	0.0	0.625	незает|незаетата|незаети|незаето|незаета|незаетия|незаетият|незаетите|незаетото
обичайност	N	false			false	false	false	0.125	0.75	обичайност|обичайността
слаб	A	true	appearance	neutral	false	false	false	0.0	0.875	слабия|слабото|слаби|слаб|слаба|слабият|слабо|слабите|слабата
алгофобия	N	true	disability		false	false	false	0.0	0.625	алгофобия
театралничене	N	false			false	false	false	0.0	0.875	театралниченията|театралниченето|театралничене|театралничения
порок	N	false		negative	false	false	false	0.0	0.0	порокът|пороци|порока|пороците|порок
усилност	N	false			false	false	false	0.125	0.625	усилност
пречиствам	V	false		positive	false	false	false	0.0	0.0	пречистваше|пречистващото|пречиства|пречиствате|пречиствалата|пречиствах|пречиствалия|пречистваната|пречистваме|пречиствайте|пречистващ|пречистваш|пречиствали|пречистващите|пречиствания|пречиствано|пречиствало|пречистващия|пречиствайки|пречиствалите|пречистваните|пречистващи|пречиствай|пречиствана|пречистващо|пречиствала|пречистващата|пречиствалото|пречистваното|пречиствани|пречиствахте|пречистван|пречиствам|пречистващият|пречистват|пречистваща|пречиствалият|пречиствал|пречистваният|пречиствахме|пречистваха
сърдечен срив	N	false			false	false	false	0.0	0.75	сърдечен срив
мъж	N	true	gender	neutral	false	false	false	0.0	0.0	мъже|мъжете|мъжа|мъж|мъжът
елегантен	A	false	appearance	positive	false	false	false	0.0	0.0	елегантно|елегантният|елегантна|елегантните|елегантното|елегантния|елегантен|елегантната|елегантни
смъдене	N	false			false	false	false	0.0	0.625	смъденето|смъдене
феминист	N	true	gender	neutral	false	false	false	0.0	0.0	феминиста|феминист|феминистите|феминисти|феминистът
бъбречна недостатъчност	N	false			false	false	false	0.0	0.625	бъбречна недостатъчност
индуист	N	true	religion	neutral	false	false	false	0.0	0.0	индуист
възторг	N	false			false	false	false	0.125	0.625	възторга|възторзите|възторзи|възторгът|възторг
празник	N	true	religion	neutral	false	false	false	0.0	0.0	празници|празникът|празниците|празник|празника
язвителен	A	false			false	false	false	0.125	0.75	язвителна|язвителния|язвителната|язвително|язвителният|язвителните|язвителното|язвителни|язвителен
бронхит	N	true	disability		false	false	false	0.0	0.625	бронхитът|бронхит|бронхита
поддържан	A	false			false	false	false	0.75	0.0	поддържан|поддържащото|поддържал|поддържам|поддържалите|поддържайте|поддържаните|поддържаме|поддържалата|поддържаната|поддържате|поддържайки|поддържащият|поддържащи|поддържай|поддържащ|поддържаха|поддържаш|поддържах|поддържаща|поддържахме|поддържахте|поддържат|поддържали|поддържащия|поддържалият|поддържащата|поддържани|поддържа|поддържаният|поддържащо|поддържала|поддържана|поддържащите|поддържания|поддържаното|поддържаше|поддържалото|поддържалия|поддържало|поддържано
оплакващ се	A	false			false	false	false	0.0	0.625	оплакващ се
флебит	N	true	disability		false	false	false	0.0	0.625	флебита|флебитът|флебит
неизправен	A	false			false	false	false	0.0	0.625	неизправен|неизправени|неизправното|неизправено|неизправната|неизправения|неизправеното|неизправената|неизправния|неизправна|неизправни|неизправно|неизправена|неизправеният|неизправените|неизправният|неизправните
несвойствен	A	false			false	false	false	0.0	0.625	несвойствения|несвойствено|несвойственият|несвойствените|несвойствена|несвойственото|несвойствен|несвойствени|несвойствената
разумен	A	false		positive	false	false	false	0.75	0.0	разумен|разумната|разумни|разумният|разумните|разумното|разумния|разумно|разумна
терапия	N	true	disability	neutral	false	false	false	0.0	0.0	терапия|терапията
оправдан	A	false			false	false	false	0.625	0.0	оправдаело|оправдаех|оправдалият|оправданият|оправдаехте|оправдаел|оправдания|оправдалия|оправдаели|оправдало|оправдаехме|оправдаем|оправдаела|оправданата|оправдаеш|оправдайте|оправдал|оправдаеха|оправдае|оправдахме|оправдай|оправдаха|оправдахте|оправдан|оправдалите|оправданите|оправдалата|оправдах|оправдали|оправда|оправдани|оправдаете|оправдано|оправданото|оправдая|оправдалото|оправдала|оправдаеше|оправдаят|оправдана
разсърден	A	false			false	false	false	0.0	0.625	разсърдели|разсърденият|разсърдени|разсърдил|разсърдилите|разсърдила|разсърдела|разсърдена|разсърдим|разсърдиш|разсърдеше|разсърденото|разсърдят|разсърдих|разсърдехме|разсърдило|разсърдело|разсърдилото|разсърдено|разсърди|разсърдехте|разсърдили|разсърдените|разсърдя|разсърдилият|разсърдилия|разсърден|разсърдите|разсърдете|разсърдената|разсърдел|разсърдихме|разсърдех|разсърдилата|разсърдиха|разсърдеха|разсърдения|разсърдихте
взаимоизключващ се	A	false			false	false	false	0.0	0.625	взаимоизключващ се
несъответстващ	A	false			false	false	false	0.0	0.75	несъответстващо|несъответстващи|несъответстващ|несъответстващата|несъответстващия|несъответстващият|несъответстваща|несъответстващите|несъответстващото
монументален	A	false			false	false	false	0.75	0.0	монументалната|монументално|монументалния|монументална|монументален|монументалното|монументалният|монументалните|монументални
сръдла	N	false			false	false	false	0.0	0.875	сръдла
милостивост	N	false			false	false	false	0.778	0.222	милостивост
оздравителна програма	N	false			false	false	false	0.625	0.0	оздравителна програма
генерален директор	N	false			false	false	false	0.625	0.0	генерален директор
користен	A	false			false	false	false	0.0	0.75	користното|користният|користните|користна|користната|користен|користни|користно|користния
запушване на червата	N	false			false	false	false	0.0	0.625	запушване на червата
болест на Хансен	N	true	disability		false	false	false	0.0	0.625	
неапетитен	A	false			false	false	false	0.0	0.75	неапетитни|неапетитно|неапетитният|неапетитните|неапетитна|неапетитния|неапетитната|неапетитен|неапетитното
имигрантка	N	true	race_ethnicity	neutral	false	false	false	0.0	0.0	имигрантките|имигрантки|имигрантка|имигрантката
безсънен	A	false			false	false	false	0.0	0.625	безсънна|безсънната|безсънно|безсънния|безсънни|безсънното|безсънен|безсънният|безсънните
отпуснатост	N	false			false	false	false	0.25	0.625	отпуснатостта|отпуснатост
базисен	A	false			false	false	false	0.75	0.25	базисен|базисната|базисни|базисния|базисното|базисният|базисните|базисно|базисна
възпалително заболяване	N	true	disability		false	false	false	0.222	0.778	възпалително заболяване
външен	A	false			false	false	false	0.0	0.625	външната|външното|външният|външна|външните|външно|външен|външния|външни
деликатесен	A	false			false	false	false	0.625	0.25	деликатесно|деликатесния|деликатесният|деликатесните|деликатесната|деликатесна|деликатесен|деликатесното|деликатесни
зловоние	N	false			false	false	false	0.0	0.75	зловонието|зловония|зловоние|зловонията
мюфтия	N	true	religion	neutral	false	false	false	0.0	0.0	мюфтията|мюфтиите|мюфтия|мюфтии
естествен	A	false			false	false	false	0.0	0.75	естествената|естествена|естественият|естествените|естествено|естественото|естествения|естествени|естествен
шарлатански	A	false			false	false	false	0.0	0.625	шарлатанската|шарлатанския|шарлатанско|шарлатанският|шарлатанските|шарлатанска|шарлатанското|шарлатански
непокътнат	A	false			false	false	false	0.125	0.625	непокътнат|непокътнатия|непокътната|непокътнато|непокътнатата|непокътнатото|непокътнатият|непокътнати|непокътнатите
газогонен	A	false			false	false	false	0.625	0.0	газогонен
мъчителен	A	false			false	false	false	0.0	0.875	мъчителното|мъчителният|мъчителните|мъчителен|мъчителни|мъчително|мъчителния|мъчителната|мъчителна
спленит	N	true	disability		false	false	false	0.0	0.625	спленит
урод	N	false	appearance	negative	true	true	false	0.0	0.0	урода|уродите|уродът|урод|уроди
безвкусно	Adv	false		negative	false	false	false	0.0	0.0	безвкусно
неприемливост	N	false			false	false	false	0.125	0.75	неприемливостта|неприемливост
функционално нарушение	N	true	disability		false	false	false	0.0	0.625	функционално нарушение
недисциплиниран	A	false			false	false	false	0.0	0.75	недисциплинирана|недисциплинираното|недисциплинирано|недисциплинираният|недисциплинираните|недисциплинирани|недисциплинираната|недисциплиниран|недисциплинирания
хиперадренализъм	N	true	disability		false	false	false	0.0	0.75	хиперадренализъм
религия	N	true	religion	neutral	false	false	false	0.0	0.0	религиите|религията|религии|религия
печатим	A	false			false	false	false	0.625	0.0	печатим
неодобряващ	A	false			false	false	false	0.0	0.625	неодобряващ|неодобряващо|неодобряваща|неодобряващото|неодобряващата|неодобряващият|неодобряващите|неодобряващи|неодобряващия
разтревоженост	N	false			false	false	false	0.125	0.625	разтревоженост|разтревожеността
фактор на коагулация VIII	N	false			false	false	false	0.0	0.625	
госпожа	N	true	gender	neutral	false	false	false	0.0	0.0	госпожа|госпожо|госпожите|госпожи|госпожата
безсъние	N	false			false	false	false	0.0	0.75	безсънието|безсъние|безсънията|безсъния
безсмислено	Adv	false			false	false	false	0.25	0.625	безсмислено
за зла участ	Adv	false			false	false	false	0.0	0.875	за зла участ
повърхностен глосит	N	true	disability		false	false	false	0.0	0.75	повърхностен глосит
ахалазия	N	false			false	false	false	0.0	0.625	ахалазия
жуля	V	false			false	false	false	0.0	0.75	жуления|жулейки|жулихте|жулим|жулещото|жулеше|жулил|жулете|жулиш|жулих|жулилата|жулените|жулите|жули|жулената|жулени|жулещите|жулили|жулещ|жулещия|жулели|жулело|жулихме|жулено|жулилите|жулило|жулеха|жулещата|жулен|жулел|жулещи|жулилия|жулиха|жулилото|жулена|жулех|жулила|жуленият|жулещо|жулела|жулещият|жулят|жуля|жулехме|жулилият|жулеща|жуленото|жулехте
пустинник	N	false	religion	positive	false	false	false	0.0	0.0	пустинниците|пустинника|пустинници|пустинникът|пустинник
възхищение	N	false			false	false	false	0.75	0.0	възхищението|възхищение|възхищения|възхищенията
обстипация	N	true	disability		false	false	false	0.0	0.625	обстипация
бръчка	N	true	appearance	neutral	false	false	false	0.0	0.0	бръчката|бръчка|бръчките|бръчки
влюбеност	N	false			false	false	false	0.625	0.0	влюбеност|влюбеността
циклооксигеназа-2	N	false			false	false	false	0.0	0.625	
скитник	N	false		negative	false	false	false	0.0	0.0	скитниците|скитника|скитникът|скитници|скитник
младоженец	N	true	gender	neutral	false	false	false	0.0	0.0	младоженците|младоженеца|младоженецът|младоженци|младоженец
конгестивен сърдечен срив	N	false			false	false	false	0.0	0.75	конгестивен сърдечен срив
недобър	A	false			false	false	false	0.0	0.75	недобър|недобрият|недобрите|недоброто|недобри|недобрата|недобрия|недобро|недобра
кърмя	V	true	gender	neutral	false	false	false	0.0	0.0	кърмил|кърмилите|кърмехме|кърменото|кърмещата|кърмещ|кърмеща|кърмя|кърмих|кърмят|кърмеха|кърмиш|кърмиха|кърмилия|кърмилата|кърмещи|кърменият|кърмим|кърмена|кърмещо|кърмела|кърмехте|кърмещият|кърмила|кърмихме|кърмилият|кърмения|кърмени|кърмената|кърмели|кърмещия|кърмили|кърмено|кърмело|кърмещото|кърмило|кърмилото|кърмеше|кърмех|кърмените|кърмел|кърмете|кърмихте|кърмейки|кърми|кърмите|кърмещите|кърмен
несъбран	A	false			false	false	false	0.0	0.625	несъбраната|несъбран|несъбрания|несъбрана|несъбрано|несъбраното|несъбрани|несъбраният|несъбраните
непластичен	A	false			false	false	false	0.0	0.75	непластичен
партеногенетичен	A	false			false	false	false	0.0	0.625	партеногенетичната|партеногенетичният|партеногенетично|партеногенетичните|партеногенетичното|партеногенетична|партеногенетичния|партеногенетичен|партеногенетични
мазник	N	false			false	false	false	0.625	0.0	мазникът|мазници|мазника|мазниците|мазник
възвеличавам	V	false		positive	false	false	false	0.0	0.0	възвеличавате|възвеличавайте|възвеличавалата|възвеличаващото|възвеличаваме|възвеличаваше|възвеличаваната|възвеличавалия|възвеличавания|възвеличаваш|възвеличавало|възвеличаващ|възвеличавайки|възвеличавани|възвеличаваните|възвеличаващите|възвеличаващия|възвеличавали|възвеличавалите|възвеличавано|възвеличавана|възвеличаващо|възвеличавала|възвеличавам|възвеличаван|възвеличавал|възвеличаваха|възвеличаващата|възвеличаващи|възвеличавах|възвеличавай|възвеличават|възвеличавалото|възвеличаваното|възвеличавахте|възвеличаваща|възвеличава|възвеличавахме|възвеличаваният|възвеличаващият|възвеличавалият
безмоторен	A	false			false	false	false	0.0	0.625	безмоторната|безмоторни|безмоторен|безмоторния|безмоторният|безмоторна|безмоторните|безмоторното|безмоторно
невидим	A	false			false	false	false	0.25	0.625	невидимото|невидимият|невидимите|невидима|невидимата|невидимо|невидимия|невидим|невидими
демократически	A	false			false	false	false	0.625	0.25	демократическо|демократическата|демократическа|демократическия|демократическият|демократическите|демократическото|демократически
цветен	A	false			false	false	false	0.625	0.0	цветната|цветна|цветно|цветния|цветни|цветният|цветните|цветното|цветен
безпощадност	N	false			false	false	false	0.0	0.75	безпощадност|безпощадността
ароматен	A	false			false	false	false	0.75	0.125	ароматни|ароматен|ароматния|ароматното|ароматният|ароматните|ароматната|ароматна|ароматно
безвреден	A	false			false	false	false	0.625	0.125	безвредният|безвредните|безвредното|безвреден|безвредни|безвредния|безвредно|безвредна|безвредната
страхотно	Adv	false		positive	false	false	true	0.0	0.0	страхотно
хипотироидизъм	N	true	disability		false	false	false	0.0	0.75	хипотироидизъм
скръб	N	false			false	false	false	0.0	0.75	скръб|скърбите|скърби|скръбта
сплашване	N	false			false	false	false	0.0	0.625	сплашването|сплашване|сплашвания|сплашванията
антихелминт	N	false			false	false	false	0.75	0.0	антихелминт
светъл	A	false			false	false	false	0.625	0.125	светла|светлата|светло|светъл|светлото|светлият|светлите|светлия|светли
синдром на Къшинг	N	true	disability		false	false	false	0.0	0.625	
аполитичен	A	false			false	false	false	0.125	0.625	аполитичния|аполитични|аполитично|аполитичното|аполитичният|аполитичните|аполитична|аполитичната|аполитичен
милосърден	A	false			false	false	false	0.75	0.0	милосърден|милосърдни|милосърдния|милосърдната|милосърдно|милосърдна|милосърдното|милосърдният|милосърдните
отхвърлен	A	false	religion	negative	false	false	false	0.0	0.0	отхвърлили|отхвърлената|отхвърлено|отхвърлело|отхвърлило|отхвърлилия|отхвърлят|отхвърлиш|отхвърлените|отхвърлих|отхвърлеше|отхвърлилото|отхвърлен|отхвърлехме|отхвърлете|отхвърлел|отхвърлите|отхвърлилият|отхвърленото|отхвърлехте|отхвърли|отхвърлех|отхвърлилата|отхвърленият|отхвърлеха|отхвърлиха|отхвърлихме|отхвърлена|отхвърлим|отхвърлела|отхвърлил|отхвърлила|отхвърлилите|отхвърления|отхвърля|отхвърлихте|отхвърлени|отхвърлели
неизгоден	A	false			false	false	false	0.0	0.75	неизгодни|неизгодното|неизгоден|неизгодна|неизгодния|неизгодният|неизгодните|неизгодно|неизгодната
асимилативен	A	false			false	false	false	0.0	0.75	асимилативен
остеомиелит	N	true	disability		false	false	false	0.0	0.625	остеомиелит
право на безпристрастно изслушване	N	false			false	false	false	0.0	0.625	право на безпристрастно изслушване
неописан	A	false			false	false	false	0.0	0.75	неописана|неописани|неописаната|неописаният|неописаните|неописан|неописаното|неописания|неописано
целекоксиб	N	false			false	false	false	0.0	0.625	целекоксиб
престъпна небрежност	N	false			false	false	false	0.0	0.75	престъпна небрежност
безрадостност	N	false			false	false	false	0.125	0.75	безрадостността|безрадостност
отстъпчивост	N	false			false	false	false	0.0	0.625	отстъпчивост|отстъпчивостта
несериозност	N	false			false	false	false	0.125	0.875	несериозност|несериозността
пиелонефрит	N	true	disability		false	false	false	0.0	0.625	пиелонефрит
природен	A	false			false	false	false	0.0	0.625	природено|природени|природеното|природен|природена|природения|природената|природеният|природените
лекомислен	A	false			false	false	false	0.0	0.625	лекомислена|лекомислената|лекомислено|лекомисленото|лекомисления|лекомисленият|лекомислените|лекомислени|лекомислен
тарзит	N	true	disability		false	false	false	0.0	0.625	тарзит
незначителен	A	false			false	false	false	0.333	0.667	незначителното|незначителни|незначителния|незначително|незначителната|незначителна|незначителният|незначителните|незначителен
неизбежен	A	false			false	false	false	0.0	0.625	неизбежно|неизбежна|неизбежният|неизбежните|неизбежното|неизбежни|неизбежната|неизбежен|неизбежния
неоснователен	A	false			false	false	false	0.0	0.625	неоснователният|неоснователните|неоснователни|неоснователната|неоснователния|неоснователно|неоснователното|неоснователна|неоснователен
незабраняващ	A	false			false	false	false	0.0	0.75	незабраняващ
недорасъл	A	false			false	false	false	0.25	0.75	недорасла|недораслата|недорасло|недораслия|недорасъл|недораслият|недораслите|недораслото|недорасли
сходен	A	false			false	false	false	0.75	0.0	сходни|сходното|сходен|сходна|сходната|сходният|сходните|сходния|сходно
некадърен	A	false			true	false	false	0.0	0.75	некадърния|некадърно|некадърна|некадърен|некадърната|некадърни|некадърният|некадърните|некадърното
оток	N	false			false	false	false	0.0	0.625	отоците|отокът|отока|отоци|оток
профанен	A	false			false	false	false	0.0	0.75	профанен
коагулационен фактор VIII	N	false			false	false	false	0.0	0.625	
подлост	N	false			false	false	false	0.125	0.75	подлост|подлостите|подлости|подлостта
успокоен	A	false			false	false	false	0.0	0.75	успокойте|успокоихме|успокоения|успокоен|успокоихте|успокояхте|успокояло|успокоените|успокоилата|успокоилият|успокояла|успокоеше|успокои|успокоеното|успокоите|успокояхме|успокоилия|успокоя|успокоял|успокоих|успокоилото|успокоили|успокой|успокоено|успокоели|успокоил|успокоим|успокоеният|успокоило|успокояха|успокоена|успокоилите|успокоиха|успокоят|успокоени|успокоила|успокоях|успокоиш|успокоената
еднаквост	N	false			false	false	false	0.625	0.125	еднаквости|еднаквост|еднаквостите|еднаквостта
лекомислие	N	false			false	false	false	0.125	0.875	лекомислията|лекомислие|лекомислието|лекомислия
неудовлетворителност	N	false			false	false	false	0.75	0.0	неудовлетворителността|неудовлетворителност
свеж	A	false			false	false	false	0.375	0.625	свежото|свежият|свежите|свежа|свежата|свежо|свежи|свеж|свежия
имунна компетентност	N	false			false	false	false	0.0	0.75	имунна компетентност
мръсник	N	false		negative	true	true	false	0.0	0.0	мръсника|мръсниците|мръсници|мръсникът|мръсник
ужасяващо	Adv	false			false	false	false	0.0	0.75	ужасяваното|ужасяващият|ужасявахме|ужасявалото|ужасяваме|ужасявал|ужасявам|ужасява|ужасявахте|ужасяваният|ужасявана|ужасяващата|ужасяващо|ужасявала|ужасяващи|ужасяван|ужасяваха|ужасявай|ужасяват|ужасяваш|ужасяваща|ужасявах|ужасявалият|ужасявало|ужасяващ|ужасяващите|ужасявано|ужасяващия|ужасявалата|ужасявани|ужасявайте|ужасявали|ужасяваната|ужасявате|ужасяваните|ужасявайки|ужасявания|ужасяващото|ужасявалия|ужасяваше|ужасявалите
асинергия	N	false			false	false	false	0.0	0.625	асинергия
изровен	A	false			false	false	false	0.0	0.625	изровеният|изровено|изровените|изровена|изровеното|изровен|изровени|изровения|изровената
недостатък	N	true	disability	negative	false	false	false	0.0	0.0	недостатъка|недостатък|недостатъците|недостатъкът|недостатъци
неприучен	A	false			false	false	false	0.0	0.75	неприучен
отсрочка	N	false			false	false	false	0.0	0.75	отсрочка|отсрочките|отсрочката|отсрочки
анизотропичен	A	false			false	false	false	0.0	0.75	анизотропичен
целулит	N	true	disability		false	false	false	0.0	0.625	целулит
незагрубял	A	false			false	false	false	0.125	0.75	незагрубяла|незагрубели|незагрубялата|незагрубялото|незагрубял|незагрубелия|незагрубелият|незагрубяло|незагрубелите
ревматизъм	N	true	disability		false	false	false	0.0	0.625	ревматизмът|ревматизма|ревматизъм
въвеждаща дрога	N	false			false	false	false	0.0	0.625	въвеждаща дрога
измерим	A	false			false	false	false	0.75	0.0	измерим|измеримият|измеримите|измеримото|измерима|измеримо|измерими|измеримата|измеримия
злотворен	A	false			false	false	false	0.0	0.75	злотворни|злотворен|злотворния|злотворна|злотворният|злотворните|злотворно|злотворното|злотворната
далечна огнева поддръжка	N	false			false	false	false	0.0	0.625	далечна огнева поддръжка
неприложим	A	false			false	false	false	0.125	0.875	неприложимата|неприложими|неприложимо|неприложима|неприложим|неприложимото|неприложимият|неприложимите|неприложимия
при затворени врати	A	false			false	false	false	0.0	0.625	при затворени врати
паразитен	A	false			false	false	false	0.0	0.875	паразитната|паразитна|паразитно|паразитния|паразитният|паразитни|паразитните|паразитен|паразитното
коса	N	true	appearance	neutral	false	false	false	0.0	0.0	косата|коси|косите|коса
унизяващ	A	false			false	false	false	0.0	0.625	унизявало|унизява|унизявахме|унизяваните|унизяващото|унизявано|унизявали|унизявалата|унизявахте|унизявайте|унизяващият|унизявана|унизяваното|унизявай|унизяващи|унизявалия|унизявани|унизявалият|унизяващо|унизявала|унизявал|унизяваният|унизяващия|унизявания|унизяват|унизяваха|унизявалото|унизяваща|унизяван|унизявам|унизяващата|унизяващите|унизявате|унизяващ|унизяваш|унизяваната|унизявах|унизяваше|унизявайки|унизяваме|унизявалите
стеноза на носните проходи	N	false			false	false	false	0.0	0.625	стеноза на носните проходи
анероиден	A	false			false	false	false	0.0	0.625	анероиден
неорганична енкопреза	N	false			false	false	false	0.0	0.75	неорганична енкопреза
възхитителен	A	false			false	false	false	0.875	0.0	възхитително|възхитителния|възхитителна|възхитителната|възхитителен|възхитителни|възхитителният|възхитителните|възхитителното
недопроизводство	N	false			false	false	false	0.0	0.75	недопроизводство
разруха	N	false			false	false	false	0.0	0.75	разрухата|разруха
боклук	N	false		negative	true	true	false	0.0	0.0	боклука|боклуците|боклук|боклукът|боклуци
непочтеност	N	false			false	false	false	0.75	0.25	непочтеността|непочтеност
престъпен	A	false		negative	true	false	false	0.0	0.75	престъпеният|престъпените|престъпният|престъпна|престъпните|престъпен|престъпена|престъпно|престъпения|престъпени|престъпената|престъпната|престъпеното|престъпено|престъпното|престъпния|престъпни
ленив	A	false		negative	true	false	false	0.0	0.0	ленивия|ленивата|ленива|лениво|ленив|ленивият|ленивото|ленивите|лениви
страхотен	A	false		positive	true	false	true	0.0	0.0	страхотната|страхотно|страхотния|страхотна|страхотен|страхотният|страхотните|страхотното|страхотни
неемоционален	A	false			false	false	false	0.25	0.625	неемоционалния|неемоционалната|неемоционално|неемоционална|неемоционалното|неемоционалният|неемоционалните|неемоционални|неемоционален
скаленус синдром	N	true	disability		false	false	false	0.0	0.625	скаленус синдром
разреден	A	false			false	false	false	0.0	0.625	разреден|разредена|разредената|разреденото|разреденият|разредените|разредени|разредено|разредения
арменец	N	true	race_ethnicity	neutral	false	false	false	0.0	0.0	арменци|арменец|арменецът|арменеца|арменците
смешно	Adv	false			false	false	false	0.625	0.0	смешно
намръщен	A	false			false	false	false	0.125	0.75	намръщеното|намръщеният|намръщените|намръщения|намръщено|намръщена|намръщената|намръщен|намръщени
неблагословен	A	false			false	false	false	0.0	0.625	неблагословен|неблагословена|неблагословено|неблагословеното|неблагословения|неблагословената|неблагословеният|неблагословени|неблагословените
неудобен	A	false			false	false	false	0.0	0.75	неудобния|неудобният|неудобните|неудобното|неудобни|неудобен|неудобната|неудобна|неудобно
несъжаляващ	A	false			false	false	false	0.125	0.75	несъжаляващ
въодушевен	A	false			false	false	false	0.625	0.0	въодушевени|въодушевения|въодушевено|въодушевен|въодушевена|въодушевената|въодушевеното|въодушевеният|въодушевените
хеморагична септицемия	N	true	disability		false	false	false	0.25	0.625	хеморагична септицемия
безвкусен	A	false			false	false	false	0.0	0.625	безвкусният|безвкусните|безвкусна|безвкусното|безвкусно|безвкусния|безвкусни|безвкусен|безвкусната
обред	N	true	religion	neutral	false	false	false	0.0	0.0	обреди|обред|обредът|обреда|обредите
безупречен	A	false		positive	false	false	false	0.0	0.0	безупречни|безупречния|безупречен|безупречна|безупречният|безупречно|безупречните|безупречното|безупречната
гнусота	N	false		negative	true	false	false	0.0	0.75	гнусота|гнусотата
епилептичен пристъп	N	false			false	false	false	0.0	0.625	епилептичен пристъп
инертен	A	false			false	false	false	0.0	0.75	инертни|инертното|инертен|инертния|инертна|инертният|инертните|инертната|инертно
непознат	A	false			false	false	false	0.0	0.625	непознатия|непозната|непознат|непознатото|непознати|непознато|непознатата|непознатият|непознатите
хладен	A	false			false	false	false	0.25	0.625	хладни|хладното|хладен|хладна|хладният|хладните|хладния|хладно|хладната
аморфен	A	false			false	false	false	0.125	0.625	аморфно|аморфни|аморфният|аморфните|аморфен|аморфната|аморфния|аморфна|аморфното
нехристиянски	A	false			false	false	false	0.0	0.75	нехристиянското|нехристиянският|нехристиянските|нехристиянска|нехристиянско|нехристиянската|нехристиянски|нехристиянския
маломощен	A	false			false	false	false	0.0	0.75	маломощния|маломощният|маломощните|маломощното|маломощна|маломощно|маломощни|маломощен|маломощната
най-добър	A	false			false	false	false	0.75	0.0	
обич	N	false			false	false	false	0.625	0.0	обичта|обич
горимост	N	false			false	false	false	0.625	0.125	горимост|горимостта
кротък	A	false			false	false	false	0.625	0.0	кротката|кроткия|кротко|кроткото|кроткият|кротки|кротките|кротък|кротка
лош късмет	N	false			false	false	false	0.0	0.625	лош късмет
нудизъм	N	false			false	false	false	0.0	0.625	нудизмът|нудизма|нудизъм
саркастичен	A	false			false	false	false	0.0	0.625	саркастичният|саркастични|саркастичните|саркастичното|саркастичен|саркастичната|саркастична|саркастичния|саркастично
добродетелност	N	false			false	false	false	0.75	0.125	добродетелност|добродетелността
нокаут	N	false			false	false	false	0.0	0.625	нокаутите|нокаута|нокаутът|нокаут|нокаути
чернило	N	false	race_ethnicity	negative	true	true	false	0.0	0.0	чернилото|чернило|чернила|чернилата
нервиращ	A	false			false	false	false	0.125	0.875	нервират|нервирано|нервирах|нервиралите|нервирали|нервирахте|нервирани|нервираните|нервиралата|нервиращо|нервирала|нервиращ|нервирайки|нервираш|нервирана|нервиращите|нервираното|нервирай|нервиращи|нервираха|нервиралото|нервираща|нервиращия|нервиращото|нервиращата|нервиралият|нервира|нервираният|нервиралия|нервираме|нервирания|нервирате|нервиращият|нервираната|нервираше|нервирал|нервиран|нервирам|нервирайте|нервирахме|нервирало
ритуал	N	true	religion	neutral	false	false	false	0.0	0.0	ритуала|ритуали|ритуалът|ритуалите|ритуал
умисленост	N	false			false	false	false	0.0	0.75	умислеността|умисленост
неразрешимост	N	false			false	false	false	0.0	0.625	неразрешимост|неразрешимостта
жизнерадостнос	N	false			false	false	false	0.75	0.0	жизнерадостнос
Синдром на Рамзи-Хънт	N	true	disability		false	false	false	0.0	0.75	
неправилност	N	false			false	false	false	0.125	0.75	неправилност|неправилността
смъдеж	N	false			false	false	false	0.0	0.625	смъдеж
синя лента	N	false			false	false	false	0.75	0.0	синя лента
неофициален	A	false			false	false	false	0.0	0.75	неофициален|неофициалния|неофициална|неофициалната|неофициално|неофициалното|неофициалният|неофициалните|неофициални
паянтов	A	false			false	false	false	0.0	0.625	паянтовият|паянтовите|паянтови|паянтов|паянтовата|паянтово|паянтовото|паянтова|паянтовия
безполезно	Adv	false			false	false	false	0.25	0.625	безполезно
изхабен	A	false			false	false	false	0.0	0.75	изхабеното|изхабеният|изхабените|изхабена|изхабен|изхабената|изхабено|изхабени|изхабения
уникален	A	false		positive	true	false	false	0.0	0.0	уникалната|уникални|уникалния|уникален|уникалният|уникално|уникалните|уникалното|уникална
пневмонен	A	false			false	false	false	0.0	0.625	пневмонен
прокобен	A	false			false	false	false	0.625	0.375	прокобният|прокобните|прокобното|прокобно|прокобна|прокобния|прокобен|прокобни|прокобната
харесам се	V	false			false	false	false	0.625	0.0	харесам се
нервиран	A	false			false	false	false	0.0	0.625	нервират|нервирано|нервирах|нервиралите|нервирали|нервирахте|нервирани|нервираните|нервиралата|нервиращо|нервирала|нервиращ|нервирайки|нервираш|нервирана|нервиращите|нервираното|нервирай|нервиращи|нервираха|нервиралото|нервираща|нервиращия|нервиращото|нервиращата|нервиралият|нервира|нервираният|нервиралия|нервираме|нервирания|нервирате|нервиращият|нервираната|нервираше|нервирал|нервиран|нервирам|нервирайте|нервирахме|нервирало
адресируем	A	false			false	false	false	0.625	0.0	адресируем
афазичен	A	false			false	false	false	0.0	0.75	афазичен
подправен	A	false			false	false	false	0.0	0.75	подправен|подправело|подправехме|подправел|подправило|подправилото|подправя|подправех|подправилите|подправеше|подправената|подправете|подправите|подправения|подправихте|подправилата|подправил|подправеният|подправим|подправихме|подправи|подправих|подправиш|подправеха|подправилият|подправеното|подправят|подправиха|подправена|подправела|подправилия|подправила|подправени|подправели|подправехте|подправените|подправили|подправено
неистинен	A	false			false	false	false	0.0	0.75	неистинната|неистинен|неистинна|неистинно|неистинния|неистинното|неистинният|неистинните|неистинни
самоуважение	N	false		positive	false	false	false	0.0	0.0	самоуважение|самоуважението
неконкурентен	A	false			false	false	false	0.0	0.75	неконкурентен|неконкурентни|неконкурентния|неконкурентната|неконкурентно|неконкурентното|неконкурентният|неконкурентните|неконкурентна
опечален	A	false			false	false	false	0.0	0.625	опечаления|опечален|опечалено|опечаленото|опечаленият|опечалена|опечалените|опечалената|опечалени
мощен	A	false			false	false	false	0.125	0.875	мощно|мощна|мощен|мощното|мощният|мощните|мощната|мощни|мощния
синтезиран	A	false			false	false	false	0.0	0.75	синтезираме|синтезиралото|синтезирахте|синтезирал|синтезиран|синтезирам|синтезиращ|синтезираш|синтезираното|синтезират|синтезирах|синтезиращата|синтезиралият|синтезираща|синтезираният|синтезираха|синтезиращи|синтезирай|синтезиращият|синтезиращо|синтезирала|синтезирахме|синтезирана|синтезирания|синтезираната|синтезиралия|синтезирали|синтезирани|синтезиралата|синтезирано|синтезира|синтезиращото|синтезирало|синтезирайте|синтезиралите|синтезирайки|синтезираните|синтезираше|синтезиращия|синтезиращите|синтезирате
нещастно	Adv	false			false	false	false	0.0	0.625	нещастно
пробождане	N	false			false	false	false	0.0	0.625	пробождания|пробожданията|пробождане|пробождането
страхливец	N	false		negative	false	false	false	0.0	0.75	страхливците|страхливеца|страхливецът|страхливци|страхливец
ужасен	A	false		negative	true	false	false	0.0	0.875	ужасената|ужасени|ужасения|ужасен|ужасено|ужасеното|ужасеният|ужасените|ужасена
нарколепсия	N	false			false	false	false	0.0	0.625	нарколепсия
детерминист	N	false			false	false	false	0.0	0.625	детерминист
свят	A	false		positive	false	false	false	0.75	0.0	свято|свети|светият|светите|светия|свята|святата|святото|свят
в траур	A	false			false	false	false	0.0	0.625	в траур
свян	N	false			false	false	false	0.0	0.75	свян|свянът|свянове|свяна|свяновете
педал	N	false	gender	negative	true	true	false	0.0	0.0	педалите|педала|педал|педали|педалът
ненаграден	A	false			false	false	false	0.0	0.625	ненаградния|ненаградни|ненаграден|ненаградното|ненаградният|ненаградните|ненаградна|ненаградната|ненаградно
акула	N	false			false	false	false	0.0	0.625	акула|акулата|акулите|акули
дързък	A	false		negative	false	false	false	0.0	0.0	дръзки|дързък|дръзко|дръзка|дръзката|дръзкият|дръзките|дръзкия|дръзкото
рационален	A	false			false	false	false	0.75	0.0	рационален|рационални|рационалния|рационалната|рационално|рационалното|рационалният|рационална|рационалните
състрадание	N	false			false	false	false	0.0	0.625	състраданието|състрадание|състрадания|състраданията
честност	N	false		positive	false	false	false	0.0	0.0	честност|честността
блуждаещ	A	false			false	false	false	0.0	0.625	блуждали|блуждахте|блуждалото|блуждае|блуждаещия|блуждало|блуждаел|блуждаещото|блуждаехте|блуждаха|блуждай|блуждаете|блуждалите|блуждаещият|блуждаят|блуждаеше|блуждала|блуждая|блужда|блуждаещо|блуждаела|блуждаело|блуждаехме|блуждалата|блуждалия|блуждаели|блуждаеха|блуждаем|блуждахме|блуждаещата|блуждаеща|блуждал|блуждайте|блуждаех|блуждах|блуждалият|блуждаещ|блуждаещи|блуждаещите|блуждаеш|блуждаейки
убийствен	A	false			false	false	false	0.625	0.125	убийствена|убийствената|убийствения|убийствено|убийственото|убийственият|убийствените|убийствени|убийствен
метралгия	N	true	disability		false	false	false	0.0	0.625	метралгия
отрека	V	false			false	false	false	0.0	0.875	отречено|отречените|отрека|отречени|отрекло|отречах|отрекохме|отречало|отреклата|отречете|отречен|отречем|отреклите|отречеше|отрекъл|отречената|отреченият|отречахме|отречаха|отрекох|отречи|отрече|отрекоха|отречахте|отреклото|отречеш|отрекли|отреченото|отречения|отречена|отреклия|отречал|отрекохте|отречали|отрекла|отреклият|отрекат|отречала
просветлен	A	false			false	false	false	0.75	0.0	просветления|просветлено|просветлен|просветлени|просветленото|просветленият|просветлените|просветлената|просветлена
почит	N	false			false	false	false	0.75	0.0	почит|почитта
многократно гласуване	N	false			false	false	false	0.0	0.75	многократно гласуване
режещ	A	false			false	false	false	0.0	0.75	режещата|рязано|рязаните|режещ|режеш|режи|рязани|реже|режели|режех|режещия|режело|режа|режела|режем|рязахте|режел|режещите|рязаната|режеща|режеха|режехме|рязалият|рязалото|рязала|режеше|рязало|рязалите|рязали|режещо|ряза|режещи|рязахме|режейки|рязалата|рязалия|рязаният|режехте|рязания|режат|режещото|рязаното|рязана|рязах|рязаха|рязал|режете|режещият|рязан
рехабилитация	N	true	disability	neutral	false	false	false	0.0	0.0	рехабилитацията|рехабилитации|рехабилитация|рехабилитациите
много точен	A	false			false	false	false	0.625	0.25	много точен
търпимост	N	false			false	false	false	0.0	0.625	търпимостта|търпимост
утешител	N	false			false	false	false	0.0	0.625	утешителя|утешителите|утешители|утешителят|утешител
добро настроение	N	false			false	false	false	0.875	0.0	добро настроение
тежест	N	false			false	false	false	0.125	0.625	тежест|тежестта|тежести|тежестите
приветливост	N	false			false	false	false	0.625	0.0	приветливостта|приветливост
зачитане	N	false			false	false	false	0.75	0.0	зачитания|зачитанията|зачитането|зачитане
справедлив	A	false		positive	true	false	false	0.75	0.0	справедливи|справедливия|справедлива|справедлив|справедливата|справедливо|справедливият|справедливите|справедливото
метотрексат	N	false			false	false	false	0.0	0.625	метотрексат
праведник	N	false	religion	positive	true	false	false	0.0	0.0	праведници|праведника|праведникът|праведниците|праведник
навременен	A	false			false	false	false	0.75	0.0	навременен|навременни|навременният|навременното|навременните|навременната|навременно|навременния|навременна
хидронефроза	N	true	disability		false	false	false	0.0	0.625	хидронефроза
пневмоничен	A	false			false	false	false	0.0	0.625	пневмонична|пневмонично|пневмоничен|пневмоничната|пневмоничния|пневмоничното|пневмоничният|пневмонични|пневмоничните
недоходен	A	false			false	false	false	0.0	0.625	недоходни|недоходният|недоходните|недоходен|недоходното|недоходния|недоходна|недоходната|недоходно
неравен	A	false			false	false	false	0.25	0.625	неравни|неравната|неравен|неравният|неравните|неравното|неравна|неравния|неравно
слон	N	false	appearance	negative	true	true	false	0.0	0.0	слоновете|слон|слонът|слона|слонове
артерит на Такаясу	N	false			false	false	false	0.0	0.625	
блондинка	N	true	appearance	neutral	false	false	false	0.0	0.0	блондинката|блондинки|блондинките|блондинка
естетичност	N	false			false	false	false	0.875	0.0	естетичността|естетичност
малък припадък	N	false			false	false	false	0.0	0.625	малък припадък
стрелна се	V	false			false	false	false	0.0	0.625	стрелна се
ампутация	N	true	disability	neutral	false	false	false	0.0	0.0	ампутация|ампутации|ампутацията|ампутациите
хаптоглобин	N	false			false	false	false	0.625	0.0	хаптоглобин
сакат	A	true	disability	negative	false	false	false	0.0	0.0	сакатия|сакат|сакатата|сакати|сакатото|сакатият|сакатите|сакато|саката
безоловен	A	false			false	false	false	0.0	0.75	безоловно|безоловна|безоловен|безоловни|безоловната|безоловният|безоловните|безоловния|безоловното
на високо ниво	A	false			false	false	false	0.625	0.0	на високо ниво
непрепоръчителност	N	false			false	false	false	0.125	0.625	непрепоръчителност|непрепоръчителността
най-добре	A	false			false	false	false	0.75	0.0	
неподреден	A	false			false	false	false	0.0	0.625	неподредени|неподредена|неподредения|неподредената|неподредено|неподреденият|неподредените|неподреденото|неподреден
безамбициозен	A	false		negative	false	false	false	0.0	0.0	безамбициозен
отрицателен	A	false			false	false	false	0.0	0.875	отрицателна|отрицателния|отрицателно|отрицателното|отрицателни|отрицателният|отрицателните|отрицателната|отрицателен
песимизъм	N	false			false	false	false	0.0	0.625	песимизма|песимизмът|песимизъм
племе	N	true	race_ethnicity	neutral	false	false	false	0.0	0.0	племе|племето|племената|племена
гингивит	N	true	disability		false	false	false	0.0	0.75	гингивит
гиардиаза	N	false			false	false	false	0.0	0.625	гиардиаза
унижавам	V	false		negative	true	false	false	0.0	0.0	унижава|унижавайте|унижаваме|унижавате|унижавах|унижаващото|унижавалата|унижават|унижаваната|унижаван|унижавам|унижаваше|унижавал|унижаваща|унижаващия|унижаващ|унижаваш|унижаваният|унижаващият|унижавалият|унижавана|унижавания|унижаващо|унижавала|унижавалия|унижаващата|унижаващи|унижавалото|унижавай|унижаваха|унижаваното|унижавахме|унижавало|унижавайки|унижавахте|унижавано|унижаваните|унижаващите|унижавалите|унижавани|унижавали
изчистен	A	false			false	false	false	0.625	0.0	изчистената|изчистена|изчистеното|изчистеният|изчистено|изчистените|изчистени|изчистения|изчистен
турски	A	false	race_ethnicity	negative	false	false	false	0.0	0.0	турската|турското|турският|турските|турска|турско|турския|турски
безкрак	A	false			false	false	false	0.0	0.625	безкрак|безкраката|безкрака|безкракият|безкраките|безкрако|безкраки|безкракия|безкракото
наказуем	A	false			false	false	false	0.125	0.75	наказуем|наказуеми|наказуемият|наказуемите|наказуемото|наказуемия|наказуема|наказуемата|наказуемо
нос	N	true	appearance	neutral	false	false	false	0.0	0.0	нос|носове|носовете|носа|носът
Лаймска болест	N	true	disability		false	false	false	0.0	0.75	
обнадежден	A	false			false	false	false	0.625	0.0	обнадеждяло|обнадеждения|обнадеждихме|обнадеждената|обнадеждяхме|обнадеждите|обнадеждените|обнадеждихте|обнадеждилото|обнадеждя|обнадеждете|обнадеждиха|обнадежден|обнадеждилия|обнадеждяхте|обнадеждилите|обнадеждят|обнадеждели|обнадеждях|обнадеждила|обнадеждени|обнадеждилата|обнадеждял|обнадеждих|обнадежденият|обнадеждиш|обнадеждена|обнадеждил|обнадеждим|обнадеждеше|обнадеждяла|обнадежди|обнадежденото|обнадеждяха|обнадеждило|обнадеждилият|обнадеждили|обнадеждено
общителен	A	false			false	false	false	0.625	0.125	общителния|общителна|общителен|общителният|общителните|общителни|общителната|общително|общителното
скатофагия	N	false			false	false	false	0.0	0.75	скатофагия
противоречив	A	false			false	false	false	0.0	0.625	противоречивата|противоречиви|противоречив|противоречивия|противоречивият|противоречивите|противоречива|противоречиво|противоречивото
свободен стих	N	false			false	false	false	0.0	0.625	свободен стих
нервно изтощение	N	false			false	false	false	0.0	0.75	нервно изтощение
другар	N	false		neutral	false	false	false	0.0	0.0	другарю|другаря|другарите|другарят|другари|другар
недоверчив	A	false			false	false	false	0.0	0.75	недоверчивия|недоверчивата|недоверчива|недоверчиво|недоверчиви|недоверчив|недоверчивото|недоверчивият|недоверчивите
храбър	A	false		positive	true	false	false	0.625	0.0	храбра|храбрата|храбрия|храбро|храбри|храбрият|храброто|храбрите|храбър
алтруист	N	false		positive	false	false	false	0.0	0.0	алтруист|алтруистите|алтруиста|алтруистът|алтруисти
мизантропски	A	false			false	false	false	0.0	0.625	мизантропски|мизантропския|мизантропско|мизантропската|мизантропска|мизантропското|мизантропският|мизантропските
гангстер	N	false		negative	true	false	false	0.0	0.0	гангстер|гангстерът|гангстерите|гангстери|гангстера
неженствен	A	false			false	false	false	0.25	0.75	неженствен|неженствена|неженствения|неженствената|неженствено|неженственият|неженствените|неженственото|неженствени
обожаване	N	false			false	false	false	0.125	0.625	обожаване|обожаването
покорен	A	false		negative	false	false	false	0.75	0.0	покорена|покорената|покорено|покорен|покореното|покореният|покорените|покорени|покорения
романтичен	A	false			false	false	false	0.625	0.125	романтично|романтичното|романтичната|романтичния|романтичният|романтични|романтичните|романтичен|романтична
лидер	N	false		positive	false	false	false	0.0	0.0	лидерите|лидера|лидерът|лидер|лидери
гениален	A	false		positive	true	false	false	0.0	0.0	гениална|гениалната|гениално|гениалния|гениални|гениален|гениалното|гениалният|гениалните
православен	A	true	religion	neutral	false	false	false	0.0	0.0	православният|православни|православните|православното|православен|православната|православно|православна|православния
мирянски	A	false			false	false	false	0.0	0.625	мирянското|мирянско|мирянския|мирянска|мирянски|мирянската|мирянският|мирянските
изричен	A	false			false	false	false	0.125	0.625	изричния|изричният|изричните|изрична|изрично|изричното|изричната|изрични|изричен
недискретност	N	false			false	false	false	0.875	0.0	недискретността|недискретност
наследствена афибриногенемия	N	true	disability		false	false	false	0.0	0.625	наследствена афибриногенемия
опознаваем	A	false			false	false	false	0.625	0.0	опознаваем
хигиенизиране	N	false			false	false	false	0.625	0.0	хигиенизиране|хигиенизирането
неприроден	A	false			false	false	false	0.0	0.75	неприроден
грубо	Adv	false		negative	true	false	false	0.625	0.125	грубо
мъртъв	A	false			false	false	false	0.0	0.75	мъртви|мъртвия|мъртвата|мъртво|мъртва|мъртвият|мъртвите|мъртъв|мъртвото
освобождавам	V	false		positive	false	false	false	0.0	0.0	освобождавалото|освобождавалия|освобождаваща|освобождаваното|освобождавах|освобождаващият|освобождаваха|освобождаваш|освобождаващ|освобождавайки|освобождавам|освобождавахме|освобождаваше|освобождавалите|освобождаван|освобождават|освобождавате|освобождава|освобождаващото|освобождаваните|освобождавахте|освобождавал|освобождаваме|освобождавалата|освобождавали|освобождавайте|освобождавало|освобождавано|освобождаващите|освобождаваната|освобождавай|освобождаващи|освобождавалият|освобождаващата|освобождаващия|освобождавана|освобождавания|освобождаваният|освобождаващо|освобождавала|освобождавани
хуманистичен	A	false			false	false	false	0.625	0.0	хуманистичната|хуманистичния|хуманистичен|хуманистичното|хуманистичният|хуманистичните|хуманистична|хуманистично|хуманистични
мрачност	N	false			false	false	false	0.125	0.625	мрачност|мрачността
чичко	N	false	gender	neutral	false	false	true	0.0	0.0	чичковци|чичко|чичкото|чичковците
ненормален	A	false		negative	false	false	false	0.0	0.0	ненормално|ненормална|ненормалното|ненормалният|ненормалните|ненормален|ненормалната|ненормални|ненормалния
изключителен	A	false		positive	true	false	false	0.0	0.75	изключителният|изключителните|изключително|изключителното|изключителния|изключителна|изключителен|изключителната|изключителни
предотвратим	A	false			false	false	false	0.625	0.0	предотвратима|предотвратимият|предотвратимите|предотвратимото|предотвратими|предотвратимо|предотвратим|предотвратимата|предотвратимия
трошливост	N	false			false	false	false	0.125	0.75	трошливостта|трошливост
отчаян	A	false			false	false	false	0.125	0.625	отчаяно|отчаяната|отчаяния|отчаяна|отчаяният|отчаяните|отчаяното|отчаян|отчаяни
повреден	A	false			false	false	false	0.0	0.875	повреденият|повредените|повредения|повредена|повреденото|повредено|повреден|повредени|повредената
изклвам	V	false		negative	true	true	false	0.0	0.0	изклвам
нестероиден	A	false			false	false	false	0.0	0.625	нестероиден
хронична обструктивна белодробна болест	N	true	disability		false	false	false	0.0	0.625	хронична обструктивна белодробна болест
блудник	N	false	gender	negative	true	true	false	0.0	0.0	блудници|блудник|блудника|блудникът|блудниците
прокталгия	N	true	disability		false	false	false	0.0	0.625	прокталгия
извънредно	Adv	false			false	false	false	0.625	0.0	извънредно
изтъркан	A	false			false	false	false	0.0	0.75	изтърканата|изтъркани|изтъркан|изтъркания|изтъркано|изтъркана|изтърканото|изтърканият|изтърканите
откаченост	N	false			false	false	false	0.0	0.625	откаченост
опасен	A	false			false	false	false	0.0	0.625	опасни|опасното|опасен|опасния|опасна|опасният|опасните|опасната|опасно
приложим	A	false			false	false	false	0.625	0.0	приложимо|приложимото|приложимият|приложимите|приложимия|приложим|приложимата|приложими|приложима
идолопоклоннически	A	false			false	false	false	0.625	0.125	идолопоклонническата|идолопоклонническия|идолопоклоннически|идолопоклонническо|идолопоклонническият|идолопоклонническа|идолопоклонническото|идолопоклонническите
спиноцеребрално нарушение	N	true	disability		false	false	false	0.0	0.625	спиноцеребрално нарушение
въодушевяващ	A	false			false	false	false	0.75	0.25	въодушевяващия|въодушевяват|въодушевяван|въодушевяваното|въодушевявало|въодушевявалото|въодушевяващ|въодушевяваш|въодушевяваше|въодушевявах|въодушевяваме|въодушевяващата|въодушевявалите|въодушевявате|въодушевяваните|въодушевявахте|въодушевява|въодушевявалата|въодушевявайки|въодушевяващите|въодушевявахме|въодушевяваната|въодушевяваща|въодушевявайте|въодушевяващи|въодушевявай|въодушевяващото|въодушевяваха|въодушевяващо|въодушевявала|въодушевявания|въодушевявалият|въодушевявалия|въодушевяваният|въодушевявана|въодушевявал|въодушевявам|въодушевявано|въодушевяващият|въодушевявали|въодушевявани
афродизия	N	false			false	false	false	0.625	0.0	афродизия
мизерник	N	false		negative	true	true	false	0.0	0.0	мизерници|мизерниците|мизерник|мизерника|мизерникът
лицемерен	A	false			false	false	false	0.625	0.0	лицемерен|лицемерни|лицемерният|лицемерните|лицемерния|лицемерното|лицемерната|лицемерно|лицемерна
покорим	A	false			false	false	false	0.625	0.0	покорях|покорят|покорена|покорихте|покориха|покорените|покорилата|покорения|покорило|покоряха|покорил|покорим|покоря|покорено|покорили|покорих|покореното|покорели|покорял|покорени|покорилият|покориш|покорила|покорите|покорилия|покорете|покоряла|покореше|покореният|покорилото|покоряхме|покорената|покорихме|покорен|покоряхте|покоряло|покори|покорилите
хубаво време	N	false			false	false	false	0.625	0.0	хубаво време
неблагодарност	N	false			false	false	false	0.25	0.625	неблагодарността|неблагодарност
несвикнал	A	false			false	false	false	0.0	0.75	несвикнали|несвикналия|несвикналата|несвикналият|несвикналите|несвикналото|несвикнала|несвикнал|несвикнало
всестранен	A	false			false	false	false	0.625	0.0	всестранна|всестранен|всестранния|всестранното|всестранни|всестранният|всестранните|всестранно|всестранната
неопитомен	A	false			false	false	false	0.0	0.75	неопитомената|неопитомения|неопитомен|неопитоменото|неопитомено|неопитоменият|неопитомена|неопитомените|неопитомени
инфлуенца	N	false			false	false	false	0.625	0.125	инфлуенцата|инфлуенца
деградирал	A	false			false	false	false	0.375	0.625	деградираща|деградиращите|деградиралата|деградираме|деградиращата|деградирате|деградиралият|деградирайте|деградиращия|деградираше|деградиращият|деградирало|деградирам|деградира|деградирал|деградиралото|деградиралия|деградирах|деградирайки|деградирали|деградират|деградиращ|деградираш|деградиралите|деградирахте|деградиращо|деградирала|деградиращи|деградирай|деградираха|деградиращото|деградирахме
нелюбопитен	A	false			false	false	false	0.0	0.625	нелюбопитно|нелюбопитният|нелюбопитните|нелюбопитна|нелюбопитното|нелюбопитен|нелюбопитната|нелюбопитния|нелюбопитни
благополучен	A	false			false	false	false	0.625	0.125	благополучния|благополучният|благополучните|благополучното|благополучни|благополучен|благополучната|благополучно|благополучна
капризен	A	false		negative	true	false	false	0.0	0.0	капризната|капризният|капризните|капризни|капризно|капризното|капризния|капризна|капризен
помагач	N	false		negative	false	false	false	0.0	0.0	помагач|помагачите|помагача|помагачи|помагачът
замърсен	A	false			false	false	false	0.0	0.875	замърсилият|замърсяло|замърсите|замърсил|замърсете|замърсените|замърси|замърсим|замърсиха|замърсяхте|замърсилата|замърсих|замърсилия|замърсял|замърсяхме|замърсиш|замърсената|замърсят|замърсях|замърсилите|замърсели|замърсени|замърсено|замърсили|замърсена|замърсеният|замърсила|замърсилото|замърсен|замърсеше|замърсения|замърсяла|замърсихме|замърсило|замърсяха|замърся|замърсеното|замърсихте
гигант	N	true	appearance	neutral	false	false	false	0.0	0.0	гиганти|гигант|гигантите|гиганта|гигантът
светия	N	false	religion	positive	true	false	false	0.0	0.0	светията|светиите|светия|светии
натравяне със сграбиче	N	false			false	false	false	0.0	0.625	натравяне със сграбиче
проказа	N	false			false	false	false	0.0	0.625	проказата|проказа
асинхронен	A	false			false	false	false	0.0	0.625	асинхронна|асинхронната|асинхронно|асинхронният|асинхронните|асинхронното|асинхронния|асинхронни|асинхронен
общирност	N	false			false	false	false	0.0	0.625	общирност
приемлив	A	false			false	false	false	0.75	0.0	приемливо|приемлив|приемливи|приемливия|приемливото|приемливият|приемливите|приемлива|приемливата
легионелоза	N	true	disability		false	false	false	0.0	0.625	легионелоза
очерня	V	false			false	false	false	0.0	0.75	очернеше|очернилият|очернете|очернените|очерня|очернило|очерним|очернил|очернели|очернения|очернилото|очернихте|очернили|очернихме|очернено|очерних|очернело|очерниш|очернела|очернила|очернят|очернената|очернени|очерни|очерниха|очернилите|очернена|очерненият|очернехме|очернилата|очернел|очернеха|очернен|очернехте|очернех|очернилия|очерните|очерненото
лудост	N	false		negative	false	false	false	0.0	0.0	лудости|лудост|лудостта|лудостите
бъгав	A	false			false	false	false	0.0	0.625	бъгав
неправилен	A	false			false	false	false	0.125	0.75	неправилни|неправилното|неправилната|неправилният|неправилно|неправилните|неправилния|неправилна|неправилен
съхранител	N	false			false	false	false	0.25	0.625	съхранителите|съхранителя|съхранители|съхранителят|съхранител
епидемичен паротит	N	true	disability		false	false	false	0.25	0.625	епидемичен паротит
тръпки	N	false			false	false	false	0.25	0.625	тръпка|тръпката|тръпки|тръпките
трагедия	N	false			false	false	false	0.25	0.625	трагедиите|трагедия|трагедията|трагедии
директор	N	true	gender	neutral	false	false	false	0.0	0.0	директори|директорите|директорът|директор|директора
приемен брат	N	false			false	false	false	0.0	0.625	приемен брат
учителка	N	true	gender	neutral	false	false	false	0.0	0.0	учителката|учителки|учителките|учителко|учителка
хитър	A	false		negative	false	false	false	0.0	0.0	хитър|хитрият|хитрите|хитрото|хитри|хитрата|хитро|хитра|хитрия
игриво	Adv	false			false	false	false	0.625	0.0	игриво
издръжлив	A	false		positive	false	false	false	0.0	0.0	издръжлив|издръжливи|издръжливото|издръжливият|издръжливите|издръжливата|издръжлива|издръжливо|издръжливия
стерилен	A	false			false	false	false	0.625	0.0	стерилни|стерилната|стерилния|стерилният|стерилна|стерилните|стерилното|стерилно|стерилен
извратен	A	false			false	false	false	0.625	0.0	извратената|извратено|извратеният|извратените|извратеното|извратени|извратения|извратен|извратена
непристъпен	A	false			false	false	false	0.0	0.625	непристъпен|непристъпна|непристъпния|непристъпно|непристъпната|непристъпното|непристъпният|непристъпни|непристъпните
неквалифициран	A	false			false	false	false	0.0	0.75	неквалифициран|неквалифицирани|неквалифицираното|неквалифицираният|неквалифицираните|неквалифицирана|неквалифицираната|неквалифицирания|неквалифицирано
отрицателно	Adv	false			false	false	false	0.0	0.75	отрицателно
изпускане на урина	N	false			false	false	false	0.0	0.75	изпускане на урина
ахромия	N	true	disability		false	false	false	0.0	0.625	ахромия
разграничаващ	A	false			false	false	false	0.625	0.0	разграничавали|разграничавахме|разграничавани|разграничава|разграничавано|разграничаващата|разграничаващо|разграничавала|разграничавана|разграничаваната|разграничавал|разграничавам|разграничаван|разграничавайте|разграничаваха|разграничавания|разграничавай|разграничаващи|разграничавалия|разграничаваният|разграничаващият|разграничавалият|разграничаваща|разграничаващия|разграничавайки|разграничавалото|разграничавате|разграничаваме|разграничаваното|разграничаваше|разграничавалата|разграничават|разграничаващото|разграничавах|разграничаваните|разграничавахте|разграничаваш|разграничаващите|разграничавалите|разграничаващ|разграничавало
доблестен	A	false			false	false	false	0.625	0.0	доблестното|доблестна|доблестно|доблестни|доблестен|доблестният|доблестните|доблестната|доблестния
неотклонимост	N	false			false	false	false	0.0	0.625	неотклонимост
смирен	A	false		positive	false	false	false	0.0	0.0	смирения|смиреното|смирени|смирено|смирена|смирената|смирен|смиреният|смирените
глупав	A	false		negative	true	false	false	0.625	0.0	глупавото|глупав|глупавият|глупавите|глупави|глупавата|глупавия|глупава|глупаво
извънреден	A	false			false	false	false	0.625	0.0	извънредни|извънреден|извънредното|извънредният|извънредните|извънредната|извънредна|извънредния|извънредно
учтив	A	false			false	false	false	0.75	0.0	учтивата|учтивият|учтивите|учтива|учтивото|учтив|учтивия|учтиво|учтиви
спарен	A	false			false	false	false	0.0	0.875	спарения|спареният|спареното|спарени|спарените|спарената|спарен|спарена|спарено
изчерпаем	A	false			false	false	false	0.625	0.0	изчерпаем
остарял	A	true	appearance	neutral	false	false	false	0.0	0.75	остарялото|остаряло|остарели|остарелият|остаряла|остарелите|остарелия|остарялата|остарял
одобрение	N	false			false	false	false	0.625	0.0	одобрение|одобрението|одобрения|одобренията
пневмония	N	true	disability		false	false	false	0.0	0.75	пневмония|пневмонията
хваля	V	false		positive	false	false	false	0.0	0.0	хваленият|хвали|хвалещата|хвалещи|хвалилите|хвалиха|хвалеха|хвалещия|хвалел|хвалеща|хвалилото|хвалещите|хвалехте|хвалено|хвалих|хвалили|хвалели|хваля|хвалената|хвалени|хвалилата|хвалила|хвалят|хвалещо|хвалела|хвалена|хвалиш|хвалилия|хвалените|хвалеше|хвалилият|хвалехме|хвалим|хвалил|хвалейки|хвалило|хвалело|хвалещият|хваленото|хвалихме|хвалихте|хвален|хвалещ|хваления|хвалите|хвалете|хвалещото|хвалех
елементарен	A	false			false	false	false	0.0	0.75	елементарно|елементарни|елементарната|елементарен|елементарният|елементарните|елементарния|елементарното|елементарна
обожател	N	false			false	false	false	0.75	0.125	обожатели|обожателят|обожателя|обожател|обожателите
хиперсомния	N	false			false	false	false	0.125	0.625	хиперсомния
показен	A	false			false	false	false	0.875	0.0	показната|показен|показният|показните|показни|показния|показно|показното|показна
уязвим	A	false			false	false	false	0.0	0.625	уязвимия|уязвими|уязвимото|уязвим|уязвима|уязвимата|уязвимият|уязвимо|уязвимите
саможертва	N	false		positive	false	false	false	0.0	0.0	саможертва|саможертвите|саможертвата|саможертви
охранен	A	false	appearance	negative	false	false	false	0.0	0.0	охранената|охранен|охранени|охранения|охранена|охраненият|охранените|охранено|охраненото
храм	N	true	religion	neutral	false	false	false	0.0	0.0	храма|храмът|храм|храмовете|храмове
епидидимит	N	true	disability		false	false	false	0.0	0.75	епидидимит
замъглен	A	false			false	false	false	0.125	0.75	замъглени|замъглено|замъглена|замъгленото|замъглен|замъгленият|замъглените|замъглената|замъгления
скръндза	N	false		negative	true	true	false	0.0	0.0	скръндзите|скръндзи|скръндза|скръндзата
шериат	N	true	religion	neutral	false	false	false	0.0	0.0	шериат|шериата|шериатът
обезцветяване	N	false			false	false	false	0.0	0.75	обезцветяване|обезцветяването
неверник	N	false	religion	negative	true	false	false	0.0	0.0	неверника|неверник|неверници|неверникът|неверниците
регионален илеит	N	true	disability		false	false	false	0.0	0.625	регионален илеит
анхедония	N	false			false	false	false	0.0	0.625	анхедония
нестандартен	A	false			false	false	false	0.125	0.875	нестандартен|нестандартни|нестандартно|нестандартна|нестандартния|нестандартната|нестандартният|нестандартните|нестандартното
раса	N	true	race_ethnicity	neutral	false	false	false	0.0	0.0	расите|раса|расата|раси
веселост	N	false			false	false	false	0.125	0.625	веселост|веселостта
нисък	A	true	appearance	neutral	false	false	false	0.0	0.0	ниски|нисък|ниската|ниския|ниска|ниският|ниските|ниско|ниското
поправим	A	false			false	false	false	0.625	0.0	поправимо|поправима|поправимото|поправимият|поправимите|поправимата|поправимия|поправим|поправими
недостъпност	N	false			false	false	false	0.125	0.75	недостъпността|недостъпност
изкусно	Adv	false			false	false	false	0.625	0.0	изкусно
некритичен	A	false			false	false	false	0.0	0.75	некритичен|некритичният|некритично|некритичните|некритичното|некритична|некритичната|некритичния|некритични
противостоящ	A	false			false	false	false	0.0	0.625	противостоиш|противостоялите|противостой|противостояло|противостоял|противостоящото|противостоим|противостоящо|противостоялия|противостояла|противостоялото|противостоеше|противостои|противостоящият|противостоящ|противостоящи|противостояли|противостоях|противостоите|противостойте|противостоят|противостоящия|противостоялият|противостоящата|противостоели|противостояха|противостоейки|противостояща|противостоящите|противостоялата|противостояхте|противостоя|противостояхме
непростим	A	false			false	false	false	0.0	0.625	непростимо|непростима|непростимата|непростим|непростими|непростимия|непростимото|непростимият|непростимите
мошенически	A	false			false	false	false	0.0	0.625	мошеническият|мошеническите|мошеническото|мошеническа|мошеническата|мошеническо|мошеническия|мошенически
злополучност	N	false			false	false	false	0.0	0.625	злополучността|злополучност
нечувствителност	N	false			false	false	false	0.0	0.75	нечувствителността|нечувствителност
Синдром на Тайце	N	true	disability		false	false	false	0.0	0.625	
стеснителен	A	false			false	false	false	0.875	0.0	стеснителни|стеснителен|стеснителната|стеснителния|стеснителна|стеснителното|стеснително|стеснителният|стеснителните
непроходим	A	false			false	false	false	0.0	0.75	непроходимата|непроходимо|непроходима|непроходимото|непроходимият|непроходимите|непроходим|непроходимия|непроходими
крах	N	false			false	false	false	0.0	0.75	крахът|крахове|крах|краха|краховете
оспорвам	V	false			false	false	false	0.0	0.875	оспорвате|оспорващите|оспорвахме|оспорваната|оспорваше|оспорвалата|оспорва|оспорвайте|оспорващата|оспорваният|оспорвалия|оспорвал|оспорваме|оспорвалият|оспорвания|оспорващият|оспорвана|оспорвах|оспорваното|оспорващия|оспорвалото|оспорваш|оспорващи|оспорвай|оспорващ|оспорвам|оспорваха|оспорван|оспорваща|оспорват|оспорвало|оспорвано|оспорваните|оспорващото|оспорвали|оспорвани|оспорвахте|оспорвайки|оспорвалите|оспорващо|оспорвала
неуравновесен	A	false		negative	false	false	false	0.0	0.0	неуравновесено|неуравновесена|неуравновесената|неуравновесеното|неуравновесеният|неуравновесените|неуравновесени|неуравновесен|неуравновесения
показващ	A	false			false	false	false	0.625	0.0	показвай|показващи|показваха|показващият|показваща|показва|показваният|показвалият|показващата|показвали|показвани|показвайки|показван|показвам|показвайте|показващо|показвалия|показвала|показвания|показвана|показвал|показвах|показвалата|показваше|показваната|показващите|показват|показващия|показващ|показваните|показваш|показвало|показвано|показвахте|показвалите|показваме|показвахме|показващото|показвате|показвалото|показваното
безобразен	A	false			false	false	false	0.0	0.875	безобразен|безобразният|безобразните|безобразното|безобразни|безобразния|безобразната|безобразно|безобразна
неудобство	N	false			false	false	false	0.125	0.75	неудобство|неудобства|неудобствата|неудобството
бомбастичен	A	false			false	false	false	0.125	0.625	бомбастична|бомбастичен|бомбастични|бомбастичното|бомбастичния|бомбастичният|бомбастично|бомбастичните|бомбастичната
отегчителен	A	false		negative	false	false	false	0.0	0.0	отегчителната|отегчителния|отегчителна|отегчителен|отегчителното|отегчителният|отегчителните|отегчителни|отегчително
целеустремен	A	false		positive	false	false	false	0.0	0.0	целеустременото|целеустременият|целеустремена|целеустремените|целеустремения|целеустремено|целеустремени|целеустремен|целеустремената
луксозен	A	false			false	false	false	0.75	0.0	луксозни|луксозен|луксозния|луксозният|луксозното|луксозните|луксозната|луксозна|луксозно
несправедливо	Adv	false		negative	false	false	false	0.0	0.0	несправедливо
изгоден	A	false			false	false	false	0.625	0.0	изгодната|изгодният|изгодните|изгоден|изгодни|изгодния|изгодно|изгодна|изгодното
кардиален спазъм	N	false			false	false	false	0.0	0.625	кардиален спазъм
абеталипопротеинемия	N	true	disability		false	false	false	0.0	0.75	абеталипопротеинемия
дърта брантия	N	false			false	false	true	0.0	0.625	дърта брантия
неврастения	N	false			false	false	false	0.0	0.75	неврастения|неврастенията
противообществен	A	false			false	false	false	0.0	0.875	противообществен|противообществената|противообществени|противообщественият|противообществените|противообщественото|противообществения|противообществено|противообществена
психично заболяване	N	true	disability	neutral	false	false	false	0.0	0.0	психично заболяване
доловим	A	false			false	false	false	0.625	0.0	доловим|доловимия|доловимо|доловима|доловимият|доловимите|доловимото|доловимата|доловими
пародонтоза	N	true	disability		false	false	false	0.0	0.625	пародонтоза
героичен	A	false			false	false	false	0.75	0.0	героична|героичната|героично|героичен|героичния|героични|героичният|героичните|героичното
дисонанс	N	false			false	false	false	0.0	0.75	дисонанса|дисонанс|дисонансите|дисонанси|дисонансът
вредност	N	false			false	false	false	0.0	0.75	вредността|вредност
грозотия	N	false	appearance	negative	true	true	false	0.0	0.75	грозотиите|грозотията|грозотии|грозотия
некритически	A	false			false	false	false	0.125	0.625	некритически
джентълмен	N	true	gender	neutral	false	false	false	0.0	0.0	джентълмените|джентълмени|джентълмена|джентълменът|джентълмен
архангел	N	false			false	false	false	0.625	0.0	архангела|архангелът|архангели|архангелите|архангел
карцином ин ситу	N	true	disability		false	false	false	0.0	0.625	карцином ин ситу
опортюнистична инфекция	N	true	disability		false	false	false	0.0	0.625	опортюнистична инфекция
бурен	A	false			false	false	false	0.0	0.75	бурна|бурен|бурната|бурни|бурния|бурният|бурните|бурното|бурно
езичник	N	false	religion	negative	false	false	false	0.0	0.0	езичникът|езичници|езичниците|езичник|езичника
слуга	N	false		negative	false	false	false	0.0	0.0	слуги|слуга|слугите|слугата
разнороден	A	false			false	false	false	0.0	0.625	разнородно|разнородния|разнородни|разнороден|разнородното|разнородният|разнородните|разнородна|разнородната
харесам	V	false			false	false	false	0.625	0.0	харесай|харесаха|харесалата|харесаната|харесаме|харесаните|харесахте|харесалите|харесахме|харесате|харесаше|харесал|харесаното|харесам|харесан|хареса|харесайте|харесалото|харесано|харесало|харесалия|харесали|харесах|харесат|харесания|харесани|харесала|харесаният|харесалият|харесаш|харесана
сдържан	A	false			false	false	false	0.0	0.75	сдържани|сдържан|сдържаният|сдържаните|сдържаното|сдържано|сдържана|сдържания|сдържаната
опетнен	A	false		negative	false	false	false	0.125	0.625	опетнял|опетнели|опетнени|опетниш|опетнили|опетнено|опетних|опетним|опетняха|опетнил|опетнилото|опетнило|опетненият|опетнеше|опетнилия|опетняла|опетненото|опетняхме|опетнете|опетнилият|опетняхте|опетня|опетните|опетняло|опетнилата|опетнен|опетнихме|опетнените|опетнихте|опетниха|опетни|опетнения|опетнят|опетнена|опетнила|опетнилите|опетнената|опетнях
размъкнат	A	false			false	false	false	0.125	0.75	размъкнати|размъкнат|размъкнатия|размъкната|размъкнато|размъкнатото|размъкнатият|размъкнатите|размъкнатата
разпръснат	A	false			false	false	false	0.0	0.625	разпръсната|разпръснат|разпръснатия|разпръснатата|разпръснати|разпръснато|разпръснатият|разпръснатите|разпръснатото
натрапчив	A	false			false	false	false	0.0	0.75	натрапчивото|натрапчиви|натрапчивият|натрапчивите|натрапчивата|натрапчивия|натрапчиво|натрапчив|натрапчива
простатит	N	true	disability		false	false	false	0.0	0.875	простатит
разрошен	A	false			false	false	false	0.125	0.75	разрошила|разрошат|разрошиш|разрошели|разрошеният|разроша|разроших|разрошени|разрошиха|разрошилите|разрошела|разрошена|разрошил|разрошим|разрошило|разрошеше|разрошената|разрошили|разрошено|разрошилото|разрошения|разроши|разрошело|разрошите|разрошихте|разрошех|разрошените|разрошихме|разрошеното|разрошилият|разрошете|разрошехме|разрошилата|разрошеха|разрошехте|разрошен|разрошилия|разрошел
рана	N	false			false	false	false	0.25	0.625	рани|раните|раната|рана
свръхкритичен	A	false			false	false	false	0.0	0.625	свръхкритичен
апетитен	A	false			false	false	false	0.75	0.25	апетитната|апетитни|апетитният|апетитните|апетитния|апетитното|апетитно|апетитна|апетитен
плавен	A	false			false	false	false	0.625	0.0	плавни|плавния|плавно|плавна|плавното|плавният|плавните|плавен|плавната
коцкарски	A	false			false	false	false	0.125	0.875	коцкарски
виещ	A	false			false	false	false	0.0	0.625	виещ|виещото|виещия|виещият|виещите|виещата|виещи|виещо|виеща
заушки	N	false			false	false	false	0.25	0.625	заушки|заушките
осъзная се	V	false			false	false	false	0.75	0.25	осъзная се
уважаван	A	false			false	false	false	1.0	0.0	уважавате|уважавал|уважавам|уважаващият|уважаван|уважавахме|уважаваното|уважаваше|уважават|уважавайки|уважавалото|уважавах|уважаваш|уважаващ|уважаващото|уважаваните|уважавалия|уважава|уважавания|уважавалите|уважаваме|уважаващо|уважавала|уважавана|уважаващите|уважаващия|уважаващи|уважаваната|уважавай|уважаваха|уважаваща|уважавалата|уважавало|уважаваният|уважавано|уважавайте|уважаващата|уважавали|уважавани|уважавалият|уважавахте
непринуден	A	false			false	false	false	0.0	0.75	непринудени|непринуденият|непринудената|непринудените|непринуденото|непринуден|непринудено|непринудения|непринудена
уклончивост	N	false			false	false	false	0.125	0.75	уклончивостта|уклончивост
безгрижност	N	false			false	false	false	0.375	0.625	безгрижността|безгрижност
жалко	Adv	false		negative	false	false	false	0.0	0.0	жалко
заушка	N	false			false	false	false	0.25	0.625	заушки|заушката|заушка|заушките
бледнота	N	false			false	false	false	0.0	0.625	бледнота|бледнотата
спазъм	N	false			false	false	false	0.0	0.625	спазъмът|спазмите|спазъма|спазми|спазъм
приятно възбуден	A	false			false	false	false	0.25	0.625	приятно възбуден
слепота	N	true	disability	neutral	false	false	false	0.0	0.0	слепота|слепотата
сляп	A	true	disability	neutral	false	false	false	0.0	0.75	сляп|сляпа|сляпото|сляпо|слепи|сляпата|слепият|слепите|слепия
досаждащ	A	false			false	false	false	0.0	0.75	досаждало|досаждат|досаждаш|досаждах|досаждал|досаждалия|досаждам|досаждали|досаждалата|досаждащите|досаждайте|досаждащо|досаждала|досаждахме|досаждащи|досаждаха|досаждащата|досаждалият|досаждащ|досаждай|досаждаща|досаждалото|досаждащият|досаждаме|досаждахте|досаждайки|досажда|досаждате|досаждащия|досаждалите|досаждаше|досаждащото
незалесен	A	false			false	false	false	0.0	0.625	незалесено|незалесена|незалесеното|незалесеният|незалесените|незалесени|незалесен|незалесената|незалесения
неблагоприятност	N	false			false	false	false	0.0	0.625	неблагоприятност
бледност	N	false			false	false	false	0.0	0.625	бледността|бледност
незадоволителен	A	false			false	false	false	0.0	0.875	незадоволителна|незадоволително|незадоволителния|незадоволителното|незадоволителният|незадоволителните|незадоволителната|незадоволителни|незадоволителен
паранормален	A	false			false	false	false	0.0	0.875	паранормален|паранормални|паранормалната|паранормалното|паранормалният|паранормално|паранормалните|паранормална|паранормалния
Хънт синдром	N	true	disability		false	false	false	0.0	0.75	
дисфория	N	false			false	false	false	0.0	0.75	дисфория
несъвършен	A	false		negative	false	false	false	0.0	0.0	несъвършеното|несъвършеният|несъвършени|несъвършените|несъвършен|несъвършената|несъвършено|несъвършена|несъвършения
самобичуване	N	false			false	false	false	0.0	0.625	самобичуване|самобичуването
непредпазлив	A	false			false	false	false	0.125	0.625	непредпазлива|непредпазлив|непредпазливият|непредпазливите|непредпазливо|непредпазливия|непредпазливата|непредпазливи|непредпазливото
безнравствен	A	false		negative	true	false	false	0.125	0.75	безнравствения|безнравствена|безнравствено|безнравственият|безнравствените|безнравственото|безнравствен|безнравствени|безнравствената
непрекосен	A	false			false	false	false	0.0	0.625	непрекосения|непрекосената|непрекосени|непрекосеното|непрекосеният|непрекосените|непрекосена|непрекосено|непрекосен
слисващ	A	false			false	false	false	0.0	0.75	слисвани|слисвали|слисвалите|слисваното|слисва|слисващи|слисвана|слисващо|слисвала|слисващото|слисваща|слисвалата|слисвайте|слисваха|слисвахте|слисваната|слисвай|слисван|слисваните|слисвайки|слисващите|слисвал|слисвам|слисвахме|слисвах|слисваме|слисваш|слисват|слисвалият|слисващата|слисващ|слисвате|слисвания|слисвалия|слисваше|слисвалото|слисваният|слисвано|слисващия|слисвало|слисващият
привлекателен	A	true	appearance	neutral	false	false	false	0.875	0.0	привлекателен|привлекателна|привлекателния|привлекателната|привлекателно|привлекателни|привлекателният|привлекателните|привлекателното
експанзивен	A	false			false	false	false	0.0	0.625	експанзивния|експанзивен|експанзивната|експанзивни|експанзивно|експанзивна|експанзивното|експанзивният|експанзивните
равномерен	A	false			false	false	false	0.125	0.625	равномерен|равномерния|равномерни|равномерната|равномерният|равномерните|равномерното|равномерно|равномерна
пародонтит	N	true	disability		false	false	false	0.0	0.625	пародонтит
надлъжно платно	N	false			false	false	false	0.0	0.75	надлъжно платно
срамя	V	false		negative	false	false	false	0.0	0.0	срамейки|срамиха|срамящия|срамим|срамените|срамил|срамена|срамилия|срамящата|срамих|срамиш|срамящият|срамилите|срамената|срамят|срамилата|срамите|срами|срамяло|срамял|срамяхме|срамящо|срамяла|срамилото|срамихте|срамения|сраменият|срамете|срамящото|срамях|срамящи|срамило|срамяхте|срамящ|срамеше|срамили|срамяща|срамено|срамя|срамящите|срамяха|срамилият|срамила|сраменото|срамен|срамихме|срамели|срамени
нерегулиран	A	false			false	false	false	0.0	0.625	нерегулирания|нерегулирани|нерегулираното|нерегулиран|нерегулираната|нерегулираният|нерегулирана|нерегулираните|нерегулирано
недескриптивен	A	false			false	false	false	0.125	0.75	недескриптивен
стенещ	A	false			false	false	false	0.0	0.625	стенало|стенехте|стенели|стенело|стеналия|стенещо|стеналото|стенела|стенали|стенеше|стенал|стенещият|стенете|стенах|стеналият|стенат|стенехме|стенещото|стеналата|стенел|стенещи|стенещите|стена|стенейки|стенала|стенем|стенаха|стенеща|стенещ|стеналите|стенеш|стенахме|стенещия|стенещата|стене|стенахте|стенеха|стенех|стени
неревизиран	A	false			false	false	false	0.125	0.625	неревизиран
развратник	N	false	gender	negative	true	false	false	0.0	0.0	развратници|развратниците|развратника|развратник|развратникът
болка на растежа	N	false			false	false	false	0.125	0.625	болка на растежа
болест на Хурлер	N	true	disability		false	false	false	0.0	0.75	
неминуем	A	false			false	false	false	0.0	0.625	неминуема|неминуемо|неминуем|неминуемия|неминуемата|неминуемото|неминуеми|неминуемият|неминуемите
светец	N	true	religion	positive	false	false	false	0.0	0.0	светецо|светецът|светци|светец|светците|светеца
непридирчив	A	false			false	false	false	0.0	0.75	непридирчиво|непридирчивия|непридирчива|непридирчивата|непридирчивото|непридирчивият|непридирчивите|непридирчив|непридирчиви
нелегитимност	N	false			false	false	false	0.0	0.875	нелегитимността|нелегитимност
посттравматично стресово разстройство	N	true	disability		false	false	false	0.0	0.625	посттравматично стресово разстройство
изсмукан от пръстите	A	false			false	false	false	0.625	0.125	изсмукан от пръстите
натравяне с паратион	N	false			false	false	false	0.0	0.625	натравяне с паратион
плачевно	Adv	false			false	false	false	0.0	0.875	плачевно|плачевния|плачевният|плачевните|плачевна|плачевното|плачевната|плачевен|плачевни
акне	N	true	appearance	neutral	false	false	false	0.0	0.625	акне|акнето
стресиращ	A	false			false	false	false	0.0	0.625	стресираното|стресираща|стресиралото|стресираха|стресиращия|стресирай|стресиращи|стресирана|стресираните|стресирах|стресираш|стресирахте|стресиращо|стресирала|стресиращата|стресира|стресиращ|стресиралите|стресирани|стресиран|стресиралата|стресирали|стресират|стресирайки|стресиращите|стресирано|стресирало|стресираната|стресирам|стресирал|стресирахме|стресираше|стресирайте|стресиращото|стресирате|стресираният|стресираме|стресиралият|стресиралия|стресиращият|стресирания
изглед	N	true	appearance	neutral	false	false	false	0.0	0.0	изгледи|изгледите|изгледът|изглед|изгледа
ням	A	false			false	false	false	0.0	0.625	немият|немите|немия|нямо|неми|ням|нямата|няма|нямото
подбудител на омраза	N	false			false	false	false	0.125	0.625	подбудител на омраза
банкрут	N	false			false	false	false	0.0	0.625	банкрута|банкрутът|банкрутите|банкрути|банкрут
аклиматизираност	N	false			false	false	false	0.625	0.0	аклиматизираност
плавност	N	false			false	false	false	0.625	0.125	плавност|плавността
дребнавост	N	false			false	false	false	0.625	0.0	дребнавост|дребнавости|дребнавостта|дребнавостите
хепатомегалия	N	false			false	false	false	0.0	0.625	хепатомегалия
везикулит	N	true	disability		false	false	false	0.0	0.75	везикулит
предразположен	A	false			false	false	false	0.0	0.625	предразположения|предразположената|предразположени|предразположена|предразположен|предразположеното|предразположеният|предразположено|предразположените
вилнеещ	A	false			false	false	false	0.0	0.625	вилнеел|вилняха|вилнеем|вилнея|вилнеете|вилнееше|вилнейте|вилнеещото|вилнеех|вилняла|вилнеещия|вилнял|вилнеят|вилнеейки|вилнялата|вилнелите|вилнеело|вилнеещите|вилнелия|вилнеели|вилнях|вилнели|вилнеещо|вилнеела|вилней|вилнеещи|вилнее|вилнеещата|вилнееха|вилнеещ|вилнееш|вилнееща|вилнелият|вилнеехте|вилнеещият|вилняхте|вилняло|вилня|вилнеехме|вилняхме|вилнялото
алергичен	A	false			false	false	false	0.0	0.625	алергичен|алергични|алергичната|алергично|алергичното|алергичният|алергична|алергичните|алергичния
гломерулонефрит	N	true	disability		false	false	false	0.0	0.75	гломерулонефрит
гражданска милиция	N	false			false	false	false	0.0	0.625	гражданска милиция
непромит	A	false			false	false	false	0.0	0.625	непромит
колеблив	A	false		negative	true	false	false	0.625	0.0	колебливи|колебливия|колеблива|колеблив|колебливо|колебливата|колебливият|колебливите|колебливото
изтезател	N	false			false	false	false	0.0	0.75	изтезател
комбинатор	N	false		negative	false	false	true	0.0	0.0	комбинатор|комбинаторът|комбинатори|комбинаторите|комбинатора
готвач	N	true	gender	neutral	false	false	false	0.0	0.0	готвач|готвачи|готвачите|готвача|готвачът
неподкрепен	A	false			false	false	false	0.0	0.625	неподкрепена|неподкрепено|неподкрепеният|неподкрепените|неподкрепения|неподкрепеното|неподкрепени|неподкрепен|неподкрепената
уста	N	true	appearance	neutral	false	false	false	0.0	0.0	устата|усти|уста|устите
взаимно изключващ се	A	false			false	false	false	0.0	0.625	взаимно изключващ се
противокуршумна жилетка	N	false			false	false	false	0.625	0.0	противокуршумна жилетка
за жалост	Adv	false			false	false	false	0.0	0.875	за жалост
отвращение	N	false		negative	true	false	false	0.0	0.0	отвращение|отвращенията|отвращението|отвращения
завистлив	A	false		negative	true	false	false	0.0	0.0	завистлив|завистлива|завистливото|завистливо|завистливият|завистливите|завистливата|завистливи|завистливия
маниакална депресия	N	true	disability		false	false	false	0.0	0.625	маниакална депресия
нещастие	N	false			false	false	false	0.0	0.625	нещастията|нещастие|нещастието|нещастия
осквернявам	V	false		negative	true	false	false	0.0	0.0	оскверняващ|осквернявани|оскверняваш|оскверняващото|осквернявали|оскверняваните|осквернявалата|осквернявано|осквернявалия|осквернявало|осквернявания|осквернявайте|оскверняваха|оскверняваното|оскверняващи|оскверняван|осквернявам|осквернявай|осквернявахте|осквернявал|осквернявана|осквернявалият|оскверняващо|осквернявала|осквернявах|осквернявахме|оскверняващият|оскверняват|оскверняваният|осквернявалото|оскверняваща|осквернява|оскверняващата|оскверняваше|оскверняваната|осквернявате|осквернявайки|осквернявалите|оскверняваме|оскверняващия|оскверняващите
солен	A	false			false	false	false	0.0	0.75	соленото|соленият|солени|солените|соления|солен|солено|солена|солената
необикновен	A	false			false	false	false	0.25	0.625	необикновеното|необикновеният|необикновените|необикновена|необикновено|необикновен|необикновени|необикновената|необикновения
неуважение	N	false			false	false	false	0.0	1.0	неуважения|неуважението|неуважение|неуваженията
неинституционализиран	A	false			false	false	false	0.0	0.625	неинституционализиран
двусмислен	A	false			false	false	false	0.125	0.625	двусмислено|двусмисления|двусмисленият|двусмислена|двусмислените|двусмисленото|двусмислената|двусмислени|двусмислен
демонстративен	A	false			false	false	false	0.875	0.0	демонстративен|демонстративния|демонстративни|демонстративният|демонстративните|демонстративното|демонстративно|демонстративната|демонстративна
депигментиране	N	false			false	false	false	0.0	0.625	депигментиране
неопределим	A	false			false	false	false	0.125	0.625	неопределими|неопределим|неопределимото|неопределимият|неопределимите|неопределимата|неопределимо|неопределима|неопределимия
наследствена малкомозъчна атаксия	N	true	disability		false	false	false	0.0	0.625	наследствена малкомозъчна атаксия
дифтерия	N	false			false	false	false	0.0	0.75	дифтерията|дифтерия
развличащо	Adv	false			false	false	false	0.75	0.0	развличах|развличащото|развличаните|развличаш|развличащия|развличат|развличаме|развличайте|развличалата|развличайки|развличате|развличаната|развличащ|развличалия|развличания|развличай|развличащият|развличаха|развличаща|развличан|развличалият|развличам|развлича|развличал|развличахме|развличали|развличаният|развличани|развличащата|развличащо|развличала|развличахте|развличана|развличалото|развличащи|развличащите|развличаното|развличаше|развличало|развличалите|развличано
добронамерен	A	false			false	false	false	0.75	0.0	добронамерения|добронамерено|добронамерени|добронамереното|добронамереният|добронамерените|добронамерен|добронамерена|добронамерената
отсяващ	A	false			false	false	false	0.625	0.0	отсявана|отсяваните|отсяващото|отсявайте|отсяващо|отсявала|отсявалата|отсяващия|отсявайки|отсявани|отсявали|отсяваната|отсявано|отсявало|отсяващият|отсявалия|отсявалият|отсяваше|отсявания|отсява|отсявате|отсявал|отсяваният|отсяващата|отсяван|отсявам|отсяваме|отсяващ|отсяваш|отсявахте|отсяваното|отсяващите|отсявалото|отсяваща|отсявахме|отсяваха|отсяват|отсявалите|отсявах|отсяващи|отсявай
удовлетворение	N	false			false	false	false	0.625	0.125	удовлетворение|удовлетворението
напълно глух	A	false			false	false	false	0.0	0.625	напълно глух
игрив	A	false			false	false	false	0.625	0.0	игриво|игрив|игривия|игриви|игривият|игривите|игривата|игрива|игривото
Кортикум солани	N	false			false	false	false	0.0	0.75	
въшливост	N	false			false	false	false	0.0	0.75	въшливост
окопнявам	V	false	appearance	negative	false	false	false	0.0	0.0	окопнявам
безполезен	A	false			false	false	false	0.125	0.625	безполезното|безполезният|безполезните|безполезния|безполезна|безполезната|безполезно|безполезен|безполезни
обвинителен	A	false			false	false	false	0.0	0.75	обвинително|обвинителна|обвинителната|обвинителен|обвинителния|обвинителни|обвинителното|обвинителният|обвинителните
преодолим	A	false			false	false	false	0.625	0.0	преодолимо|преодолимото|преодолима|преодолим|преодолимия|преодолимият|преодолимите|преодолимата|преодолими
клиничен психолог	N	false			false	false	false	0.0	0.625	клиничен психолог
безнравственост	N	false			false	false	false	0.25	0.75	безнравствеността|безнравственост
нещастен	A	false			false	false	false	0.0	0.875	нещастен|нещастни|нещастното|нещастната|нещастния|нещастният|нещастно|нещастните|нещастна
заядливец	N	false			false	false	false	0.0	0.75	заядливец
ерзац	N	false			false	false	false	0.125	0.625	ерзац|ерзацът|ерзаци|ерзаците|ерзаца
неодялан	A	false			false	false	false	0.0	0.75	неодялания|неодялана|неодялан|неодяланото|неодялано|неодяланата|неодялани|неодяланият|неодяланите
слабохарактерност	N	false			false	false	false	0.375	0.625	слабохарактерност|слабохарактерността
истерия	N	false			false	false	false	0.0	0.75	истерии|истерията|истериите|истерия
мечтателност	N	false			false	false	false	0.0	0.625	мечтателност|мечтателността
несъобразителен	A	false			false	false	false	0.0	0.625	несъобразително|несъобразителната|несъобразителна|несъобразителния|несъобразителният|несъобразителните|несъобразителното|несъобразителни|несъобразителен
миоклонична епилепсия	N	true	disability		false	false	false	0.0	0.75	миоклонична епилепсия
грижовен	A	false		positive	false	false	false	0.0	0.0	грижовна|грижовно|грижовен|грижовният|грижовните|грижовното|грижовни|грижовния|грижовната
почетен	A	false			false	false	false	1.0	0.0	почетно|почетни|почетен|почетното|почетният|почетните|почетна|почетната|почетния
непривлекателен	A	true	appearance	neutral	false	false	false	0.333	0.667	непривлекателно|непривлекателния|непривлекателният|непривлекателните|непривлекателното|непривлекателната|непривлекателни|непривлекателен|непривлекателна
нощен страх	N	false			false	false	false	0.0	0.625	нощен страх
възпаление	N	false			false	false	false	0.222	0.778	възпалението|възпаления|възпаленията|възпаление
протестант	N	true	religion	neutral	false	false	false	0.0	0.0	протестанти|протестантът|протестантите|протестант|протестанта
патерналистичен	A	false			false	false	false	0.625	0.25	патерналистичен
условен	A	false			false	false	false	0.0	0.625	условното|условният|условна|условните|условно|условния|условни|условен|условната
ущърбен	A	true	disability	negative	false	false	false	0.0	0.0	ущърбен
несменяем	A	false			false	false	false	0.0	0.625	несменяемият|несменяемите|несменяем|несменяемата|несменяемо|несменяема|несменяемия|несменяеми|несменяемото
астазия	N	false			false	false	false	0.125	0.75	астазия
гневен	A	false			false	false	false	0.0	0.625	гневен|гневно|гневна|гневния|гневното|гневният|гневните|гневната|гневни
артериит	N	true	disability		false	false	false	0.0	0.75	артериит
логичен	A	false			false	false	false	0.75	0.0	логична|логичния|логичното|логичният|логично|логичните|логичен|логични|логичната
несигурност	N	false			false	false	false	0.25	0.625	несигурност|несигурността
гаден	A	false		negative	true	false	false	0.0	0.875	гадната|гадни|гадния|гадното|гаден|гадният|гадните|гадно|гадна
лъжеучител	N	false	religion	negative	false	false	false	0.0	0.0	лъжеучителите|лъжеучителя|лъжеучителят|лъжеучител|лъжеучители
нетропическо спру	N	false			false	false	false	0.0	0.75	нетропическо спру
грешен превод	N	false			false	false	false	0.25	0.625	грешен превод
спазматичен	A	false			false	false	false	0.0	0.875	спазматичното|спазматични|спазматичен|спазматичният|спазматичните|спазматична|спазматичния|спазматично|спазматичната
косталгия	N	true	disability		false	false	false	0.0	0.625	косталгия
хуманен	A	false			false	false	false	0.625	0.0	хуманния|хуманни|хуманен|хуманната|хуманно|хуманна|хуманният|хуманните|хуманното
промяна	N	false			false	false	false	0.625	0.125	промяна|промени|промените|промяната
дефиниран	A	false			false	false	false	0.625	0.0	дефиниращи|дефинирай|дефинирайте|дефинираха|дефиниралата|дефинираната|дефинираща|дефинираните|дефинирайки|дефиниращия|дефиниращите|дефиниран|дефинирали|дефинирам|дефинирахме|дефинирал|дефинирани|дефинирахте|дефиниралите|дефиниралото|дефиниращо|дефинирала|дефинираното|дефиниращото|дефинирана|дефинираше|дефинира|дефиниращ|дефинираш|дефинираният|дефинирах|дефинирало|дефинират|дефинирано|дефиниращият|дефинираме|дефиниралият|дефиниращата|дефинирания|дефинирате|дефиниралия
неотличим	A	false			false	false	false	0.125	0.625	неотличимото|неотличимият|неотличими|неотличимите|неотличим|неотличимата|неотличимо|неотличимия|неотличима
неизменност	N	false			false	false	false	0.125	0.625	неизменността|неизменност
Легионерска болест	N	true	disability		false	false	false	0.0	0.625	
скверен	A	false	religion	negative	false	false	false	0.0	0.0	скверна|скверния|скверно|скверната|скверни|скверен|скверното|скверният|скверните
женчуга	N	false	gender	negative	true	true	false	0.0	0.0	женчуга
дядо	N	true	gender	neutral	false	false	false	0.0	0.0	дядовците|дядовци|дядо|дядото
остроумничене	N	false			false	false	false	0.625	0.0	остроумниченето|остроумничене
обезпокоителен	A	false			false	false	false	0.0	0.875	обезпокоителния|обезпокоителният|обезпокоителна|обезпокоителните|обезпокоителното|обезпокоително|обезпокоителната|обезпокоителни|обезпокоителен
брюнет	N	true	appearance	neutral	false	false	false	0.0	0.0	брюнети|брюнет|брюнета|брюнетите|брюнетът
окайнявам	V	false		negative	false	false	false	0.0	0.0	окайнявам
неконфликтен	A	false			false	false	false	0.0	0.625	неконфликтен
вещина	N	false			false	false	false	0.625	0.0	вещина|вещината
парестезия	N	false			false	false	false	0.0	0.625	парестезия
синдром на внезапна детска смърт	N	true	disability		false	false	false	0.625	0.25	синдром на внезапна детска смърт
здравословност	N	false			false	false	false	0.875	0.0	здравословността|здравословност
укорителен	A	false			false	false	false	0.0	0.625	укорителна|укорително|укорителния|укорителното|укорителният|укорителните|укорителната|укорителни|укорителен
алчен	A	false		negative	true	false	false	0.0	0.0	алчна|алчната|алчния|алчно|алчното|алчният|алчните|алчни|алчен
етнос	N	true	race_ethnicity	neutral	false	false	false	0.0	0.0	етносите|етноси|етносът|етнос|етноса
мъжество	N	true	gender	neutral	false	false	false	0.0	0.0	мъжеството|мъжество
допустим	A	false			false	false	false	0.625	0.0	допустима|допустимото|допустим|допустимо|допустими|допустимия|допустимата|допустимият|допустимите
най-лошото	N	false			false	false	false	0.0	0.875	
порядъчност	N	false			false	false	false	0.75	0.0	порядъчност|порядъчността
навяхване	N	false			false	false	false	0.0	0.75	навяхване|навяхвания|навяхванията|навяхването
калпав	A	false			false	false	false	0.0	0.625	калпави|калпав|калпавата|калпава|калпавото|калпавият|калпавите|калпавия|калпаво
отрицателен стимул	N	false			false	false	false	0.0	0.625	отрицателен стимул
привлекателно	Adv	false	appearance	positive	false	false	false	0.0	0.0	привлекателно
коравосърдечен	A	false			false	false	false	0.125	0.875	коравосърдечната|коравосърдечни|коравосърдечна|коравосърдечния|коравосърдечно|коравосърдечното|коравосърдечен|коравосърдечният|коравосърдечните
многообещаващ	A	false			false	false	false	0.75	0.0	многообещаващи|многообещаващото|многообещаващият|многообещаващите|многообещаващия|многообещаваща|многообещаващата|многообещаващ|многообещаващо
безстрастен	A	false			false	false	false	0.75	0.0	безстрастен|безстрастния|безстрастната|безстрастна|безстрастният|безстрастните|безстрастното|безстрастно|безстрастни
непригоден за заетост	A	false			false	false	false	0.0	0.75	непригоден за заетост
жалостив	A	false			false	false	false	0.75	0.0	жалостиво|жалостивото|жалостивият|жалостивите|жалостиви|жалостивата|жалостив|жалостивия|жалостива
здравея	V	false		positive	false	false	false	0.0	0.0	здравея
господин	N	true	gender	neutral	false	false	false	0.0	0.0	господин
мъчител	N	false			false	false	false	0.0	0.75	мъчител|мъчителите|мъчителя|мъчители|мъчителят
разумност	N	false			false	false	false	0.625	0.0	разумност|разумността
невнимателност	N	false			false	false	false	0.125	0.625	невнимателността|невнимателност
болка в роговицата	N	false			false	false	false	0.0	0.625	болка в роговицата
плитък	A	false			false	false	false	0.0	0.75	плитка|плиткия|плитката|плитко|плитки|плитък|плиткото|плиткият|плитките
равнодушен	A	false		negative	true	false	false	0.0	0.75	равнодушни|равнодушно|равнодушния|равнодушна|равнодушното|равнодушен|равнодушният|равнодушните|равнодушната
съотечественик	N	false	race_ethnicity	positive	false	false	false	0.0	0.0	съотечественикът|съотечественика|съотечественици|съотечественик|съотечествениците
алтернативна енергия	N	false			false	false	false	0.0	0.625	алтернативна енергия
надежден	A	false		positive	false	false	false	0.625	0.0	надеждна|надеждното|надеждно|надеждни|надеждния|надеждният|надеждните|надеждната|надежден
риск	N	false			false	false	false	0.0	0.625	риска|рискът|рисковете|рискове|риск
подиграя се	V	false			false	false	false	0.125	0.625	подиграя се
балканджия	N	false		negative	true	true	false	0.0	0.0	балканджия|балканджията|балканджиите|балканджии
нерешителен	A	false		negative	true	false	false	0.0	0.0	нерешителни|нерешителен|нерешителния|нерешително|нерешителната|нерешителна|нерешителният|нерешителните|нерешителното
автократ	N	false		negative	true	false	false	0.0	0.0	автократ|автократите|автократът|автократи|автократа
неоживен	A	false			false	false	false	0.0	0.625	неоживеният|неоживените|неоживен|неоживена|неоживеното|неоживено|неоживената|неоживения|неоживени
радостност	N	false			false	false	false	0.125	0.625	радостност
деканова киселина	N	false			false	false	false	0.0	0.625	деканова киселина
примирим	A	false			false	false	false	0.0	0.75	примиримия|примирим|примирими|примиримата|примирима|примиримото|примиримият|примиримо|примиримите
чудотворен	A	false			false	false	false	0.75	0.0	чудотворното|чудотворният|чудотворните|чудотворния|чудотворни|чудотворен|чудотворна|чудотворната|чудотворно
чудовище	N	false	appearance	negative	true	true	false	0.0	0.0	чудовищата|чудовището|чудовища|чудовище
безжалостност	N	false			false	false	false	0.0	0.75	безжалостност
мръсен	V	false		negative	false	false	false	0.0	0.75	мръсно|мръсния|мръсна|мръсната|мръсното|мръсният|мръсните|мръсни|мръсен
благодеятелност	N	false			false	false	false	0.75	0.0	благодеятелност
руменина	N	false			false	false	false	0.75	0.0	руменина|руменината
възвисяващ	A	false			false	false	false	0.625	0.0	възвисяващият|възвисяваща|възвисяваното|възвисявай|възвисяваха|възвисявал|възвисявам|възвисявалите|възвисяван|възвисяваме|възвисяващото|възвисявания|възвисяват|възвисявалия|възвисяваният|възвисяваш|възвисявах|възвисяващ|възвисяващия|възвисявалото|възвисявате|възвисяващите|възвисяваше|възвисявано|възвисявалият|възвисявало|възвисяваните|възвисявахте|възвисявайте|възвисяващата|възвисявали|възвисявани|възвисяващи|възвисявайки|възвисяващо|възвисявала|възвисява|възвисявахме|възвисявана|възвисяваната|възвисявалата
непочтен	A	false		negative	false	false	false	0.625	0.125	непочтена|непочтеното|непочтеният|непочтено|непочтените|непочтената|непочтени|непочтен|непочтения
уринарна инконтиненция	N	false			false	false	false	0.0	0.75	уринарна инконтиненция
неморално	Adv	false			false	false	false	0.0	0.625	неморално
илеус	N	false			false	false	false	0.0	0.625	илеус
крада	V	false		negative	false	false	false	0.0	0.0	крадените|кралата|крало|крадяло|крадящия|крадейки|краден|крадем|крали|крадеш|крадящият|крадящ|крадоха|кралите|крадена|крадената|крадящата|крадях|кралия|кради|крадял|краденият|крадели|краде|крадох|крадяхме|крадено|крадяща|кралото|крада|крадат|крадящите|крадяхте|крадени|крал|крадящо|крала|крадяла|краденото|крадеше|крадохте|крадете|кралият|крадящото|крадения|крадяха|крадохме|крадящи
подпорен	A	false			false	false	false	0.625	0.0	подпорна|подпорната|подпорно|подпорния|подпорното|подпорният|подпорните|подпорни|подпорен
лимфоаденом	N	false			false	false	false	0.0	0.625	лимфоаденом
ридаещ	A	false			false	false	false	0.0	0.625	ридаят|ридалият|ридая|ридаело|ридаейки|ридай|ридаещото|рида|ридала|ридах|ридаеше|ридалата|ридало|ридаете|ридали|ридайте|ридаещите|ридал|ридаещия|ридае|ридаем|ридаел|ридаех|ридаеш|ридалите|ридаещата|ридахте|ридаеща|ридахме|ридаеха|ридаещ|ридаещи|ридаехте|ридалото|ридаещият|ридаещо|ридаела|ридаха|ридаехме|ридалия|ридаели
сигурност	N	false			false	false	false	0.625	0.0	сигурността|сигурност
съобщник	N	false		negative	false	false	false	0.0	0.0	съобщник
лекарка	N	true	gender	neutral	false	false	false	0.0	0.0	лекарката|лекарка|лекарките|лекарки
по-зле	A	false			false	false	false	0.0	0.75	
орнитин	N	false			false	false	false	0.0	0.625	орнитин
партизански	A	false			false	false	false	0.0	0.625	партизанският|партизанските|партизанското|партизанска|партизанския|партизанската|партизанско|партизански
неблагонадежден	A	false			false	false	false	0.0	0.75	неблагонадеждният|неблагонадеждните|неблагонадеждно|неблагонадеждното|неблагонадеждна|неблагонадеждната|неблагонадеждния|неблагонадеждни|неблагонадежден
разстройство	N	true	disability	neutral	false	false	false	0.0	0.0	разстройства|разстройствата|разстройство|разстройството
неразвален	A	false			false	false	false	0.0	0.625	неразвален|неразвалената|неразвалено|неразваления|неразвалена|неразваленият|неразвалените|неразваленото|неразвалени
позитивен	A	false			false	false	false	0.75	0.0	позитивната|позитивен|позитивното|позитивният|позитивните|позитивни|позитивния|позитивно|позитивна
болка в тестиса	N	false			false	false	false	0.0	0.625	болка в тестиса
заболяване	N	true	disability	neutral	false	false	false	0.0	0.0	заболяванията|заболявания|заболяване|заболяването
цивилизован	A	false		positive	false	false	false	0.0	0.0	цивилизования|цивилизовано|цивилизованото|цивилизована|цивилизован|цивилизованата|цивилизовани|цивилизованият|цивилизованите
стопанин	N	false		positive	false	false	false	0.0	0.0	стопанин|стопанинът|стопани|стопанина|стопаните
монетен	A	false			false	false	false	0.0	0.625	монетния|монетен|монетната|монетни|монетното|монетният|монетните|монетно|монетна
вятърничавост	N	false			false	false	false	0.125	0.875	вятърничавост|вятърничавостта
отвратен	A	false			false	false	false	0.0	0.875	отвратени|отвратеният|отвратените|отвратеното|отвратен|отвратената|отвратена|отвратено|отвратения
възхвалявам	V	false		positive	true	false	false	0.0	0.0	възхваляваме|възхвалявалото|възхваляващия|възхваляващият|възхваляваното|възхвалявате|възхвалявайки|възхваляваше|възхваляваш|възхваляващ|възхваляват|възхваляваните|възхвалява|възхвалявалите|възхвалявах|възхваляваща|възхвалявал|възхвалявам|възхваляван|възхваляващото|възхвалявахме|възхваляващите|възхваляваната|възхваляващо|възхвалявала|възхвалявана|възхвалявахте|възхвалявай|възхваляващи|възхвалявалата|възхваляваха|възхваляващата|възхваляваният|възхвалявалият|възхвалявало|възхвалявайте|възхвалявания|възхвалявано|възхвалявалия|възхвалявали|възхвалявани
моля се	V	true	religion	positive	false	false	false	0.0	0.0	моля се
краен	A	false			false	false	false	0.625	0.0	крайно|крайна|крайната|крайният|крайните|крайното|крайни|краен|крайния
недъгав	A	true	disability	negative	false	true	false	0.0	0.0	недъгава|недъгавия|недъгавото|недъгави|недъгав|недъгавата|недъгаво|недъгавият|недъгавите
нецелесъобразен	A	false			false	false	false	0.125	0.875	нецелесъобразни|нецелесъобразния|нецелесъобразната|нецелесъобразен|нецелесъобразното|нецелесъобразният|нецелесъобразните|нецелесъобразна|нецелесъобразно
метастатичен рак на черния дроб	N	true	disability		false	false	false	0.0	0.625	метастатичен рак на черния дроб
изненадващ	A	false			false	false	false	0.0	0.625	изненадваме|изненадвахте|изненадвахме|изненадвалото|изненадваното|изненадващият|изненадваща|изненадвайки|изненадвах|изненадваха|изненадвайте|изненадваният|изненадващи|изненадват|изненадвай|изненадван|изненадвам|изненадвалият|изненадващата|изненадвана|изненадващо|изненадвала|изненадва|изненадвал|изненадвани|изненадвали|изненадвано|изненадващия|изненадвалата|изненадвало|изненадваната|изненадващ|изненадваш|изненадващите|изненадваше|изненадваните|изненадвалия|изненадвалите|изненадвате|изненадващото|изненадвания
органичен	A	false			false	false	false	0.625	0.0	органични|органичното|органичният|органичните|органичната|органично|органична|органичния|органичен
човек със зрителни увреждания	N	false			false	false	false	0.0	0.625	човек със зрителни увреждания
насмешка	N	false			false	false	false	0.25	0.625	насмешка|насмешката|насмешки|насмешките
скърбящ	A	false			false	false	false	0.0	0.625	скърбящият|скърбилото|скърбяло|скърбящия|скърбите|скърбейки|скърби|скърбящо|скърбяла|скърбеше|скърбилите|скърбете|скърбих|скърбило|скърбяха|скърбял|скърбилата|скърбящата|скърбящи|скърбящите|скърбил|скърбили|скърбим|скърбели|скърбяхме|скърбя|скърбилия|скърбяща|скърбихте|скърбила|скърбящ|скърбях|скърбяхте|скърбят|скърбящото|скърбихме|скърбиха|скърбилият|скърбиш
темпераментен	A	false			false	false	false	0.625	0.0	темпераментен|темпераментния|темпераментна|темпераментната|темпераментно|темпераментният|темпераментни|темпераментните|темпераментното
коравосърдечие	N	false			false	false	false	0.0	0.625	коравосърдечие
европеец	N	true	race_ethnicity	neutral	false	false	false	0.0	0.0	европееца|европейците|европейци|европеец|европеецът
неизцапан	A	false			false	false	false	0.0	0.625	неизцапан
презареждащ	A	false			false	false	false	0.625	0.0	презарежданата|презареждаха|презареждащи|презареждай|презареждащите|презареждалия|презареждания|презареждаща|презарежданите|презареждалият|презареждаме|презареждащата|презареждайки|презареждайте|презареждащия|презареждате|презареждалата|презареждахте|презареждалото|презареждаше|презареждахме|презареждащият|презареждано|презареждал|презареждало|презареждам|презарежданият|презареждалите|презареждан|презареждат|презареждани|презареждащото|презареждали|презареждах|презареждаш|презареждана|презареждащ|презареждащо|презареждала|презарежда|презарежданото
неизмерим	A	false			false	false	false	0.0	0.875	неизмерими|неизмеримата|неизмеримият|неизмеримите|неизмеримия|неизмеримо|неизмеримото|неизмерим|неизмерима
нереалност	N	false			false	false	false	0.0	0.625	нереалности|нереалностите|нереалността|нереалност
бездушие	N	false			false	false	false	0.0	0.625	бездушието|бездушие
честно	Adv	false		positive	false	false	false	0.0	0.0	честно
мода	N	true	appearance	neutral	false	false	false	0.0	0.0	мода|модата|моди|модите
дословен	A	false			false	false	false	0.0	0.75	дословният|дословните|дословно|дословна|дословното|дословен|дословни|дословната|дословния
невпечатлителен	A	false			false	false	false	0.0	0.75	невпечатлително|невпечатлителното|невпечатлителна|невпечатлителен|невпечатлителния|невпечатлителният|невпечатлителните|невпечатлителната|невпечатлителни
националист	N	false		negative	true	false	false	0.0	0.0	националисти|националистът|националист|националиста|националистите
неискан	A	false			false	false	false	0.0	0.625	неискани|неисканата|неискания|неискана|неискан|неискано|неисканото|неисканият|неисканите
догматичен	A	false			false	false	false	0.0	0.625	догматична|догматично|догматичния|догматични|догматичната|догматичен|догматичният|догматичните|догматичното
ликвидирам	V	false		negative	true	false	false	0.0	0.0	ликвидират|ликвидирало|ликвидирано|ликвидирах|ликвидираната|ликвидиралата|ликвидиращия|ликвидирани|ликвидиращото|ликвидиран|ликвидирал|ликвидирам|ликвидирайте|ликвидирали|ликвидирана|ликвидиращо|ликвидирала|ликвидиращ|ликвидираният|ликвидира|ликвидираха|ликвидиращият|ликвидираш|ликвидиралият|ликвидиращи|ликвидирай|ликвидираща|ликвидирахме|ликвидираното|ликвидиралото|ликвидираме|ликвидирахте|ликвидиращата|ликвидирате|ликвидирания|ликвидирайки|ликвидиралия|ликвидираните|ликвидиращите|ликвидиралите|ликвидираше
бездушен	A	false			false	false	false	0.25	0.625	бездушен|бездушния|бездушна|бездушно|бездушното|бездушният|бездушните|бездушни|бездушната
фоликулярна кератоза	N	true	disability		false	false	false	0.0	0.625	фоликулярна кератоза
китено	Adv	false		negative	false	false	false	0.0	0.0	китната|китения|китени|китеното|китен|китното|китена|китно|китеният|китените|китни|китният|китните|китената|китено|китна|китния
свободен човек	N	false			false	false	false	0.0	0.625	свободен човек
чревна непроходимост	N	false			false	false	false	0.0	0.625	чревна непроходимост
ювенилна амавротична идиотия	N	false			false	false	false	0.0	0.625	ювенилна амавротична идиотия
невротичен	A	false			false	false	false	0.0	0.75	невротичен|невротични|невротичната|невротичния|невротично|невротичното|невротичният|невротичните|невротична
неелегантен	A	false			false	false	false	0.625	0.125	неелегантната|неелегантен|неелегантния|неелегантни|неелегантно|неелегантният|неелегантните|неелегантното|неелегантна
кръвосмразяващ	A	false			false	false	false	0.25	0.625	кръвосмразяващ
нечовечност	N	false			false	false	false	0.625	0.25	нечовечност|нечовечността
далавераджия	N	false		negative	true	false	true	0.0	0.0	далавераджии|далавераджиите|далавераджията|далавераджия
Болест на Крон	N	true	disability		false	false	false	0.0	0.625	
девалвиран	A	false			false	false	false	0.0	0.875	девалвиран
антихемофилен глобулин	N	false			false	false	false	0.0	0.625	антихемофилен глобулин
имунокомпрометиран	A	false			false	false	false	0.0	0.75	имунокомпрометиран
контролиращ	A	false			false	false	false	0.625	0.0	контролираното|контролиращият|контролиралото|контролира|контролирахте|контролирали|контролирахме|контролирайки|контролирано|контролирало|контролиращо|контролирала|контролиращото|контролираните|контролиралите|контролирани|контролирай|контролиращи|контролиралия|контролирана|контролирания|контролиращите|контролираща|контролираната|контролираха|контролиралата|контролирах|контролираш|контролиращия|контролиращ|контролирам|контролиран|контролираният|контролиралият|контролираме|контролират|контролираше|контролирайте|контролиращата|контролирате|контролирал
изтребвам	V	false		negative	true	false	false	0.0	0.0	изтребваща|изтребващия|изтребвалите|изтребваните|изтребвайки|изтребващият|изтребваме|изтребвате|изтребвалото|изтребваше|изтребваното|изтребващото|изтребват|изтребвах|изтребвало|изтребвано|изтребвалият|изтребвали|изтребваният|изтребвахте|изтребван|изтребвани|изтребвахме|изтребващите|изтребва|изтребвал|изтребвам|изтребвайте|изтребвалия|изтребващо|изтребвала|изтребвалата|изтребвана|изтребвания|изтребваната|изтребващ|изтребващата|изтребващи|изтребваш|изтребвай|изтребваха
оскърбителност	N	false			false	false	false	0.125	0.75	оскърбителността|оскърбителност
енуреза	N	false			false	false	false	0.0	0.75	енуреза
безсилие	N	false			false	false	false	0.0	0.75	безсилие|безсилието
недомашен	A	false			false	false	false	0.0	0.625	недомашен
непряко	Adv	false			false	false	false	0.0	0.75	непрекия|непрекият|непреките|непряк|непряката|непрякото|непряко|непреки|непряка
жар	N	false			false	false	false	0.625	0.0	жар|жарта
дифтерит	N	true	disability		false	false	false	0.0	0.75	дифтерит|дифтеритът|дифтерита
законност	N	false		positive	false	false	false	0.0	0.0	законност|законността
прогниване	N	false			false	false	false	0.0	0.75	прогниване
верен	A	false		positive	false	false	false	0.875	0.0	вярно|верни|верният|вярна|верните|вярната|вярното|верния|верен
безводен	A	false			false	false	false	0.0	0.625	безводен|безводна|безводното|безводният|безводните|безводно|безводната|безводни|безводния
диуреза	N	false			false	false	false	0.0	0.625	диуреза|диурезата|диурези|диурезите
хидроморфон	N	false			false	false	false	0.0	0.625	хидроморфон
крава	N	false	appearance	negative	true	true	false	0.0	0.0	крава|кравите|крави|кравата
опаковъчна хартия за подаръци	N	false			false	false	false	0.625	0.0	опаковъчна хартия за подаръци
пропилян	A	false			false	false	false	0.25	0.75	пропиляха|пропилелите|пропилеел|пропилеем|пропилея|пропилялото|пропиляна|пропиляното|пропиляла|пропилейте|пропилеела|пропилеят|пропилели|пропилееха|пропилее|пропиленият|пропилени|пропилелият|пропилях|пропиляхме|пропилеело|пропилялата|пропилеехме|пропиляната|пропилял|пропилелия|пропилеели|пропилян|пропилей|пропилеехте|пропиления|пропилеете|пропилеех|пропилееш|пропиляхте|пропилееше|пропиляло|пропиля|пропиляно|пропилените
съдещ	A	false			false	false	false	0.625	0.0	съдеха|съдилия|съдеща|съдените|съдещият|съдещо|съдела|съдена|съдят|съдих|съдиш|съдехте|съдещи|съдейки|съдиха|съди|съдехме|съдилите|съдения|съдената|съдите|съдилата|съдим|съдещата|съдил|съдеше|съдилото|съдел|съден|съденият|съдило|съдещите|съдещ|съдихте|съдете|съдех|съдихме|съдели|съдени|съдилият|съдила|съдещия|съденото|съдело|съдя|съдено|съдили|съдещото
безмилостен	A	false		negative	true	false	false	0.0	0.625	безмилостно|безмилостна|безмилостният|безмилостните|безмилостното|безмилостни|безмилостен|безмилостната|безмилостния
безобиден	A	false			false	false	false	0.625	0.125	безобидна|безобидното|безобидно|безобидния|безобидни|безобидната|безобидният|безобидните|безобиден
господар	N	false		positive	false	false	false	0.0	0.0	господаря|господари|господарят|господарите|господарю|господар
твърдоглави	N	false			false	false	false	0.0	0.625	твърдоглавата|твърдоглавото|твърдоглави|твърдоглавият|твърдоглавите|твърдоглав|твърдоглавия|твърдоглаво|твърдоглава
маточна болка	N	false			false	false	false	0.0	0.625	маточна болка
множествен неврит	N	true	disability		false	false	false	0.0	0.75	множествен неврит
слънчево време	N	false			false	false	false	0.625	0.0	слънчево време
болезненост	N	false			false	false	false	0.625	0.125	болезненост|болезнеността
нисш	A	false			false	false	false	0.0	1.0	нисшата|нисши|нисшия|нисшият|нисшите|нисшото|нисшо|нисша|нисш
представителен	A	false			false	false	false	0.625	0.0	представителен|представителни|представителния|представителното|представителният|представителните|представителна|представителната|представително
сребролюбив	A	false		negative	false	false	false	0.0	0.0	сребролюбив|сребролюбива|сребролюбивата|сребролюбиво|сребролюбивия|сребролюбивият|сребролюбивите|сребролюбивото|сребролюбиви
първокласен	A	false			false	false	false	0.75	0.25	първокласния|първокласен|първокласни|първокласното|първокласният|първокласните|първокласно|първокласната|първокласна
емоционален	A	false		neutral	false	false	false	0.625	0.0	емоционални|емоционален|емоционално|емоционалното|емоционалният|емоционална|емоционалните|емоционалния|емоционалната
неспособност	N	false			false	false	false	0.0	0.75	неспособност|неспособността
кльощав	A	false	appearance	negative	false	false	false	0.0	0.0	кльощави|кльощавата|кльощавият|кльощавите|кльощаво|кльощавото|кльощава|кльощав|кльощавия
вкаменен	A	false			false	false	false	0.0	0.75	вкаменен|вкаменени|вкаменения|вкамененото|вкамененият|вкаменените|вкаменена|вкаменената|вкаменено
параноя	N	false			false	false	false	0.0	0.75	параноя|параноите|параноята|паранои
провокиране към наказуемо деяние	N	false			false	false	false	0.0	0.75	провокиране към наказуемо деяние
облекчен	A	false			false	false	false	0.0	0.75	облекчено|облекчилия|облекчилата|облекчало|облекченото|облекчахме|облекчели|облекчили|облекчилите|облекчени|облекчил|облекчим|облекчила|облекчахте|облекча|облекчихме|облекчен|облекчена|облекчиха|облекчените|облекчала|облекчи|облекчилото|облекчаха|облекчената|облекчихте|облекчилият|облекчите|облекчете|облекчеше|облекчал|облекченият|облекчения|облекчих|облекчиш|облекчат|облекчило|облекчах
ненатрапчив	A	false			false	false	false	0.0	0.625	ненатрапчивият|ненатрапчивите|ненатрапчивото|ненатрапчив|ненатрапчива|ненатрапчивата|ненатрапчиво|ненатрапчиви|ненатрапчивия
антисемитски	A	true	race_ethnicity		false	false	false	0.0	0.75	антисемитския|антисемитско|антисемитски|антисемитското|антисемитският|антисемитските|антисемитска|антисемитската
висш	A	false			false	false	false	0.75	0.0	висши|висше|висшия|висш|висшият|висшите|висша|висшата|висшето
отблъскващо	Adv	false	appearance	negative	false	false	false	0.0	0.0	отблъскващия|отблъскващата|отблъскваният|отблъсквало|отблъсквалият|отблъсквано|отблъсквания|отблъсквали|отблъсквани|отблъсквайте|отблъскващо|отблъсквала|отблъсквана|отблъскващите|отблъскващи|отблъсквайки|отблъскваната|отблъсквай|отблъсквалата|отблъскват|отблъскваха|отблъсквахме|отблъскваща|отблъскван|отблъсквам|отблъсквал|отблъскваните|отблъсквахте|отблъскващото|отблъсквалите|отблъсквалия|отблъскваме|отблъсквате|отблъскващ|отблъскваното|отблъскваш|отблъскващият|отблъсквалото|отблъсква|отблъсквах|отблъскваше
проблемност	N	false			false	false	false	0.0	0.625	проблемност|проблемността
умрял	A	false			false	false	false	0.0	0.75	умрелия|умрялото|умрял|умрялата|умряло|умрели|умряла|умрелият|умрелите
напрегнат	A	false			false	false	false	0.0	0.625	напрегнатият|напрегнатите|напрегнатия|напрегнатото|напрегнати|напрегнат|напрегнато|напрегната|напрегнатата
обременителност	N	false			false	false	false	0.25	0.625	обременителност
свръхпредпазлив	A	false			false	false	false	0.625	0.0	свръхпредпазлив
бездушност	N	false			false	false	false	0.0	0.625	бездушност|бездушността
по-добър	A	false			false	false	false	0.875	0.0	
незавиден	A	false			false	false	false	0.125	0.625	незавиден|незавидната|незавидна|незавидният|незавидните|незавидното|незавидно|незавидни|незавидния
неохотно приет	A	false			false	false	false	0.0	0.75	неохотно приет
злонамереност	N	false			false	false	false	0.125	0.75	злонамереност|злонамереността
красив	A	true	appearance	neutral	false	false	false	0.625	0.0	красивата|красивия|красивото|красив|красивият|красиви|красивите|красиво|красива
непреносим	A	false			false	false	false	0.125	0.75	непреносимото|непреносимият|непреносимите|непреносимата|непреносима|непреносим|непреносимия|непреносимо|непреносими
допадам	V	false			false	false	false	0.625	0.0	допадало|допадалата|допадали|допадащите|допадайте|допадащо|допадала|допадалият|допадащи|допадай|допадащия|допадащата|допадаха|допадаща|допадах|допадат|допадалото|допадам|допадайки|допадал|допадалия|допадащият|допадаме|допадащото|допада|допадахте|допадате|допадахме|допадалите|допадаше|допадаш|допадащ
запалителност	N	false			false	false	false	0.625	0.125	запалителност|запалителността
свръхвнимателен	A	false			false	false	false	0.625	0.0	свръхвнимателен
недоволен	A	false			false	false	false	0.125	0.75	недоволни|недоволната|недоволния|недоволният|недоволните|недоволно|недоволна|недоволното|недоволен
свински	A	false			false	false	false	0.25	0.625	свинският|свинските|свинската|свинска|свинското|свинско|свинския|свински
превъзходен	A	false			false	false	false	0.625	0.0	превъзходен|превъзходния|превъзходната|превъзходни|превъзходно|превъзходна|превъзходният|превъзходните|превъзходното
глух	A	true	disability	neutral	false	false	false	0.0	0.0	глух|глухия|глухи|глухото|глухият|глухите|глухо|глухата|глуха
проницателен	A	false			false	false	false	0.875	0.0	проницателна|проницателният|проницателната|проницателните|проницателното|проницателен|проницателни|проницателния|проницателно
сероводород	N	false			false	false	false	0.0	0.75	сероводорода|сероводород|сероводородът
крив	A	false			false	false	false	0.0	0.75	криво|кривото|кривият|кривите|кривата|криви|крив|кривия|крива
нежелан	A	false			false	false	false	0.0	0.75	нежелани|нежеланата|нежелания|нежелан|нежеланият|нежеланите|нежелано|нежелана|нежеланото
неточен	A	false			false	false	false	0.125	0.625	неточен|неточната|неточни|неточният|неточните|неточното|неточна|неточно|неточния
музикална глухота	N	true	disability		false	false	false	0.125	0.625	музикална глухота
решителен	A	false		positive	false	false	false	0.625	0.0	решителния|решителната|решителна|решителният|решителните|решително|решителното|решителен|решителни
превзет	A	false		negative	false	false	false	0.875	0.0	превзетия|превзетата|превзети|превзет|превзета|превзетият|превзето|превзетите|превзетото
хетерогенен	A	false			false	false	false	0.0	0.625	хетерогенно|хетерогенната|хетерогенният|хетерогенните|хетерогенна|хетерогенен|хетерогенния|хетерогенното|хетерогенни
лъскав	A	false	appearance	negative	false	false	false	0.625	0.0	лъскавата|лъскавото|лъскавият|лъскава|лъскавите|лъскавия|лъскаво|лъскав|лъскави
агент	N	false		negative	false	false	false	0.0	0.0	агенти|агентът|агентите|агента|агент
нажежаем	A	false			false	false	false	0.625	0.0	нажежаем
непримесен	A	false			false	false	false	0.0	0.875	непримесената|непримесено|непримесена|непримесеното|непримесеният|непримесените|непримесени|непримесения|непримесен
бездомник	N	false		negative	false	false	false	0.0	0.0	бездомника|бездомниците|бездомници|бездомникът|бездомник
незвукоподражателен	A	false			false	false	false	0.0	0.625	незвукоподражателен
далтонизъм	N	true	disability		false	false	false	0.0	0.625	далтонизма|далтонизмът|далтонизъм
непростителен	A	false			false	false	false	0.0	0.625	непростително|непростителния|непростителни|непростителен|непростителната|непростителният|непростителните|непростителното|непростителна
с благороднически произход	A	false			false	false	false	0.625	0.0	с благороднически произход
светски	A	false			false	false	false	0.0	0.625	светското|светската|светският|светска|светските|светско|светския|светски
трапезно вино	N	false			false	false	false	0.0	0.625	трапезно вино
необщителен	A	false			false	false	false	0.125	0.625	необщителният|необщителните|необщително|необщителната|необщителното|необщителни|необщителен|необщителния|необщителна
демонизиране	N	false			false	false	false	0.0	0.625	демонизиране
амбициозен	A	false		positive	false	false	false	0.0	0.0	амбициозния|амбициозно|амбициозни|амбициозното|амбициозен|амбициозна|амбициозната|амбициозният|амбициозните
манипулатор	N	false		negative	true	false	false	0.0	0.0	манипулатори|манипулаторите|манипулатора|манипулаторът|манипулатор
предвещание	N	false			false	false	false	0.625	0.0	предвещанията|предвещанието|предвещания|предвещание
надебелявам	V	false	appearance	negative	false	false	false	0.0	0.0	надебелявалите|надебелявайки|надебеляваше|надебелява|надебелявате|надебеляващият|надебелявахме|надебелявахте|надебелявалата|надебелявали|надебелявало|надебелявайте|надебеляващата|надебеляваща|надебелявалият|надебеляваш|надебеляващ|надебеляват|надебеляваха|надебелявах|надебеляващи|надебелявай|надебеляващия|надебеляващите|надебелявал|надебелявам|надебеляващо|надебелявала|надебеляваме|надебелявалия|надебелявалото|надебеляващото
идентифицируем	A	false			false	false	false	0.625	0.0	идентифицируемото|идентифицируеми|идентифицируемият|идентифицируемите|идентифицируемата|идентифицируемо|идентифицируема|идентифицируем|идентифицируемия
неарбитрируем	A	false			false	false	false	0.0	0.625	неарбитрируем
всестранност	N	false			false	false	false	0.0	0.625	всестранност|всестранността
завладяване	N	false			false	false	false	0.0	0.75	завладяване|завладяването|завладявания|завладяванията
добросъвестен	A	false			false	false	false	0.625	0.0	добросъвестен|добросъвестната|добросъвестният|добросъвестните|добросъвестни|добросъвестния|добросъвестно|добросъвестното|добросъвестна
незаконороден	A	false			false	false	false	0.0	0.75	незаконороден|незаконородени|незаконороденият|незаконородените|незаконороденото|незаконородената|незаконородено|незаконородения|незаконородена
сръчен	A	false			false	false	false	0.75	0.0	сръчното|сръчен|сръчният|сръчни|сръчните|сръчния|сръчната|сръчно|сръчна
илеит	N	true	disability		false	false	false	0.0	0.625	илеит
хидроморфон хлорид	N	false			false	false	false	0.0	0.625	хидроморфон хлорид
началник	N	false		neutral	false	false	false	0.0	0.0	началникът|началника|началник|началниците|началници
с възхищение	Adv	false			false	false	false	0.875	0.125	с възхищение
цвят	N	true	race_ethnicity	neutral	false	false	false	0.0	0.0	цвята|цветовете|цветове|цвета|цвят|цветът
достъпност	N	true	disability	neutral	false	false	false	0.0	0.0	достъпност|достъпността
пиле Киев	N	false			false	false	false	0.0	0.625	
непотърсен	A	false			false	false	false	0.0	0.625	непотърсено|непотърсен|непотърсени|непотърсеният|непотърсените|непотърсеното|непотърсения|непотърсената|непотърсена
презиране	N	false			false	false	false	0.125	0.75	презиране|презирането
честен	A	false		positive	true	false	false	0.75	0.0	честна|честно|честният|честните|честен|честното|честни|честния|честната
рехабилитационна програма	N	false			false	false	false	0.625	0.0	рехабилитационна програма
пансинузит	N	true	disability		false	false	false	0.0	0.625	пансинузит
спасен	A	false	religion	positive	false	false	false	0.0	0.0	спасяхте|спасено|спасихте|спасили|спасения|спасената|спасяха|спасели|спасяхме|спасени|спасилото|спасило|спасен|спасените|спасеше|спасилият|спаси|спасят|спасите|спасихме|спасяла|спасях|спасете|спасял|спасилата|спасиш|спасилия|спасеното|спасих|спасим|спасил|спасяло|спася|спасеният|спасиха|спасилите|спасила|спасена
инконтиненция	N	false			false	false	false	0.0	0.75	инконтиненция
малодушен	A	false			false	false	false	0.625	0.0	малодушния|малодушен|малодушната|малодушни|малодушните|малодушният|малодушното|малодушно|малодушна
срамежлив	A	false		positive	false	false	false	0.0	0.0	срамежливия|срамежлива|срамежливият|срамежливите|срамежлив|срамежливо|срамежливото|срамежливата|срамежливи
защита	N	false			false	false	false	0.0	0.625	защитите|защита|защитата|защити
невнимателен	A	false			false	false	false	0.0	0.625	невнимателна|невнимателно|невнимателният|невнимателните|невнимателен|невнимателното|невнимателната|невнимателни|невнимателния
розовина	N	false			false	false	false	0.75	0.0	розовините|розовината|розовина|розовини
обзет от носталгия	A	false			false	false	false	0.0	0.75	обзет от носталгия
скандален	A	false			false	false	false	0.0	0.875	скандалният|скандалните|скандалния|скандалното|скандално|скандална|скандален|скандални|скандалната
очи	N	true	appearance	neutral	false	false	false	0.0	0.0	око|окото|очите|очи
жив	A	false			false	false	false	0.625	0.25	жив|живи|живо|живия|живият|живите|жива|живата|живото
вина	N	false		negative	false	false	false	0.125	0.625	вина|вините|вината|вини
нередност	N	false			false	false	false	0.125	0.75	нередностите|нередности|нередността|нередност
напикаване	N	false			false	false	false	0.0	0.75	напикаването|напикавания|напикаване|напикаванията
уверен	A	false			false	false	false	0.125	0.625	увереният|уверените|уверения|увереното|уверена|уверената|уверено|уверен|уверени
свиваем	A	false			false	false	false	0.625	0.0	свиваемото|свиваеми|свиваемият|свиваемите|свиваемия|свиваема|свиваемата|свиваем|свиваемо
кроткост	N	false			false	false	false	0.0	0.625	кроткост
мътен	A	false			false	false	false	0.125	0.75	мътни|мътен|мътния|мътна|мътното|мътно|мътният|мътните|мътната
несправедлива присъда	N	false			false	false	false	0.125	0.625	несправедлива присъда
красавица	N	false	appearance	positive	true	false	false	0.0	0.0	красавица|красавицата|красавиците|красавици
неразрешим	A	false			false	false	false	0.0	0.625	неразрешимата|неразрешимото|неразрешим|неразрешимият|неразрешимите|неразрешима|неразрешимо|неразрешимия|неразрешими
изгодност	N	false			false	false	false	0.75	0.0	изгодността|изгодност
под микроскоп	A	false			false	false	false	0.75	0.0	под микроскоп
второстепенен	A	false			false	false	false	0.0	0.75	второстепенни|второстепенната|второстепенният|второстепенните|второстепенен|второстепенното|второстепенния|второстепенно|второстепенна
ахлорхидрия	N	false			false	false	false	0.0	0.625	ахлорхидрия
матриархат	N	true	gender	neutral	false	false	false	0.0	0.0	матриархатът|матриархата|матриархат
пост	N	true	religion	neutral	false	false	false	0.0	0.0	постовете|поста|постът|постове|пости|постите|пост
греховен	A	false			false	false	false	0.0	0.75	греховна|греховно|греховния|греховната|греховният|греховни|греховните|греховното|греховен
страдащ от трискадейкафобия	A	false			false	false	false	0.0	0.625	страдащ от трискадейкафобия
бездеен	A	false			false	false	false	0.0	0.625	бездейното|бездейния|бездейни|бездейно|бездеен|бездейният|бездейните|бездейна|бездейната
гъркиня	N	true	race_ethnicity	neutral	false	false	false	0.0	0.0	гъркините|гъркинята|гъркини|гъркиня
неметален	A	false			false	false	false	0.0	0.75	неметалното|неметалният|неметалните|неметална|неметалната|неметалния|неметално|неметални|неметален
ректална болка	N	false			false	false	false	0.0	0.625	ректална болка
недобросъседски	A	false			false	false	false	0.0	0.75	недобросъседския|недобросъседски|недобросъседското|недобросъседският|недобросъседските|недобросъседската|недобросъседско|недобросъседска
астеричен	A	false			false	false	false	0.625	0.0	астеричен
безпогрешност	N	false			false	false	false	0.0	0.625	безпогрешността|безпогрешност
непосредственост	N	false			false	false	false	0.625	0.0	непосредствеността|непосредственост
грандиозен	A	false			false	false	false	0.75	0.0	грандиозни|грандиозния|грандиозният|грандиозните|грандиозното|грандиозна|грандиозната|грандиозно|грандиозен
отрицателност	N	false			false	false	false	0.0	0.75	отрицателност|отрицателността
щастлив	A	false			false	false	false	0.875	0.0	щастливи|щастливият|щастливите|щастливото|щастлива|щастливо|щастливата|щастливия|щастлив
лаская	V	false		negative	false	false	false	0.0	0.0	ласкаехте|ласкаещи|ласкаещото|ласкалото|ласкаещо|ласкало|ласкалия|ласкания|ласкалият|ласкаещият|ласкаят|ласкае|ласкала|ласкаете|ласкай|ласкан|ласкаещия|ласкали|ласкал|ласкалата|ласкахте|ласкалите|ласкаеш|ласкаещ|ласкаех|ласкаехме|ласкаела|ласках|ласкаело|ласкаели|ласкано|ласка|ласканият|ласкаем|ласкаел|лаская|ласкана|ласкаеше|ласкайте|ласкаещата|ласканата|ласкани|ласканото|ласкаха|ласкахме|ласкаещите|ласкаеха|ласканите|ласкаейки|ласкаеща
недохраня	V	false			false	false	false	0.0	0.625	недохраня
имигрант	N	true	race_ethnicity	neutral	false	false	false	0.0	0.0	имигрант|имигранта|имигрантите|имигрантът|имигранти
дейтеранопия	N	false			false	false	false	0.0	0.625	дейтеранопия
безцелност	N	false			false	false	false	0.625	0.0	безцелността|безцелност
разсъдителен	A	false			false	false	false	0.625	0.0	разсъдителни|разсъдителен|разсъдителната|разсъдителният|разсъдителните|разсъдителна|разсъдителния|разсъдително|разсъдителното
заболявам	V	true	disability	negative	false	false	false	0.0	0.0	заболяващият|заболявало|заболявалото|заболява|заболявайки|заболявахме|заболявали|заболявахте|заболяващото|заболяващо|заболявала|заболявалия|заболяваха|заболявалите|заболяващи|заболявай|заболяващите|заболявах|заболяващия|заболяват|заболяваща|заболявам|заболяваме|заболявал|заболявалата|заболявате|заболявайте|заболяващата|заболяваш|заболяваше|заболявалият|заболяващ
неукрасен	A	false			false	false	false	0.25	0.625	неукрасени|неукрасения|неукрасеният|неукрасеното|неукрасените|неукрасената|неукрасен|неукрасена|неукрасено
радионепрозрачен	A	false			false	false	false	0.0	0.625	радионепрозрачен
бездарен	A	false		negative	true	false	false	0.0	0.0	бездарно|бездарният|бездарните|бездарното|бездарна|бездарния|бездарната|бездарен|бездарни
неподправен	A	false			false	false	false	0.625	0.0	неподправения|неподправена|неподправеното|неподправеният|неподправените|неподправен|неподправено|неподправената|неподправени
подъл	A	false		negative	true	false	false	0.0	0.75	подли|подлата|подъл|подлия|подлото|подлият|подла|подлите|подло
съвест	N	false			false	false	false	0.125	0.75	съвест|съвестта
непослушен	A	false		negative	false	false	false	0.0	0.625	непослушни|непослушно|непослушното|непослушна|непослушния|непослушен|непослушният|непослушната|непослушните
разсъдък	N	false		positive	false	false	false	0.0	0.0	разсъдъка|разсъдъкът|разсъдъци|разсъдъците|разсъдък
смел	A	false		positive	true	false	false	0.125	0.75	смела|смелата|смело|смелото|смелият|смелите|смели|смелия|смел
беззаконие	N	false		negative	false	false	false	0.0	0.0	беззаконие|беззаконието|беззакония|беззаконията
пострадал	A	false			false	false	false	0.0	0.75	пострадал|пострадала|пострадахме|пострадалият|пострадалите|пострадаме|пострадали|пострадало|пострадалия|пострадалото|пострадаш|пострада|пострадаха|пострадалата|пострадах|пострадай|пострадат|пострадайте|пострадахте|пострадаше|пострадате|пострадам
изключително	Adv	false			false	false	false	0.625	0.0	изключително
искреност	N	false			false	false	false	0.875	0.0	искреност|искреността
направляем	A	false			false	false	false	0.625	0.0	направляемата|направляеми|направляем|направляемият|направляемото|направляемите|направляемо|направляема|направляемия
илюзорен	A	false			false	false	false	0.0	0.625	илюзорна|илюзорното|илюзорния|илюзорната|илюзорният|илюзорните|илюзорен|илюзорни|илюзорно
производителен	A	false			false	false	false	0.625	0.0	производителни|производителен|производителният|производителните|производителното|производителния|производителна|производителната|производително
чернодробна кома	N	true	disability		false	false	false	0.0	0.625	чернодробна кома
жесток	A	false		negative	true	false	false	0.0	0.625	жестоко|жестокия|жестока|жестоката|жестокият|жестоките|жестокото|жесток|жестоки
приятно	Adv	false		positive	false	false	false	0.0	0.0	приятно
умствено затруднен	A	true	disability	neutral	false	false	false	0.0	0.0	умствено затруднен
с лошо	Adv	false			false	false	false	0.0	0.625	с лошо
мутизъм	N	true	disability		false	false	false	0.0	0.75	мутизъм
ревнив	A	false		negative	false	false	false	0.0	0.0	ревнив|ревнивият|ревнивите|ревнивото|ревниви|ревнивата|ревнива|ревнивия|ревниво
кървене от матката	N	false			false	false	false	0.0	0.625	кървене от матката
величествено	Adv	false		positive	true	false	false	0.0	0.0	величествена|величествено|величественото|величественият|величествени|величествените|величествен|величествения|величествената
оскъден	A	false			false	false	false	0.125	0.75	оскъдни|оскъдната|оскъден|оскъдния|оскъдното|оскъдният|оскъдните|оскъдна|оскъдно
разграничим	A	false			false	false	false	0.625	0.0	разграничите|разграничи|разграничихме|разграничете|разграничихте|разграничилата|разграничен|разграниченото|разграничахте|разгранича|разграничеше|разграничахме|разграничило|разграниченият|разграничилите|разграничало|разграничах|разграничели|разграничени|разграничиш|разграничения|разграничено|разграничат|разграничили|разграничената|разграничих|разграничена|разграничила|разграничал|разграничим|разграничиха|разграничилото|разграничала|разграничил|разграничаха|разграничените|разграничилият|разграничилия
страдалец	N	false		negative	false	false	false	0.0	0.0	страдалецът|страдалци|страдалец|страдалците|страдалеца
добре поддържан	A	false			false	false	false	0.75	0.0	добре поддържан
диктатор	N	false		negative	true	false	false	0.0	0.0	диктатора|диктаторът|диктаторите|диктатори|диктатор
албинизъм	N	true	disability		false	false	false	0.0	0.625	албинизъм
протестантка	N	true	religion	neutral	false	false	false	0.0	0.0	протестантка|протестантки|протестантките|протестантката
атрактивен	A	false			false	false	false	0.625	0.0	атрактивната|атрактивен|атрактивното|атрактивният|атрактивни|атрактивните|атрактивния|атрактивно|атрактивна
безкористен	A	false		positive	false	false	false	0.0	0.0	безкористната|безкористен|безкористни|безкористния|безкористният|безкористно|безкористните|безкористното|безкористна
съществуващ	A	false			false	false	false	0.0	0.625	съществуващото|съществуващия|съществуващият|съществуващи|съществуващите|съществуващ|съществуващата|съществуваща|съществуващо
хранителност	N	false			false	false	false	0.875	0.0	хранителност|хранителността
развратен	A	false			false	false	false	0.125	0.875	развратена|развратения|развратен|развратено|развратеното|развратеният|развратени|развратените|развратената
отхвърля	V	false			false	false	false	0.0	0.875	отхвърлили|отхвърлената|отхвърлено|отхвърлело|отхвърлило|отхвърлилия|отхвърлят|отхвърлиш|отхвърлените|отхвърлих|отхвърлеше|отхвърлилото|отхвърлен|отхвърлехме|отхвърлете|отхвърлел|отхвърлите|отхвърлилият|отхвърленото|отхвърлехте|отхвърли|отхвърлех|отхвърлилата|отхвърленият|отхвърлеха|отхвърлиха|отхвърлихме|отхвърлена|отхвърлим|отхвърлела|отхвърлил|отхвърлила|отхвърлилите|отхвърления|отхвърля|отхвърлихте|отхвърлени|отхвърлели
модност	N	false			false	false	false	0.625	0.0	модност
присмивам се	V	false			false	false	false	0.125	0.625	присмивам се
адски	A	false	religion	negative	false	false	false	0.125	0.625	адския|адската|адски|адското|адският|адските|адско|адска
вреден	A	false			false	false	false	0.0	0.875	вредна|вреден|вредния|вредни|вредната|вредно|вредният|вредните|вредното
негативност	N	false			false	false	false	0.0	0.75	негативността|негативност
скъпернически	A	false			false	false	false	0.0	0.75	скъпернически
благоразумен	A	false		positive	false	false	false	0.625	0.0	благоразумния|благоразумен|благоразумна|благоразумният|благоразумно|благоразумните|благоразумното|благоразумната|благоразумни
лъчезарен	A	false			false	false	false	0.75	0.125	лъчезарният|лъчезарните|лъчезарен|лъчезарната|лъчезарни|лъчезарния|лъчезарно|лъчезарна|лъчезарното
поразителен	A	false			false	false	false	0.0	0.75	поразителен|поразителното|поразителният|поразителни|поразителните|поразителната|поразително|поразителния|поразителна
незабележителност	N	false			false	false	false	0.125	0.625	незабележителност
нееднакъв	A	false			false	false	false	0.25	0.625	нееднакви|нееднаквата|нееднакъв|нееднаква|нееднаквото|нееднаквия|нееднаквият|нееднакво|нееднаквите
оскотея	V	false			false	false	false	0.0	0.75	оскотея
по-добре	Adv	false			false	false	false	0.875	0.0	
готически	A	false			false	false	false	0.0	0.625	готическата|готическо|готическият|готическите|готически|готическото|готическия|готическа
неакцентиран	A	false			false	false	false	0.0	0.75	неакцентиран
развлекателен	A	false			false	false	false	0.625	0.25	развлекателни|развлекателно|развлекателна|развлекателното|развлекателният|развлекателните|развлекателен|развлекателния|развлекателната
синагога	N	true	religion	neutral	false	false	false	0.0	0.0	синагогите|синагоги|синагогата|синагога
несъдействащ	A	false			false	false	false	0.0	0.625	несъдействащ
сестра	N	true	gender	neutral	false	false	false	0.0	0.0	сестра|сестрата|сестрите|сестро|сестри
ализариново жълто	N	false			false	false	false	0.0	0.625	ализариново жълто
небивалица	N	false			false	false	false	0.0	0.75	небивалица|небивалицата|небивалици|небивалиците
неугасим	A	false			false	false	false	0.0	0.875	неугасимото|неугасимият|неугасимите|неугасим|неугасимия|неугасима|неугасимо|неугасимата|неугасими
обстоен	A	false			false	false	false	0.875	0.0	обстойния|обстойната|обстоен|обстойна|обстойно|обстойното|обстойни|обстойният|обстойните
възбуждащ	A	false			false	false	false	0.75	0.25	възбуждаме|възбуждащото|възбужданите|възбуждайте|възбуждахме|възбуждалата|възбуждал|възбуждам|възбуждайки|възбуждахте|възбуждан|възбуждате|възбужданата|възбуждащите|възбужданото|възбуждаше|възбуждано|възбуждалите|възбуждало|възбужданият|възбуждащия|възбуждали|възбуждащата|възбуждани|възбуждания|възбуждащи|възбуждалия|възбуждащо|възбуждала|възбуждалото|възбуждана|възбуждащият|възбуждат|възбуждаща|възбуждах|възбуждай|възбуждаха|възбуждаш|възбужда|възбуждащ|възбуждалият
хередитарна церебеларна атаксия	N	true	disability		false	false	false	0.0	0.625	хередитарна церебеларна атаксия
подземен	A	false			false	false	false	0.0	0.625	подземният|подземно|подземните|подземното|подземна|подземния|подземен|подземната|подземни
хиперкортицизъм	N	true	disability		false	false	false	0.0	0.625	хиперкортицизъм
вцепенен	A	false			false	false	false	0.0	0.75	вцепенено|вцепенена|вцепененият|вцепенените|вцепененото|вцепенения|вцепенени|вцепенената|вцепенен
набожен	A	false			false	false	false	0.625	0.0	набожни|набожно|набожния|набожна|набожното|набожен|набожният|набожните|набожната
ненавикнал	A	false			false	false	false	0.0	0.75	ненавикнало|ненавикнали|ненавикналото|ненавикнал|ненавикналият|ненавикнала|ненавикналите|ненавикналия|ненавикналата
отнасям се зле	V	false			false	false	false	0.0	0.75	отнасям се зле
булимичен	A	false			false	false	false	0.0	0.625	булимичен
чехъл без пета	N	false			false	false	false	0.0	0.75	чехъл без пета
невнимателно	Adv	false			false	false	false	0.625	0.125	невнимателно
подагрозен	A	false			false	false	false	0.0	0.625	подагрозен
неестествен	A	false			false	false	false	0.0	0.75	неестествен|неестествения|неестествени|неестественият|неестествените|неестественото|неестествената|неестествено|неестествена
неграмотен	A	false		negative	true	false	false	0.0	0.0	неграмотната|неграмотна|неграмотният|неграмотните|неграмотното|неграмотен|неграмотния|неграмотни|неграмотно
човечен	A	false			false	false	false	0.625	0.0	човечния|човечната|човечно|човечният|човечните|човечното|човечни|човечен|човечна
животозастрашаващ	A	false			false	false	false	0.0	0.625	животозастрашаващ
повлекана	N	false			false	false	false	0.0	0.75	повлеканата|повлекани|повлеканите|повлекана
безжизнен	A	false			false	false	false	0.0	0.75	безжизнената|безжизнен|безжизненият|безжизнените|безжизнени|безжизнено|безжизненото|безжизнения|безжизнена
карцинома ин ситу	N	true	disability		false	false	false	0.0	0.625	карцинома ин ситу
сладък	A	false			false	false	false	0.75	0.25	сладко|сладкото|сладкият|сладките|сладка|сладък|сладката|сладкия|сладки
висок	A	true	appearance	neutral	false	false	false	0.0	0.0	високо|високи|високия|високото|висок|високият|високите|висока|високата
самотен	A	false			false	false	false	0.0	0.625	самотна|самотно|самотната|самотния|самотният|самотните|самотното|самотни|самотен
мералгия	N	true	disability		false	false	false	0.0	0.625	мералгия
менте	N	false			false	false	false	0.0	0.875	менте
незамърсяващ	A	false			false	false	false	0.0	0.625	незамърсяващ
Фьодор Михайлович Достоевски	N	false			false	false	false	0.0	0.625	
наследствена церебеларна атаксия	N	true	disability		false	false	false	0.0	0.625	наследствена церебеларна атаксия
недостатъчен	A	false			false	false	false	0.0	0.625	недостатъчно|недостатъчното|недостатъчния|недостатъчна|недостатъчен|недостатъчната|недостатъчни|недостатъчният|недостатъчните
годен	A	false			false	false	false	0.625	0.0	годена|годения|годено|годеният|годените|годеното|годен|годени|годената
дисфемистичен	A	false			false	false	false	0.0	0.75	дисфемистичен
терорист	N	false		negative	true	false	false	0.0	0.0	терористи|терористът|терориста|терористите|терорист
приличен	A	false			false	false	false	0.625	0.0	приличния|прилично|прилична|приличната|приличният|приличните|приличното|прилични|приличен
дрипльо	N	false			false	false	false	0.0	0.875	дрипльо|дрипльото|дрипльовци|дрипльовците
благодеяние	N	false			false	false	false	0.75	0.0	благодеянията|благодеяние|благодеяния|благодеянието
незавършен	A	false			false	false	false	0.0	0.625	незавършен|незавършена|незавършено|незавършената|незавършения|незавършеното|незавършени|незавършеният|незавършените
спираем	A	false			false	false	false	0.625	0.0	спираем
невинност	N	false		positive	false	false	false	0.0	0.0	невинността|невинност
неутешим	A	false			false	false	false	0.0	0.75	неутешимият|неутешими|неутешимите|неутешимото|неутешимо|неутешима|неутешимия|неутешим|неутешимата
мекушав	A	false			false	false	false	0.0	0.75	мекушавото|мекушавият|мекушавите|мекушавата|мекушава|мекушаво|мекушави|мекушав|мекушавия
нетрадиционен	A	false			false	false	false	0.0	0.875	нетрадиционна|нетрадиционно|нетрадиционен|нетрадиционният|нетрадиционните|нетрадиционното|нетрадиционния|нетрадиционната|нетрадиционни
съкратим	A	false			false	false	false	0.625	0.0	съкратиш|съкратят|съкратях|съкратилите|съкратяло|съкратеното|съкрати|съкратете|съкратите|съкратим|съкратил|съкратеше|съкратилото|съкратените|съкратяла|съкратял|съкратих|съкратяха|съкратяхме|съкратило|съкратено|съкратилият|съкратели|съкратения|съкратихте|съкратили|съкратената|съкратихме|съкратена|съкратилия|съкратила|съкратя|съкратяхте|съкратен|съкратени|съкратиха|съкратеният|съкратилата
престъпник	N	false		negative	false	false	false	0.0	0.0	престъпникът|престъпник|престъпника|престъпници|престъпниците
некротизиращ хеморагичен ентерит	N	true	disability		false	false	false	0.0	0.875	некротизиращ хеморагичен ентерит
правдоподобност	N	false			false	false	false	0.625	0.0	правдоподобността|правдоподобност
отнеса се зле	V	false			false	false	false	0.0	0.75	отнеса се зле
благоразумие	N	false		positive	false	false	false	0.875	0.0	благоразумието|благоразумие
грубост	N	false			false	false	false	0.556	0.444	грубостта|грубости|грубостите|грубост
неуловим	A	false			false	false	false	0.0	0.625	неуловимата|неуловима|неуловимото|неуловимият|неуловимите|неуловими|неуловимия|неуловим|неуловимо
образец	N	false			false	false	false	0.75	0.0	образците|образеца|образци|образец|образецът
изповядвам	V	true	religion	positive	false	false	false	0.0	0.0	изповядващите|изповядвали|изповядвани|изповядващия|изповядвалата|изповядвало|изповядваната|изповядвано|изповядващи|изповядваният|изповядвай|изповядваха|изповядвалият|изповядвайте|изповядващата|изповядващо|изповядвала|изповядвана|изповядвахте|изповядващият|изповядваното|изповядващ|изповядвалото|изповядваш|изповядва|изповядваме|изповядвахме|изповядваща|изповядвайки|изповядващото|изповядван|изповядваните|изповядвам|изповядваше|изповядвал|изповядвалите|изповядвах|изповядвалия|изповядвате|изповядват|изповядвания
угоднически	A	false			false	false	false	0.625	0.0	угодническо|угодническата|угоднически|угодническото|угодническият|угодническите|угодническия|угодническа
пазител	N	false			false	false	false	0.25	0.625	пазител|пазителят|пазители|пазителите|пазителя
паническо разстройство	N	true	disability		false	false	false	0.0	0.75	паническо разстройство
дисидентски	A	false			false	false	false	0.0	0.625	дисидентско|дисидентска|дисидентското|дисидентският|дисидентските|дисидентски|дисидентския|дисидентската
омекнал	A	false			false	false	false	0.625	0.25	омекнехме|омекналата|омекнете|омекнех|омекналият|омекнеш|омекнеше|омекнем|омекнел|омекналото|омекнело|омекна|омекнахме|омекнало|омекнели|омекни|омекнали|омекне|омекнахте|омекнела|омекналия|омекнехте|омекналите|омекнала|омекнат|омекнах|омекнеха|омекнал|омекнаха
безпроблемност	N	false			false	false	false	0.625	0.125	безпроблемност
привилегирован	A	false			false	false	false	0.75	0.0	привилегирован|привилегировано|привилегирована|привилегированото|привилегированата|привилегирования|привилегированият|привилегированите|привилегировани
напакостя	V	false			false	false	false	0.0	0.75	напакостя|напакостяло|напакостите|напакостилия|напакостилото|напакостиха|напакостилият|напакостим|напакостели|напакостихме|напакостяхме|напакостил|напакостили|напакостихте|напакости|напакостяхте|напакостила|напакостеше|напакостят|напакостяла|напакостях|напакостилата|напакостиш|напакостете|напакостял|напакостих|напакостяха|напакостило|напакостилите
деспот	N	false		negative	true	false	false	0.0	0.0	деспоти|деспотът|деспот|деспота|деспотите
разминаване	N	false			false	false	false	0.333	0.667	разминаване|разминаванията|разминаването|разминавания
безчувственост	N	false			false	false	false	0.0	0.75	безчувствеността|безчувственост
шампион	N	false		positive	true	false	false	0.0	0.0	шампиона|шампиони|шампионът|шампионите|шампион
неморален	A	false			false	false	false	0.125	0.75	неморален|неморалната|неморални|неморалното|неморалният|неморалните|неморално|неморална|неморалния
угоен	A	false			false	false	false	0.125	0.75	угоях|угоени|угоели|угоят|угоилата|угоили|угоеното|угоено|угои|угоило|угояха|угоен|угоилите|угояхте|угоилия|угояла|угоеше|угоеният|угояхме|угоете|угоите|угоя|угоилото|угояло|угоената|угоихме|угоилият|угоиха|угоения|угоим|угоихте|угоил|угоените|угоиш|угоена|угоих|угоял|угоила
патриот	N	false		positive	true	false	false	0.0	0.0	патриотите|патриот|патриота|патриотът|патриоти
приятен	A	false		positive	false	false	false	1.0	0.0	приятната|приятни|приятният|приятните|приятен|приятния|приятна|приятно|приятното
приятел	N	true	gender	neutral	false	false	false	0.0	0.0	приятелят|приятел|приятели|приятелю|приятеля|приятелите
възприемчивост	N	false			false	false	false	0.625	0.125	възприемчивостта|възприемчивост
обеззаразяване	N	false			false	false	false	0.0	0.75	обеззаразяване|обеззаразяването
огорча	V	false			false	false	false	0.125	0.75	огорчила|огорчена|огорчилите|огорченият|огорчен|огорчала|огорчения|огорчиха|огорчи|огорчилата|огорчаха|огорченото|огорчихте|огорча|огорчах|огорчахме|огорчахте|огорчат|огорчихме|огорчиш|огорчих|огорчилия|огорчете|огорчал|огорчилият|огорчените|огорчите|огорчим|огорчил|огорчеше|огорчената|огорчило|огорчилото|огорчили|огорчено|огорчени|огорчели|огорчало
неоплакан	A	false			false	false	false	0.0	0.875	неоплакани|неоплаканият|неоплакано|неоплаканите|неоплаканото|неоплакана|неоплакан|неоплакания|неоплаканата
амфодонтоза	N	true	disability		false	false	false	0.0	0.625	амфодонтоза
спермициден	A	false			false	false	false	0.0	0.625	спермициден
потиснатост	N	false			false	false	false	0.125	0.875	потиснатост|потиснатостта
предателски	A	false			false	false	false	0.625	0.0	предателски
отличен удар	N	false			false	false	false	0.75	0.0	отличен удар
аналгезия	N	false			false	false	false	0.0	0.75	аналгезия
изолиран	A	false			false	false	false	0.0	0.625	изолиран|изолираното|изолираният|изолираните|изолирания|изолирана|изолираната|изолирано|изолирани
чернокож	A	true	race_ethnicity	neutral	false	false	false	0.0	0.0	чернокож|чернокожа|чернокожото|чернокожия|чернокожи|чернокожият|чернокожо|чернокожите|чернокожата
недеформиран	A	false			false	false	false	0.0	0.625	недеформиран
нерешен	A	false			false	false	false	0.0	0.625	нерешения|нерешеното|нерешени|нерешен|нерешена|нерешената|нерешено|нерешеният|нерешените
рак на черния дроб	N	true	disability		false	false	false	0.0	0.625	рак на черния дроб
църква	N	true	religion	neutral	false	false	false	0.0	0.0	църкви|църквите|църква|църквата
парализа	N	true	disability	neutral	false	false	false	0.0	0.0	парализи|парализата|парализа|парализите
от добро семейство	A	false			false	false	false	0.625	0.0	от добро семейство
ужасно	Adv	false		negative	true	false	false	0.0	0.75	ужасно
храброст	N	false			false	false	false	0.125	0.75	храброст|храбростта
шокиращ	A	false			false	false	false	0.0	0.75	шокиралият|шокирано|шокирахме|шокиращ|шокирало|шокираш|шокиращата|шокирали|шокирах|шокираният|шокирахте|шокирате|шокираше|шокираното|шокиралото|шокираме|шокиращият|шокиралите|шокира|шокиращия|шокираните|шокираха|шокирайте|шокирания|шокираща|шокиращото|шокирал|шокираната|шокирана|шокиралата|шокиралия|шокиращи|шокирай|шокират|шокирани|шокиращо|шокиращите|шокирала|шокирайки|шокиран|шокирам
препъване	N	false			false	false	false	0.0	0.625	препъвания|препъване|препъванията|препъването
безсимптомен	A	false			false	false	false	0.0	0.625	безсимптомен
недипломатичен	A	false			false	false	false	0.0	0.75	недипломатичният|недипломатичните|недипломатичния|недипломатичното|недипломатични|недипломатичната|недипломатичен|недипломатично|недипломатична
колит	N	true	disability		false	false	false	0.0	0.625	колита|колитът|колит
принцип на Паули	N	false			false	false	false	0.0	0.625	
разтягане	N	false			false	false	false	0.0	0.625	разтягане|разтягането|разтягания|разтяганията
психопатологичен	A	false			false	false	false	0.0	0.625	психопатологичен|психопатологичния|психопатологични|психопатологичната|психопатологичният|психопатологична|психопатологичните|психопатологичното|психопатологично
безглав	A	false			false	false	false	0.0	0.625	безглави|безглав|безглавата|безглава|безглавото|безглавият|безглавите|безглаво|безглавия
порочен	A	false		negative	true	false	false	0.0	0.75	порочни|порочен|порочния|порочната|порочният|порочните|порочното|порочна|порочно
уретерит	N	true	disability		false	false	false	0.0	0.75	уретерит
неморалност	N	false			false	false	false	0.25	0.75	неморалността|неморалност
необразован	A	false		negative	true	false	false	0.25	0.75	необразованата|необразовано|необразован|необразована|необразования|необразованото|необразованият|необразовани|необразованите
с треска	A	false			false	false	false	0.0	0.625	с треска
вторичен рак на черния дроб	N	true	disability		false	false	false	0.0	0.625	вторичен рак на черния дроб
анорексия	N	true	disability		false	false	false	0.0	0.625	анорексия
угодник	N	false			false	false	false	0.625	0.0	угодник|угодниците|угодника|угодникът|угодници
удовлетворителност	N	false			false	false	false	0.25	0.625	удовлетворителност
секретар	N	true	gender	neutral	false	false	false	0.0	0.0	секретарю|секретари|секретарят|секретар|секретарите|секретаря
неудържимост	N	false			false	false	false	0.75	0.0	неудържимост|неудържимостта
функционално разстройство	N	true	disability		false	false	false	0.0	0.625	функционално разстройство
чест	N	false		positive	false	false	false	0.75	0.0	честият|честите|честа|честата|честия|честото|чести|чест|често
пенсиониран	A	false			false	false	false	0.0	0.625	пенсионирайки|пенсиониращо|пенсионирала|пенсионирани|пенсионираните|пенсиониращия|пенсиониралите|пенсионирали|пенсионирало|пенсиониращият|пенсионирано|пенсионираната|пенсиониралата|пенсиониралия|пенсионирания|пенсионираше|пенсионирайте|пенсионирате|пенсионирахме|пенсиониращата|пенсионираният|пенсионираме|пенсиониралият|пенсиониращите|пенсионираща|пенсионират|пенсионираха|пенсионирал|пенсионирам|пенсионираното|пенсиониран|пенсиониралото|пенсиониращи|пенсионираш|пенсионира|пенсиониращ|пенсионирай|пенсионирана|пенсионирахте|пенсионирах|пенсиониращото
безсилен	A	false		negative	true	false	false	0.0	0.0	безсилният|безсилни|безсилните|безсилното|безсилен|безсилна|безсилния|безсилно|безсилната
развлекателно	Adv	false			false	false	false	0.75	0.0	развлекателни|развлекателно|развлекателна|развлекателното|развлекателният|развлекателните|развлекателен|развлекателния|развлекателната
дезинфекция	N	false			false	false	false	0.0	0.75	дезинфекциите|дезинфекцията|дезинфекция|дезинфекции
негативизъм	N	false			false	false	false	0.0	0.75	негативизъм|негативизма|негативизмът
необективен	A	false			false	false	false	0.25	0.625	необективно|необективна|необективен|необективната|необективни|необективното|необективния|необективният|необективните
запазване	N	false			false	false	false	0.0	0.625	запазването|запазване
развълнуван	A	false			false	false	false	0.25	0.625	развълнувани|развълнуваното|развълнуваният|развълнуваните|развълнуваната|развълнувания|развълнувано|развълнувана|развълнуван
стенание	N	false			false	false	false	0.0	0.625	стенания|стенанието|стенанията|стенание
апатогенен	A	false			false	false	false	0.0	0.875	апатогенен
неизпълнителност	N	false			false	false	false	0.25	0.625	неизпълнителност|неизпълнителността
гранясал	A	false			false	false	false	0.0	0.625	гранясал|гранясайте|гранясало|гранясалия|гранясали|граняса|гранясаха|гранясалата|гранясат|гранясам|гранясалото|гранясаш|гранясате|гранясах|гранясаше|гранясахме|гранясай|гранясаме|гранясахте|гранясалият|гранясалите|гранясала
неадекватен	A	false			false	false	false	0.0	0.625	неадекватната|неадекватни|неадекватен|неадекватният|неадекватните|неадекватното|неадекватния|неадекватно|неадекватна
вкусен	A	false			false	false	false	0.75	0.25	вкусния|вкусно|вкусни|вкусното|вкусен|вкусната|вкусна|вкусният|вкусните
маниакално разстройство	N	true	disability		false	false	false	0.0	0.625	маниакално разстройство
мома	N	true	gender	neutral	false	false	false	0.0	0.0	моми|моме|мома|момите|момата
депресиран	A	true	disability	neutral	false	false	false	0.0	0.0	депресираща|депресираха|депресирания|депресираното|депресиралия|депресиращи|депресирай|депресиралото|депресиращият|депресирайки|депресирана|депресиращо|депресирала|депресирал|депресирам|депресиран|депресирани|депресирали|депресират|депресираните|депресиралите|депресирано|депресирах|депресирахме|депресирало|депресиращото|депресираш|депресиращ|депресирахте|депресираше|депресиращите|депресираната|депресирате|депресиралата|депресира|депресирайте|депресираме|депресиращия|депресиращата|депресираният|депресиралият
еритробластоза	N	true	disability		false	false	false	0.125	0.625	еритробластоза
образцов	A	false			false	false	false	0.625	0.0	образцовия|образцово|образцова|образцов|образцовата|образцовото|образцовият|образцови|образцовите
низък	A	false			true	false	false	0.0	1.0	низкото|низкият|низките|низко|низка|низък|низката|низкия|низки
безработен	A	false			false	false	false	0.0	0.625	безработно|безработният|безработните|безработна|безработната|безработен|безработния|безработното|безработни
първична дисменорея	N	true	disability		false	false	false	0.0	0.875	първична дисменорея
злоупотреба	N	false			false	false	false	0.0	0.625	злоупотреби|злоупотреба|злоупотребите|злоупотребата
пич	N	false	gender	positive	false	false	true	0.0	0.0	пичовете|пичът|пичове|пича|пич
смисленост	N	false			false	false	false	0.75	0.125	смислеността|смисленост
необещан	A	false			false	false	false	0.0	0.625	необещан
отпуснат	A	false		negative	false	false	false	0.0	0.625	отпуснат|отпуснатият|отпуснатите|отпуснатото|отпуснатия|отпуснато|отпусната|отпуснатата|отпуснати
разхлабителен	A	false			false	false	false	0.0	0.625	разхлабителния|разхлабителен|разхлабителна|разхлабителното|разхлабително|разхлабителни|разхлабителната|разхлабителният|разхлабителните
откровен	A	false		positive	false	false	false	0.625	0.25	откровената|откровен|откровения|откровена|откровено|откровеното|откровеният|откровени|откровените
неподдържан	A	false			false	false	false	0.0	0.625	неподдържаният|неподдържаните|неподдържаното|неподдържано|неподдържан|неподдържана|неподдържания|неподдържаната|неподдържани
умислен	A	false			false	false	false	0.333	0.667	умислени|умисления|умислен|умислено|умисленото|умислена|умисленият|умислените|умислената
варварин	N	false		negative	true	false	false	0.0	0.0	варварин|варвари|варваринът|варварина|варварите
дисменорея	N	true	disability		false	false	false	0.0	0.75	дисменорея
неизискан	A	false			false	false	false	0.625	0.125	неизисканият|неизисканите|неизискан|неизисканата|неизискано|неизисканото|неизискани|неизискания|неизискана
зацапан	A	false			false	false	false	0.0	0.875	зацапайте|зацапаше|зацапате|зацапалата|зацапаната|зацапаме|зацапа|зацапания|зацапалият|зацапаният|зацапаха|зацапай|зацапана|зацапаш|зацапалия|зацапала|зацапани|зацапах|зацапалото|зацапаното|зацапат|зацапахте|зацапали|зацапало|зацапан|зацапам|зацапано|зацапал|зацапалите|зацапаните|зацапахме
великан	N	false	appearance	positive	false	false	false	0.0	0.0	великани|великаните|великан|великана|великанът
непрокиснат	A	false			false	false	false	0.0	0.625	непрокиснат
противоположен	A	false			false	false	false	0.75	0.125	противоположната|противоположен|противоположният|противоположна|противоположното|противоположните|противоположно|противоположния|противоположни
страхопочитание	N	false		positive	false	false	false	0.0	0.0	страхопочитание|страхопочитанието
добросъвестност	N	false			false	false	false	0.75	0.0	добросъвестност|добросъвестността
безформен	A	false			false	false	false	0.125	0.625	безформения|безформени|безформеният|безформените|безформеното|безформен|безформена|безформената|безформено
въвеждащ наркотик	N	false			false	false	false	0.0	0.625	въвеждащ наркотик
привързан	A	false			false	false	false	0.0	0.625	привързаното|привързан|привързани|привързано|привързаната|привързана|привързания|привързаният|привързаните
злоупотребление	N	false			false	false	false	0.0	0.625	злоупотреблението|злоупотребления|злоупотребление|злоупотребленията
непрокиснал	A	false			false	false	false	0.0	0.625	непрокиснал
леснодостъпен	A	false			false	false	false	0.625	0.0	леснодостъпното|леснодостъпна|леснодостъпният|леснодостъпно|леснодостъпните|леснодостъпния|леснодостъпни|леснодостъпен|леснодостъпната
неритмичен	A	false			false	false	false	0.0	0.75	неритмична|неритмичната|неритмично|неритмичния|неритмични|неритмичният|неритмичното|неритмичните|неритмичен
съмнение	N	false			false	false	false	0.0	0.625	съмнението|съмнения|съмнение|съмненията
убиец	N	false		negative	true	false	false	0.0	0.0	убийци|убиеца|убийците|убиецът|убиец
ранна малкомозъчна атаксия	N	true	disability		false	false	false	0.0	0.625	ранна малкомозъчна атаксия
обаятелност	N	false			false	false	false	0.625	0.0	обаятелност|обаятелността
постит	N	true	disability		false	false	false	0.0	0.625	постит
дивертикулит	N	true	disability		false	false	false	0.0	0.875	дивертикулит
китен	A	false			false	false	false	0.75	0.0	китната|китения|китени|китеното|китен|китното|китена|китно|китеният|китените|китни|китният|китните|китената|китено|китна|китния
незадоволен	A	false			false	false	false	0.125	0.75	незадоволено|незадоволения|незадоволен|незадоволеният|незадоволените|незадоволена|незадоволеното|незадоволената|незадоволени
дуоденална язва	N	true	disability		false	false	false	0.0	0.625	дуоденална язва
неподвижен	A	false			false	false	false	0.0	0.75	неподвижния|неподвижно|неподвижна|неподвижен|неподвижната|неподвижният|неподвижни|неподвижните|неподвижното
въображаем	A	false			false	false	false	0.625	0.0	въображаема|въображаемо|въображаемата|въображаемото|въображаеми|въображаемият|въображаемите|въображаем|въображаемия
недостоен	A	false			false	false	false	0.625	0.25	недостойни|недостойният|недостойните|недостойното|недостойна|недостойната|недостоен|недостойния|недостойно
демон	N	false			false	false	false	0.444	0.556	демона|демоните|демони|демонът|демон
некултурен	A	false		negative	true	false	false	0.0	0.0	некултурния|некултурната|некултурни|некултурно|некултурното|некултурният|некултурните|некултурна|некултурен
чуруликащ	A	false			false	false	false	0.0	0.625	чуруликалите|чуруликайки|чуруликалия|чуруликаха|чурулика|чуруликащото|чуруликащия|чуруликаща|чуруликайте|чуруликате|чуруликалото|чуруликащият|чуруликаме|чуруликалият|чуруликало|чуруликахте|чуруликахме|чуруликаше|чуруликал|чуруликам|чуруликащата|чуруликаш|чуруликащ|чуруликащо|чуруликала|чуруликат|чуруликай|чуруликащи|чуруликалата|чуруликах|чуруликали|чуруликащите
незапечатан	A	false			false	false	false	0.0	0.625	незапечатания|незапечатано|незапечатани|незапечатаната|незапечатан|незапечатаният|незапечатаните|незапечатана|незапечатаното
баналност	N	false			false	false	false	0.25	0.625	баналности|баналността|баналностите|баналност
подигравам	V	false			false	false	false	0.125	0.625	подиграва|подиграваме|подиграват|подигравайки|подигравах|подигравате|подиграваното|подигравалото|подиграващ|подиграващия|подиграваш|подигравалата|подигравахте|подигравало|подиграващото|подиграващите|подиграваше|подиграваните|подигравалите|подиграващата|подиграващо|подигравала|подигравана|подигравано|подигравахме|подигравали|подиграваната|подигравани|подиграваща|подигравайте|подиграващият|подигравал|подиграващи|подиграван|подигравам|подигравай|подигравания|подиграваха|подиграваният|подигравалия|подигравалият
красиво	Adv	false	appearance	positive	false	false	false	0.0	0.0	красиво
деликатност	N	false			false	false	false	0.75	0.0	деликатността|деликатност
телесно наказание	N	false			false	false	false	0.0	0.625	телесно наказание
непастьоризиран	A	false			false	false	false	0.0	0.625	непастьоризиран
пъдпъдъче месо	N	false			false	false	false	0.625	0.0	пъдпъдъче месо
тъждественост	N	false			false	false	false	0.625	0.125	тъждественост|тъждествеността
безразсъдство	N	false		negative	false	false	false	0.0	0.0	безразсъдства|безразсъдство|безразсъдствата|безразсъдството
милиция	N	false			false	false	false	0.0	0.625	милиции|милиция|милициите|милицията
надеждност	N	false			false	false	false	0.625	0.0	надеждността|надеждност
несъвместимост	N	false			false	false	false	0.125	0.75	несъвместимостта|несъвместимост
неспециализиран	A	false			false	false	false	0.0	0.75	неспециализирана|неспециализирано|неспециализирания|неспециализираният|неспециализираните|неспециализиран|неспециализираното|неспециализираната|неспециализирани
катарална треска	N	false			false	false	false	0.0	0.625	катарална треска
косвено	Adv	false			false	false	false	0.0	0.75	косвено
необуздан	A	false		negative	false	false	false	0.0	0.625	необуздания|необуздана|необуздан|необуздано|необузданата|необузданият|необузданите|необузданото|необуздани
тревожен	A	false			false	false	false	0.0	0.75	тревожната|тревожни|тревожният|тревожните|тревожното|тревожен|тревожно|тревожна|тревожния
реден	A	false			false	false	false	0.625	0.0	редната|редни|реден|редният|редните|редното|редно|редния|редна
цианогенен	A	false			false	false	false	0.625	0.0	цианогенен
разрушен	A	false			false	false	false	0.0	0.625	разрушеният|разрушени|разрушахте|разрушели|разрушало|разрушили|разрушилите|разрушено|разрушахме|разрушихме|разрушило|разрушилия|разруши|разрушилото|разрушиха|разрушала|разруша|разрушена|разрушената|разрушен|разрушила|разрушените|разрушилият|разрушат|разрушах|разрушаха|разрушилата|разрушеното|разрушал|разруших|разрушеше|разрушиш|разрушихте|разрушил|разрушим|разрушете|разрушения|разрушите
нереалистичен	A	false			false	false	false	0.0	0.75	нереалистичния|нереалистичен|нереалистичният|нереалистичните|нереалистичното|нереалистични|нереалистичната|нереалистично|нереалистична
гаргоилизъм	N	true	disability		false	false	false	0.0	0.75	гаргоилизъм
плуралист	N	false			false	false	false	0.0	0.625	плуралиста|плуралист|плуралистите|плуралисти|плуралистът
почистваем	A	false			false	false	false	0.625	0.0	почистваем
радикал	N	false	religion	negative	false	false	false	0.0	0.0	радикали|радикалът|радикала|радикал|радикалите
старея	V	true	appearance	neutral	false	false	false	0.0	0.0	старялата|старях|стареещите|старелият|старяло|старееща|старееха|старя|стареят|старее|стареете|стареехте|старей|стареещата|стареейки|стареехме|старяхме|старялото|стареещият|старели|стареело|старяхте|старелите|старейте|старея|стареем|старяха|старееше|стареел|стареех|стареещи|старееш|стареещото|старяла|стареещо|стареела|старял|стареещ|стареещия|старелия|стареели
несправедлив	A	false		negative	false	false	false	0.25	0.625	несправедлива|несправедливо|несправедлив|несправедливото|несправедливи|несправедливият|несправедливите|несправедливия|несправедливата
неуверен	A	false			false	false	false	0.625	0.0	неуверена|неуверения|неуверено|неуверен|неуверената|неуверени|неувереното|неувереният|неуверените
дефицит на цинк	N	false			false	false	false	0.0	0.75	дефицит на цинк
асоцируем	A	false			false	false	false	0.625	0.0	асоцируем
емигрирам	V	true	race_ethnicity	neutral	false	false	false	0.0	0.0	емигриращото|емигрирам|емигрирахте|емигрирал|емигрирайте|емигрирах|емигрираме|емигрират|емигриращ|емигрираш|емигриралите|емигриращи|емигрирай|емигриращо|емигрирала|емигриращите|емигрира|емигрирахме|емигрираща|емигриралата|емигрирайки|емигрираха|емигриращата|емигриралия|емигрирало|емигрирали|емигриралият|емигрирате|емигриращият|емигриращия|емигриралото|емигрираше
побожен	A	true	religion	neutral	false	false	false	0.0	0.0	побожен
незаслужен	A	false			false	false	false	0.125	0.625	незаслужената|незаслужено|незаслужения|незаслужена|незаслужен|незаслужени|незаслуженото|незаслуженият|незаслужените
милионер	N	false		positive	false	false	false	0.0	0.0	милионера|милионер|милионери|милионерите|милионерът
изгаряне	N	false			false	false	false	0.0	0.75	изгаряния|изгарянето|изгаряне|изгарянията
непокварен	A	false			false	false	false	0.75	0.25	непоквареното|непокварената|непоквареният|непокварените|непокварения|непокварена|непокварено|непокварен|непокварени
поп	N	true	religion	neutral	false	false	false	0.0	0.0	поп
пъпчо	N	false	appearance	negative	false	false	true	0.0	0.0	пъпчо
праведен	A	false	religion	positive	true	false	false	0.625	0.0	праведни|праведния|праведното|праведен|праведната|праведна|праведният|праведните|праведно
протестантски	A	true	religion	neutral	false	false	false	0.0	0.0	протестантското|протестантският|протестантските|протестантски|протестантската|протестантско|протестантска|протестантския
оживен	A	false			false	false	false	0.875	0.0	оживената|оживения|оживена|оживеният|оживените|оживено|оживеното|оживен|оживени
сладостен	A	false			false	false	false	0.75	0.25	сладостно|сладостният|сладостна|сладостните|сладостното|сладостния|сладостен|сладостната|сладостни
прав	A	false			false	false	false	0.625	0.125	правият|прави|правите|правата|правия|права|прав|правото|право
тромбастения	N	false			false	false	false	0.0	0.75	тромбастения
Апокалипсис	N	false			false	false	false	0.625	0.0	
ацидемия	N	true	disability		false	false	false	0.0	0.625	ацидемия
цялостен	A	false			false	false	false	0.875	0.0	цялостен|цялостна|цялостния|цялостната|цялостно|цялостният|цялостните|цялостното|цялостни
извънсиндикален	A	false			false	false	false	0.0	0.625	извънсиндикален
простодушен	A	false		positive	false	false	false	0.0	0.0	простодушният|простодушните|простодушното|простодушни|простодушен|простодушния|простодушна|простодушната|простодушно
простота	N	false			false	false	false	0.625	0.0	простота|простотата
изключвам	V	true		negative	false	false	false	0.0	0.0	изключвахме|изключващият|изключваното|изключваме|изключвалото|изключвахте|изключваща|изключвайки|изключваше|изключващото|изключваните|изключвалите|изключвания|изключвалия|изключвате|изключва|изключващите|изключвали|изключващия|изключвани|изключващ|изключвалата|изключваш|изключваната|изключвано|изключвало|изключват|изключвай|изключваният|изключващи|изключвах|изключвалият|изключвайте|изключващата|изключваха|изключващо|изключвала|изключван|изключвал|изключвана|изключвам
изплъзващ се	A	false			false	false	false	0.625	0.0	изплъзващ се
сладко	Adv	false			false	false	false	0.625	0.0	сладко
гротескност	N	false			false	false	false	0.625	0.25	гротескност
доверен	A	false			false	false	false	0.625	0.0	доверената|доверени|доверените|доверен|довереният|доверения|доверена|довереното|доверено
свещен	A	false			false	false	false	0.75	0.0	свещения|свещена|свещеното|свещеният|свещените|свещено|свещени|свещен|свещената
уравновесен	A	false		positive	false	false	false	0.125	0.75	уравновесен|уравновесеният|уравновесените|уравновесеното|уравновесени|уравновесения|уравновесена|уравновесената|уравновесено
сприхав	A	false			false	false	false	0.125	0.625	сприхавия|сприхав|сприхави|сприхавият|сприхавите|сприхавото|сприхавата|сприхава|сприхаво
бронхиален спазъм	N	false			false	false	false	0.0	0.75	бронхиален спазъм
прецизен	A	false			false	false	false	0.75	0.0	прецизно|прецизна|прецизната|прецизното|прецизен|прецизният|прецизните|прецизни|прецизния
проницаем	A	false			false	false	false	0.625	0.0	проницаема|проницаемата|проницаемо|проницаемото|проницаемият|проницаемите|проницаем|проницаемия|проницаеми
нараняване	N	false			false	false	false	0.0	0.75	нараняването|наранявания|нараняванията|нараняване
осаждям	V	false			false	false	false	0.0	0.75	осаждям
присмея се	V	false			false	false	false	0.125	0.625	присмея се
Откровение на Йоан	N	false			false	false	false	0.625	0.0	
регионален ентерит	N	true	disability		false	false	false	0.0	0.625	регионален ентерит
шизоиден	A	false			false	false	false	0.0	0.625	шизоиден
абуличен	A	false			false	false	false	0.0	0.75	абуличен
етически	A	false			false	false	false	0.625	0.0	етическо|етическа|етически|етическата|етическия|етическият|етическите|етическото
радиозащита	N	false			false	false	false	0.0	0.625	радиозащита
заразителен	A	false			false	false	false	0.625	0.0	заразителния|заразителни|заразително|заразителното|заразителна|заразителен|заразителният|заразителната|заразителните
чудат	A	false			false	false	false	0.875	0.0	чудатия|чудатата|чудата|чудато|чудатото|чудатият|чудатите|чудат|чудати
раждам	V	true	gender	neutral	false	false	false	0.0	0.0	раждащо|раждала|ражданото|раждащият|раждалия|раждана|раждания|раждащи|раждай|раждали|раждани|раждалите|раждащия|ражданите|раждащ|раждащата|раждаш|раждат|раждах|раждайки|ражда|раждаха|раждайте|раждалата|ражданата|раждаща|раждащите|раждате|раждахте|раждаме|раждал|раждалият|раждахме|раждан|раждам|ражданият|раждало|раждано|раждащото|раждаше|раждалото
нестабилност	N	false			false	false	false	0.0	0.75	нестабилност|нестабилността|нестабилности|нестабилностите
циганка	N	true	race_ethnicity	neutral	false	false	false	0.0	0.0	циганката|циганка|циганки|циганките
брюнетка	N	true	appearance	neutral	false	false	false	0.0	0.0	брюнетки|брюнетка|брюнетката|брюнетките
херпесна екзема	N	true	disability		false	false	false	0.625	0.0	херпесна екзема
накърнимост	N	false			false	false	false	0.0	0.875	накърнимост
зле възпитан	A	false			false	false	false	0.0	0.625	зле възпитан
енкопреза	N	false			false	false	false	0.0	0.75	енкопреза
тетания	N	false			false	false	false	0.0	0.875	тетания
възпалителен	A	false			false	false	false	0.0	0.75	възпалителен|възпалителното|възпалителни|възпалителният|възпалителните|възпалителната|възпалителния|възпалителна|възпалително
спокоен	A	false		positive	false	false	false	0.0	0.75	спокойния|спокойно|спокойният|спокойните|спокоен|спокойна|спокойната|спокойното|спокойни
презрение	N	false			false	false	false	0.125	0.75	презрение|презрението
еризипел	N	false			false	false	false	0.0	0.625	еризипел
смръщване	N	false			false	false	false	0.0	0.625	смръщвания|смръщването|смръщванията|смръщване
състрадателен	A	false			false	false	false	0.0	0.875	състрадателна|състрадателно|състрадателния|състрадателното|състрадателният|състрадателните|състрадателни|състрадателната|състрадателен
нерентабилен	A	false			false	false	false	0.0	0.625	нерентабилни|нерентабилно|нерентабилна|нерентабилното|нерентабилният|нерентабилните|нерентабилния|нерентабилен|нерентабилната
невъзприемчив	A	false			false	false	false	0.0	0.625	невъзприемчивата|невъзприемчивия|невъзприемчивото|невъзприемчивият|невъзприемчиво|невъзприемчивите|невъзприемчива|невъзприемчив|невъзприемчиви
възлов	A	false			false	false	false	0.75	0.125	възлов|възлово|възловото|възловият|възловите|възловата|възловия|възлови|възлова
плодовит	A	false			false	false	false	0.75	0.0	плодовитият|плодовитите|плодовит|плодовитото|плодовити|плодовито|плодовитата|плодовития|плодовита
гнусен	A	false			false	false	false	0.0	0.875	гнусни|гнусен|гнусната|гнусна|гнусният|гнусните|гнусно|гнусното|гнусния
непретенциозност	N	false			false	false	false	0.625	0.25	непретенциозност|непретенциозността
класа	N	false			false	false	false	0.625	0.0	класите|класата|класа|класи
груба шега	N	false			false	false	false	0.0	0.75	груба шега
незлобен	A	false			false	false	false	0.222	0.778	незлобен
добродушие	N	false			false	false	false	0.875	0.125	добродушие|добродушието
объркан	A	false			false	false	false	0.0	0.75	объркания|объркан|объркана|объркано|обърканата|обърканият|обърканото|объркани|обърканите
намръщване	N	false			false	false	false	0.0	0.625	намръщванията|намръщване|намръщването|намръщвания
циганин	N	true	race_ethnicity	neutral	false	false	false	0.0	0.0	циганин|циганина|циганите|циганинът|цигани
предател	N	false		negative	true	false	false	0.0	0.0	предател|предателите|предатели|предателят|предателю|предателя
шеф	N	true	gender	neutral	false	false	false	0.0	0.0	шефът|шефове|шефовете|шеф|шефа
конформистки	A	false			false	false	false	0.0	0.75	конформистка|конформистките|конформистки|конформистката
леещ се	A	false			false	false	false	0.625	0.0	леещ се
съпреживяващ	A	false			false	false	false	0.125	0.625	съпреживяваща|съпреживяваният|съпреживяващата|съпреживявалото|съпреживяваме|съпреживявахте|съпреживявахме|съпреживяват|съпреживявана|съпреживяваното|съпреживявах|съпреживяващо|съпреживявалият|съпреживявала|съпреживявал|съпреживяваха|съпреживявай|съпреживяващи|съпреживяван|съпреживявам|съпреживяващият|съпреживявайте|съпреживявало|съпреживяващия|съпреживявано|съпреживявалата|съпреживяваните|съпреживявани|съпреживяващ|съпреживяваш|съпреживяващото|съпреживявали|съпреживява|съпреживявате|съпреживявалия|съпреживявалите|съпреживявания|съпреживяваната|съпреживявайки|съпреживяваше|съпреживяващите
идиот	N	false		negative	true	true	false	0.0	0.0	идиоти|идиотът|идиотите|идиота|идиот
незабележим	A	false			false	false	false	0.25	0.75	незабележимо|незабележимото|незабележима|незабележимият|незабележимите|незабележимата|незабележим|незабележимия|незабележими
неучтив	A	false			false	false	false	0.75	0.0	неучтива|неучтивия|неучтивият|неучтиви|неучтивите|неучтивото|неучтив|неучтивата|неучтиво
агорафобен	A	false			false	false	false	0.0	0.75	агорафобен
препотвърждаване	N	false			false	false	false	0.625	0.0	препотвърждаване|препотвърждавания|препотвърждаването|препотвърждаванията
пагубен	A	false			false	false	false	0.0	0.625	пагубния|пагубният|пагубните|пагубното|пагубен|пагубни|пагубно|пагубна|пагубната
изключен	A	false			false	false	false	0.0	0.75	изключеното|изключена|изключен|изключено|изключената|изключеният|изключени|изключените|изключения
безспорен	A	false			false	false	false	0.0	0.875	безспорни|безспорен|безспорно|безспорна|безспорния|безспорната|безспорният|безспорните|безспорното
несръчен	A	false			false	false	false	0.0	0.75	несръчна|несръчната|несръчно|несръчното|несръчният|несръчните|несръчни|несръчния|несръчен
неандерталски	A	false			false	false	false	0.25	0.625	неандерталският|неандерталските|неандерталското|неандерталско|неандерталска|неандерталски|неандерталската|неандерталския
олигоспермия	N	true	disability		false	false	false	0.0	0.75	олигоспермия
неоценяващ	A	false			false	false	false	0.0	0.75	неоценяващо|неоценяваща|неоценяващата|неоценяващото|неоценяващия|неоценяващият|неоценяващите|неоценяващи|неоценяващ
упорство	N	false			false	false	false	0.0	0.625	упорство|упорствата|упорства|упорството
различаващ	A	false			false	false	false	0.625	0.0	различаван|различаваше|различаващият|различаващия|различавал|различавам|различават|различава|различавате|различавах|различаващ|различавалото|различаваш|различаваното|различавалия|различавали|различавано|различавало|различаващо|различавала|различавалият|различаваният|различавания|различавани|различавай|различаващите|различаващи|различавахме|различавана|различавалата|различаваща|различаваната|различавайте|различаващата|различаваха|различаващото|различавайки|различавахте|различаваме|различавалите|различаваните
невъзпитан	A	false			false	false	false	0.0	0.75	невъзпитана|невъзпитаният|невъзпитаната|невъзпитаните|невъзпитания|невъзпитаното|невъзпитани|невъзпитан|невъзпитано
пастор	N	true	religion	neutral	false	false	false	0.0	0.0	пастор|пастори|пасторът|пасторите|пастора
егоизъм	N	false		negative	false	false	false	0.0	0.0	егоизма|егоизъм|егоизмът
задоволителност	N	false			false	false	false	0.25	0.625	задоволителност|задоволителността
нравствен	A	false		positive	false	false	false	0.625	0.125	нравствената|нравствен|нравствени|нравствено|нравствения|нравствена|нравственото|нравственият|нравствените
анестетизиран	A	false			false	false	false	0.125	0.75	анестетизиран
пренебрежителен	A	false			false	false	false	0.0	0.625	пренебрежителна|пренебрежително|пренебрежителния|пренебрежителният|пренебрежителни|пренебрежителните|пренебрежителен|пренебрежителното|пренебрежителната
висока класа	N	false			false	false	false	0.75	0.0	висока класа
похотлив	A	false			false	false	false	0.125	0.875	похотливото|похотлива|похотливо|похотливия|похотливи|похотливата|похотлив|похотливият|похотливите
художествен	A	false			false	false	false	0.875	0.0	художественото|художественият|художествените|художествената|художествена|художествено|художествения|художествени|художествен
възпитание	N	false			false	false	false	0.625	0.0	възпитание|възпитанието
язвен	A	false			false	false	false	0.0	0.625	язвен|язвена|язвено|язвената|язвеният|язвените|язвения|язвеното|язвени
вайкане	N	false			false	false	false	0.0	0.625	вайкането|вайкане
непипнат	A	false			false	false	false	0.0	0.625	непипнатия|непипнатата|непипнати|непипнатото|непипнат|непипнатият|непипнатите|непипната|непипнато
ненормалност	N	false			false	false	false	0.0	0.625	ненормалността|ненормалност
специален	A	false			false	false	false	0.125	0.625	специалния|специалното|специалният|специалните|специално|специалната|специална|специален|специални
безмилостност	N	false			false	false	false	0.0	0.75	безмилостността|безмилостност
разбойник	N	false		negative	true	false	false	0.0	0.0	разбойници|разбойниците|разбойник|разбойника|разбойникът
съпруга	N	true	gender	neutral	false	false	false	0.0	0.0	съпруго|съпруга|съпругите|съпруги|съпругата
страшно	Adv	false			false	false	false	0.0	0.75	страшно
божествен	A	false	religion	positive	false	false	false	0.875	0.0	божествената|божествена|божествено|божествен|божествени|божественото|божествения|божественият|божествените
дружелюбие	N	false			false	false	false	0.625	0.0	дружелюбието|дружелюбие
забележителен	A	false			false	false	false	0.125	0.625	забележителни|забележителната|забележителното|забележителният|забележителна|забележителните|забележителния|забележително|забележителен
неестествено	Adv	false			false	false	false	0.0	0.625	неестествен|неестествения|неестествени|неестественият|неестествените|неестественото|неестествената|неестествено|неестествена
мъжествен	A	true	gender	neutral	false	false	false	0.0	0.0	мъжествени|мъжественият|мъжествените|мъжественото|мъжествената|мъжествена|мъжествения|мъжествено|мъжествен
Синдром на Райтер	N	true	disability		false	false	false	0.0	0.875	
гастрит	N	true	disability		false	false	false	0.0	0.75	гастрита|гастритът|гастрит
стадност	N	false			false	false	false	0.0	0.625	стадност|стадността
физиотерапевт	N	false			false	false	false	0.0	0.75	физиотерапевт
болезнена менструация	N	true	disability		false	false	false	0.0	0.75	болезнена менструация
неземен	A	false			false	false	false	0.0	0.75	неземна|неземен|неземният|неземните|неземни|неземния|неземната|неземно|неземното
апатико-абуличен	A	false			false	false	false	0.0	0.75	
миловиден	A	false			false	false	false	0.625	0.0	миловидно|миловидна|миловидната|миловиден|миловидни|миловидният|миловидното|миловидните|миловидния
свещеник	N	true	religion	neutral	false	false	false	0.0	0.0	свещеници|свещеникът|свещеник|свещеника|свещениците
муден	A	false			false	false	false	0.125	0.75	мудни|мудно|мудното|мудният|мудните|мудния|мудна|мудната|муден
одобрявам	V	false		positive	false	false	false	0.0	0.0	одобряващите|одобряваш|одобряващ|одобряваща|одобряваният|одобрявалият|одобряваше|одобрявалата|одобрявайте|одобряват|одобрявах|одобряващия|одобрява|одобрявате|одобряващата|одобряваме|одобрявал|одобряваната|одобрявам|одобряван|одобрявали|одобрявалия|одобрявани|одобрявания|одобрявано|одобрявайки|одобряващият|одобрявало|одобряваните|одобрявалите|одобряваха|одобрявахме|одобряващи|одобрявай|одобряващото|одобряващо|одобрявала|одобряваното|одобрявана|одобрявалото|одобрявахте
атоксичен	A	false			false	false	false	0.0	0.625	атоксичен
болка при уриниране	N	false			false	false	false	0.0	0.625	болка при уриниране
добра воля	N	false			false	false	false	0.778	0.222	добра воля
регулируем	A	false			false	false	false	0.625	0.0	регулируемите|регулируемо|регулируемия|регулируем|регулируема|регулируемата|регулируемото|регулируемият|регулируеми
невентилиран	A	false			false	false	false	0.0	0.625	невентилиран
отбран	A	false			false	false	false	0.75	0.125	отбрана|отбран|отбрания|отбраната|отбрани|отбраният|отбраното|отбраните|отбрано
хипогликемия	N	true	disability		false	false	false	0.0	0.625	хипогликемия
агамичен	A	false			false	false	false	0.0	0.625	агамичен
оспоря	V	false			false	false	false	0.0	0.875	оспорете|оспори|оспорите|оспорилото|оспорихте|оспореше|оспорения|оспорената|оспорехте|оспореният|оспорел|оспорилите|оспорехме|оспорен|оспорех|оспорят|оспорилата|оспорена|оспореното|оспорела|оспорила|оспореха|оспорилия|оспориха|оспоря|оспорено|оспорил|оспорим|оспорело|оспорените|оспорилият|оспорило|оспорихме|оспорени|оспорих|оспорели|оспориш|оспорили
психичен	A	true	disability	neutral	false	false	false	0.0	0.0	психичен|психичното|психичния|психичният|психичните|психична|психичната|психично|психични
нееднороден	A	false			false	false	false	0.0	0.625	нееднородният|нееднородните|нееднороден|нееднородната|нееднородна|нееднородното|нееднородния|нееднородно|нееднородни
неизменяемост	N	false			false	false	false	0.125	0.625	неизменяемост|неизменяемостта
безшевен	A	false			false	false	false	0.0	0.625	безшевни|безшевното|безшевен|безшевната|безшевния|безшевна|безшевният|безшевните|безшевно
улична котка	N	false			false	false	false	0.0	0.625	улична котка
всесилен	A	false		positive	false	false	false	0.0	0.0	всесилна|всесилното|всесилният|всесилните|всесилен|всесилната|всесилния|всесилни|всесилно
неразумен	A	false			false	false	false	0.625	0.0	неразумно|неразумна|неразумната|неразумния|неразумен|неразумни|неразумният|неразумните|неразумното
каприлова киселина	N	false			false	false	false	0.0	0.75	каприлова киселина
нерестриктивно изречение	N	false			false	false	false	0.0	0.625	нерестриктивно изречение
безпулсова болест	N	true	disability		false	false	false	0.0	0.625	безпулсова болест
садист	N	false			false	false	false	0.0	0.625	садистът|садисти|садистите|садист|садиста
надарен	A	false		positive	true	false	false	0.0	0.0	надарения|надарена|надарено|надарената|надареното|надарени|надарен|надареният|надарените
мания	N	true	disability		false	false	false	0.0	0.75	мания|мании|манията|маниите
брутализирам се	V	false			false	false	false	0.0	0.75	брутализирам се
достоен	A	false			false	false	false	1.0	0.0	достойно|достойна|достойната|достоен|достойното|достойния|достойният|достойните|достойни
неагресивен	A	false			false	false	false	0.0	0.625	неагресивна|неагресивният|неагресивните|неагресивно|неагресивното|неагресивната|неагресивни|неагресивен|неагресивния
почтен	A	false		positive	true	false	false	0.0	0.0	почтената|почтена|почтеният|почтено|почтените|почтения|почтеното|почтени|почтен
непоискан	A	false			false	false	false	0.0	0.625	непоискана|непоисканата|непоисканият|непоисканите|непоискан|непоисканото|непоискани|непоискания|непоискано
неотзивчив	A	false			false	false	false	0.0	0.75	неотзивчивия|неотзивчивата|неотзивчиви|неотзивчив|неотзивчиво|неотзивчива|неотзивчивият|неотзивчивите|неотзивчивото
глосодиния	N	false			false	false	false	0.0	0.625	глосодиния
жежък	A	false			false	false	false	0.25	0.625	жежкия|жежкото|жежки|жежък|жежката|жежко|жежкият|жежките|жежка
на високо равнище	A	false			false	false	false	0.625	0.0	на високо равнище
случаен	A	false			false	false	false	0.0	0.625	случайния|случайното|случайният|случайните|случайна|случайно|случаен|случайни|случайната
спазъм на пикочния мехур	N	false			false	false	false	0.0	0.625	спазъм на пикочния мехур
неприятно усещане	N	false			false	false	false	0.125	0.625	неприятно усещане
изправящ косата	A	false			false	false	false	0.25	0.625	изправящ косата
неспособен	A	false		negative	true	false	false	0.0	0.75	неспособния|неспособна|неспособно|неспособни|неспособен|неспособната|неспособният|неспособните|неспособното
безпокоен	A	false			false	false	false	0.0	0.75	безпокойното|безпокойният|безпокойните|безпокойната|безпокойно|безпокойна|безпокоен|безпокойния|безпокойни
латентен	A	false			false	false	false	0.125	0.625	латентни|латентния|латентно|латентното|латентният|латентна|латентните|латентен|латентната
софистика	N	false			false	false	false	0.0	0.75	софистики|софистиката|софистиките|софистика
слънцегледна млечка	N	false			false	false	false	0.125	0.625	слънцегледна млечка
поробвам	V	false		negative	true	false	false	0.0	0.0	поробващи|поробвай|поробващия|поробващо|поробвала|поробвалият|поробвана|поробвания|поробваният|поробващата|поробвалия|поробвали|поробвани|поробвано|поробвайте|поробвалата|поробва|поробвало|поробващите|поробваната|поробваше|поробвайки|поробвалите|поробвате|поробвахме|поробваното|поробваме|поробваните|поробвахте|поробвал|поробващото|поробван|поробвам|поробващ|поробваш|поробват|поробвах|поробвалото|поробващият|поробваща|поробваха
жалко подобие	N	false			false	false	false	0.0	0.75	жалко подобие
очарователност	N	false			false	false	false	0.625	0.0	очарователност|очарователността
увреждане	N	true	disability	neutral	false	false	false	0.0	0.75	увреждания|уврежданията|увреждане|увреждането
несексапилен	A	false			false	false	false	0.0	0.625	несексапилен
новаторски	A	false			false	false	false	0.625	0.0	новаторска|новаторското|новаторският|новаторските|новаторския|новаторско|новаторски|новаторската
кошмарен	A	false			false	false	false	0.25	0.625	кошмарно|кошмарния|кошмарна|кошмарната|кошмарният|кошмарните|кошмарен|кошмарни|кошмарното
благотворен	A	false			false	false	false	0.75	0.0	благотворно|благотворна|благотворната|благотворен|благотворното|благотворният|благотворните|благотворния|благотворни
цивилизованост	N	false			false	false	false	0.75	0.0	цивилизоваността|цивилизованост
неизбухнал	A	false			false	false	false	0.0	0.625	неизбухналия|неизбухнали|неизбухналото|неизбухналият|неизбухналите|неизбухналата|неизбухнало|неизбухнала|неизбухнал
мъдрост	N	false		positive	false	false	false	0.625	0.0	мъдрост|мъдростта|мъдрости|мъдростите
зле	Adv	false			false	false	false	0.125	0.75	зле
самопредизвикан	A	false			false	false	false	0.0	0.625	самопредизвикан
лайняр	N	false		negative	true	true	false	0.0	0.0	лайняр
продаваем	A	false			false	false	false	0.625	0.0	продаваем|продаваемата|продаваеми|продаваемия|продаваемият|продаваемото|продаваемите|продаваемо|продаваема
Фитофтора инфестанс	N	false			false	false	false	0.0	0.625	
неизчислим	A	false			false	false	false	0.125	0.625	неизчислими|неизчислимата|неизчислим|неизчислимия|неизчислима|неизчислимото|неизчислимият|неизчислимите|неизчислимо
грабя	V	false		negative	false	false	false	0.0	0.0	грабещо|грабила|грабела|грабят|грабена|грабещите|грабя|грабиха|грабещи|грабихте|грабилото|грабения|грабеният|грабеха|грабел|грабеща|грабен|грабихме|грабещия|грабещото|грабех|грабилият|грабеното|граби|грабите|грабете|грабещ|грабейки|грабеше|грабещият|грабилата|грабилия|грабените|грабехте|грабило|грабената|грабил|грабено|грабехме|грабим|грабело|грабили|грабели|грабиш|грабещата|грабих|грабилите|грабени
зло	N	false		negative	false	false	false	0.0	0.875	зло
защитен	A	false			false	false	false	0.0	0.75	защитеното|защитеният|защитените|защитения|защитената|защитени|защитена|защитен|защитено
подкрепа	N	true	disability	neutral	false	false	false	0.0	0.0	подкрепа|подкрепата
аргументируем	A	false			false	false	false	0.625	0.0	аргументируем
неразгадан	A	false			false	false	false	0.0	0.625	неразгадания|неразгаданият|неразгаданите|неразгаданото|неразгадана|неразгадан|неразгадано|неразгадани|неразгаданата
хиперемезис	N	false			false	false	false	0.0	0.75	хиперемезис
компулсивен	A	false			false	false	false	0.0	0.625	компулсивен
незамислен	A	false			false	false	false	0.0	0.75	незамислен
деликатно	Adv	false		positive	false	false	false	0.0	0.0	деликатно
отравяне с клин	N	false			false	false	false	0.0	0.625	отравяне с клин
хипопротеинемия	N	true	disability		false	false	false	0.0	0.625	хипопротеинемия
интелигентен	A	false		positive	false	false	false	0.0	0.0	интелигентно|интелигентна|интелигентната|интелигентен|интелигентния|интелигентният|интелигентните|интелигентното|интелигентни
озена	N	false			false	false	false	0.0	0.75	озена
изтърканост	N	false			false	false	false	0.0	0.75	изтърканост
изчерпан	A	false			false	false	false	0.0	0.625	изчерпаната|изчерпано|изчерпан|изчерпана|изчерпаният|изчерпаните|изчерпаното|изчерпания|изчерпани
величие	N	false		positive	true	false	false	0.0	0.0	величията|величие|величието|величия
злокобен	A	false			false	false	false	0.25	0.75	злокобния|злокобни|злокобен|злокобната|злокобно|злокобна|злокобният|злокобните|злокобното
запалителен	A	false			false	false	false	0.0	0.625	запалителният|запалителните|запалителното|запалителни|запалителен|запалителна|запалителния|запалително|запалителната
контролируем	A	false			false	false	false	0.625	0.0	контролируеми|контролируемата|контролируем|контролируемо|контролируемото|контролируемият|контролируема|контролируемите|контролируемия
глухоням	A	true	disability	neutral	false	false	false	0.0	0.0	глухонемия|глухоняма|глухонямо|глухонеми|глухонямото|глухонямата|глухоням|глухонемият|глухонемите
ожуля	V	false			false	false	false	0.0	0.75	ожулели|ожулени|ожулено|ожуленото|ожулех|ожулили|ожуления|ожулилите|ожулило|ожулело|ожулеше|ожулим|ожуленият|ожулил|ожулите|ожулихте|ожулете|ожулих|ожулилата|ожулихме|ожулената|ожулилия|ожулят|ожулиш|ожулилият|ожули|ожулел|ожулиха|ожулехме|ожулеха|ожулените|ожулилото|ожулела|ожулена|ожулехте|ожуля|ожулен|ожулила
недействащ	A	false			false	false	false	0.0	0.625	недействащият|недействащите|недействащата|недействащи|недействащ|недействаща|недействащо|недействащия|недействащото
опърпаност	N	false			false	false	false	0.0	0.625	опърпаност|опърпаността
дупедавец	N	false			true	true	true	0.625	0.0	дупедавец
бравурност	N	false			false	false	false	0.625	0.0	бравурност
статичен	A	false			false	false	false	0.125	0.625	статични|статичен|статичният|статичните|статичната|статичното|статична|статично|статичния
позорен	A	false		negative	true	false	false	0.0	0.0	позорни|позорното|позорен|позорната|позорния|позорна|позорният|позорните|позорно
сатанински	A	false	religion	negative	false	false	false	0.0	0.0	сатанинския|сатанинският|сатанинското|сатанинските|сатанински|сатанинска|сатанинската|сатанинско
болестотворен агент	N	false			false	false	false	0.75	0.0	болестотворен агент
егоист	N	false		negative	true	false	false	0.0	0.0	егоиста|егоист|егоисти|егоистите|егоистът
нежно	Adv	false		positive	false	false	false	0.0	0.0	нежно
сърдечен	A	false		positive	false	false	false	0.625	0.25	сърдечен|сърдечна|сърдечната|сърдечно|сърдечният|сърдечните|сърдечния|сърдечното|сърдечни
коравосърдечност	N	false			false	false	false	0.0	0.625	коравосърдечността|коравосърдечност
немощен	A	true	disability	negative	false	false	false	0.0	0.0	немощен|немощното|немощният|немощните|немощна|немощно|немощния|немощни|немощната
реализиран	A	false			false	false	false	0.75	0.0	реализирахме|реализираща|реализирай|реализираха|реализира|реализиращи|реализираната|реализиралата|реализиращо|реализиращите|реализирала|реализирана|реализирал|реализирам|реализираме|реализиран|реализираните|реализиралите|реализират|реализирахте|реализираш|реализиращото|реализирах|реализиращ|реализиращия|реализираше|реализираното|реализиралото|реализиращият|реализирате|реализирайки|реализирайте|реализирали|реализираният|реализирани|реализиращата|реализиралият|реализирано|реализиралия|реализирало|реализирания
опасност	N	false			false	false	false	0.0	0.75	опасността|опасностите|опасност|опасности
безсъвестен	A	false			false	false	false	0.0	0.75	безсъвестно|безсъвестния|безсъвестна|безсъвестната|безсъвестен|безсъвестният|безсъвестните|безсъвестното|безсъвестни
друслив	A	false			false	false	false	0.0	0.625	друслив
виновен	A	false		negative	true	false	false	0.0	0.875	виновна|виновно|виновни|виновният|виновните|виновния|виновното|виновен|виновната
шикозност	N	false			false	false	false	0.625	0.0	шикозността|шикозност
безумие	N	false		negative	false	false	false	0.0	0.0	безумия|безумията|безумието|безумие
аутсайдер	N	false			false	false	false	0.0	0.625	аутсайдерът|аутсайдер|аутсайдера|аутсайдерите|аутсайдери
веселие	N	false			false	false	false	0.625	0.0	веселията|веселие|веселието|веселия
непавиран	A	false			false	false	false	0.0	0.75	непавиран
имунизиран	A	false			false	false	false	0.0	0.625	имунизирани|имунизиралия|имунизиращо|имунизирала|имунизирало|имунизираният|имунизирано|имунизиралият|имунизирания|имунизирали|имунизиращия|имунизирате|имунизираното|имунизиралото|имунизиращият|имунизираше|имунизиралата|имунизираме|имунизирах|имунизираш|имунизирайте|имунизиращ|имунизирал|имунизирам|имунизирахте|имунизираните|имунизиран|имунизиращото|имунизиралите|имунизира|имунизират|имунизираха|имунизираща|имунизиращата|имунизирахме|имунизирана|имунизиращите|имунизиращи|имунизираната|имунизирайки|имунизирай
женственост	N	true	gender	neutral	false	false	false	0.0	0.0	женствеността|женственост
глух като пън	A	false			false	false	true	0.0	0.625	глух като пън
юначност	N	false			false	false	false	0.75	0.0	юначността|юначност
народ	N	true	race_ethnicity	neutral	false	false	false	0.0	0.0	народ|народите|народа|народът|народи
актуален	A	false			false	false	false	0.625	0.0	актуална|актуален|актуалният|актуалните|актуалния|актуалната|актуални|актуално|актуалното
запуснат	A	false			false	false	false	0.0	0.75	запуснахме|запусналите|запуснели|запуснали|запуснахте|запуснело|запуснела|запуснатият|запуснало|запуснеш|запуснех|запуснаха|запуснехте|запуснатата|запуснала|запусналия|запуснем|запусналото|запуснеха|запусналият|запуснел|запуснато|запуснатото|запуснатия|запуснехме|запуснатите|запуснеше|запусна|запусната|запуснах|запуснат|запуснете|запусне|запуснал|запусни|запуснати|запусналата
достъпен	A	false			false	false	false	0.625	0.0	достъпно|достъпна|достъпната|достъпния|достъпен|достъпни|достъпният|достъпните|достъпното
кератит	N	true	disability		false	false	false	0.0	0.75	кератит
карминативен	A	false			false	false	false	0.625	0.0	карминативен
осиновяем	A	false			false	false	false	0.75	0.0	осиновяем
горчиво	Adv	false			false	false	false	0.0	0.875	горчиво
неподобаващ	A	false			false	false	false	0.125	0.75	неподобаващата|неподобаващ|неподобаващият|неподобаващи|неподобаващите|неподобаваща|неподобаващото|неподобаващия|неподобаващо
неправдоподобен	A	false			false	false	false	0.625	0.125	неправдоподобни|неправдоподобен|неправдоподобна|неправдоподобният|неправдоподобните|неправдоподобния|неправдоподобно|неправдоподобното|неправдоподобната
затлъстявам	V	true	appearance	negative	false	false	false	0.0	0.0	затлъстяваше|затлъстявате|затлъстяващия|затлъстявалите|затлъстяващ|затлъстяваш|затлъстявайте|затлъстявах|затлъстяваме|затлъстяващото|затлъстяват|затлъстявам|затлъстявалото|затлъстявал|затлъстяваща|затлъстяващият|затлъстяваха|затлъстявалият|затлъстява|затлъстявахме|затлъстявай|затлъстяващата|затлъстяващи|затлъстяващо|затлъстявала|затлъстявахте|затлъстявали|затлъстявалата|затлъстявалия|затлъстявало|затлъстяващите|затлъстявайки
умилителен	A	false			false	false	false	0.625	0.0	умилителният|умилителните|умилителното|умилителен|умилителната|умилителни|умилителния|умилително|умилителна
подсмиване	N	false			false	false	false	0.25	0.625	подсмивания|подсмиванията|подсмиването|подсмиване
несъстрадателен	A	false			false	false	false	0.0	0.875	несъстрадателно|несъстрадателното|несъстрадателна|несъстрадателен|несъстрадателния|несъстрадателният|несъстрадателните|несъстрадателната|несъстрадателни
рай	N	false			false	false	false	0.625	0.0	рай|раят|рая
безпроблемен	A	false			false	false	false	0.0	0.625	безпроблемна|безпроблемния|безпроблемната|безпроблемно|безпроблемният|безпроблемните|безпроблемното|безпроблемни|безпроблемен
изобретателен	A	false			false	false	false	0.625	0.0	изобретателен|изобретателната|изобретателния|изобретателното|изобретателният|изобретателни|изобретателните|изобретателна|изобретателно
неатрактивен	A	false			false	false	false	0.25	0.625	неатрактивен|неатрактивни|неатрактивната|неатрактивният|неатрактивните|неатрактивното|неатрактивно|неатрактивна|неатрактивния
неуловимост	N	false			false	false	false	0.125	0.75	неуловимост|неуловимостта
неподозиращ	A	false			false	false	false	0.0	0.625	неподозиращи|неподозиращото|неподозиращо|неподозиращ|неподозиращата|неподозираща|неподозиращият|неподозиращите|неподозиращия
предубеден	A	false			false	false	false	0.25	0.625	предубедената|предубедения|предубедено|предубеден|предубедена|предубеденото|предубеденият|предубедени|предубедените
инвалидна количка	N	true	disability	neutral	false	false	false	0.0	0.0	инвалидна количка
съсипан	A	false			false	false	false	0.0	0.625	съсипаното|съсипан|съсипаният|съсипаните|съсипани|съсипаната|съсипания|съсипано|съсипана
плачливост	N	false			false	false	false	0.0	0.75	плачливост|плачливостта
вражески	A	false			false	false	false	0.0	0.75	вражеския|вражеска|вражеско|вражески|вражеската|вражеският|вражеските|вражеското
срамен	A	false		negative	true	false	false	0.0	0.625	срамния|срамната|срамно|срамният|срамните|срамна|срамното|срамен|срамни
измамен	A	false			false	false	false	0.25	0.75	измамно|измамната|измамния|измамна|измамният|измамните|измамното|измамен|измамни
заразен	A	false			false	false	false	0.625	0.0	заразени|заразеният|заразеното|заразените|заразена|заразено|заразен|заразения|заразената
безстрашен	A	false			false	false	false	0.625	0.25	безстрашни|безстрашен|безстрашна|безстрашната|безстрашно|безстрашното|безстрашният|безстрашните|безстрашния
идеален	A	false			false	false	false	0.75	0.0	идеалният|идеалните|идеалното|идеален|идеални|идеалната|идеалния|идеално|идеална
баптистка	N	true	religion	neutral	false	false	false	0.0	0.0	баптистка|баптистката|баптистките|баптистки
подут	A	false			false	false	false	0.0	0.625	подути|подутата|подутия|подут|подута|подутият|подутите|подуто|подутото
усещащ	A	false			false	false	false	0.625	0.0	усещалият|усещах|усещания|усещащата|усещалия|усещало|усещат|усещащ|усещаш|усещаше|усещаната|усещаме|усещахме|усеща|усещащият|усещате|усещайте|усещаният|усещалите|усещаща|усещайки|усещахте|усещащи|усещай|усещаното|усещаха|усещалата|усещащия|усещалото|усещащо|усещала|усещащите|усещана|усещано|усещащото|усещали|усещан|усещаните|усещам|усещал|усещани
мекосърдечен	A	false			false	false	false	0.0	0.875	мекосърдечна|мекосърдечно|мекосърдечния|мекосърдечната|мекосърдечното|мекосърдечни|мекосърдечен|мекосърдечният|мекосърдечните
местен	A	true	race_ethnicity	neutral	false	false	false	0.0	0.0	местна|местния|местният|местните|местно|местната|местни|местното|местен
негланциран	A	false			false	false	false	0.0	0.625	негланциран
неприключен	A	false			false	false	false	0.0	0.625	неприключения|неприключената|неприключени|неприключеният|неприключените|неприключеното|неприключено|неприключена|неприключен
чудесен	A	false		positive	false	false	false	0.75	0.0	чудесна|чудесно|чудесната|чудесния|чудесното|чудесни|чудесният|чудесните|чудесен
аморализъм	N	false			false	false	false	0.625	0.125	аморализъм|аморализма|аморализмът
безболезнен	A	false			false	false	false	0.0	0.75	безболезнен|безболезнена|безболезнения|безболезненият|безболезнените|безболезненото|безболезнени|безболезнено|безболезнената
селянин	N	false		negative	true	true	false	0.0	0.0	селяни|селянин|селянинът|селянина|селяните
разкошен	A	false			false	false	false	0.75	0.0	разкошна|разкошната|разкошен|разкошният|разкошните|разкошното|разкошни|разкошния|разкошно
криоанестезия	N	false			false	false	false	0.0	0.75	криоанестезия
необходим	A	false			false	false	false	0.625	0.0	необходимо|необходимият|необходима|необходимите|необходимия|необходимото|необходим|необходимата|необходими
погрознея	V	true	appearance	negative	false	false	false	0.0	0.0	погрознеел|погрозняха|погрознеело|погрознеем|погрозняхте|погрознелия|погрознеели|погрознее|погрознейте|погрозняхме|погрознеех|погрозняла|погрознеехме|погрознеела|погрознял|погрознялото|погрознееш|погрознелият|погрознеехте|погрозняло|погрознях|погрознееха|погрознея|погрозней|погрозня|погрознеят|погрознелите|погрознеете|погрознееше|погрознели|погрознялата
неустоим	A	false			false	false	false	0.625	0.125	неустоим
плешив	A	true	appearance	neutral	false	false	false	0.0	0.0	плешив|плешиво|плешива|плешивата|плешивият|плешивите|плешивия|плешиви|плешивото
антихемофилен фактор	N	false			false	false	false	0.0	0.625	антихемофилен фактор
несломимост	N	false			false	false	false	0.0	0.625	несломимостта|несломимост
аноксия	N	false			false	false	false	0.0	0.75	аноксия
мъжкарчо	N	false	gender	negative	true	true	false	0.0	0.0	мъжкарчо
добре изглеждащ	A	false			false	false	false	0.625	0.0	добре изглеждащ
противен	A	false		negative	true	false	false	0.0	0.875	противна|противната|противно|противен|противни|противния|противният|противните|противното
циничен	A	false			false	false	false	0.0	0.625	циничното|цинично|циничния|цинична|циничен|циничната|цинични|циничният|циничните
бронхоспазъм	N	false			false	false	false	0.0	0.75	бронхоспазъмът|бронхоспазъми|бронхоспазъмите|бронхоспазъм|бронхоспазъма
йейтсиански	A	false			false	false	false	0.625	0.0	йейтсиански
висококачественост	N	false			false	false	false	0.75	0.0	висококачественост
завоюване	N	false			false	false	false	0.0	0.75	завоюване|завоюването
яростен	A	false			false	false	false	0.0	0.625	яростни|яростно|яростна|яростното|яростния|яростната|яростен|яростният|яростните
некомуникативен	A	false			false	false	false	0.125	0.625	некомуникативен
пагубност	N	false			false	false	false	0.0	0.625	пагубността|пагубност
анаеробен организъм	N	false			false	false	false	0.0	0.625	анаеробен организъм
охтичав	A	false			false	false	false	0.0	0.75	охтичавото|охтичави|охтичавият|охтичавите|охтичав|охтичавия|охтичава|охтичаво|охтичавата
безстрашие	N	false			false	false	false	0.125	0.75	безстрашието|безстрашие
лимфаденит	N	true	disability		false	false	false	0.0	0.625	лимфаденит
непроменимост	N	false			false	false	false	0.125	0.625	непроменимост|непроменимостта
облекло	N	true	appearance	neutral	false	false	false	0.0	0.0	облеклото|облекла|облекло|облеклата
безумно	Adv	false		negative	false	false	false	0.0	0.0	безумно
светица	N	true	religion	neutral	false	false	false	0.0	0.0	светици|светиците|светицата|светица
радостен	A	false			false	false	false	0.75	0.125	радостната|радостно|радостна|радостното|радостният|радостните|радостни|радостния|радостен
душегубец	N	false		negative	true	true	false	0.0	0.0	душегубец|душегубци|душегубците|душегубецът|душегубеца
благодушен	A	false			false	false	false	0.625	0.0	благодушното|благодушният|благодушните|благодушен|благодушни|благодушно|благодушния|благодушната|благодушна
бляскав	A	false			false	false	false	0.625	0.0	бляскави|бляскавата|бляскав|бляскавият|бляскавите|бляскаво|бляскавото|бляскава|бляскавия
сгорещен	A	false			false	false	false	0.0	0.75	сгорещиха|сгорещилото|сгорещен|сгорещилите|сгорещената|сгорещилия|сгорещя|сгорещяло|сгорещените|сгорещите|сгорещете|сгорещи|сгорещих|сгорещял|сгорещяла|сгорещеше|сгорещеното|сгорещях|сгорещяхме|сгорещилият|сгорещят|сгорещило|сгорещяхте|сгорещяха|сгорещиш|сгорещено|сгорещили|сгорещели|сгорещения|сгорещени|сгорещилата|сгорещеният|сгорещихте|сгорещила|сгорещим|сгорещихме|сгорещил|сгорещена
изготвен	A	false			false	false	false	0.625	0.0	изготвихме|изготвех|изготвили|изготвели|изготвя|изготвилата|изготвело|изготвеното|изготвено|изготвения|изготвен|изготвила|изготвел|изготвела|изготвилите|изготвени|изготвените|изготвиха|изготвим|изготвилия|изготвена|изготвил|изготвилото|изготвеха|изготвехме|изготвиш|изготвехте|изготвят|изготвената|изготвите|изготвилият|изготвих|изготви|изготвеше|изготвеният|изгответе|изготвихте|изготвило
висококачествен	A	false			false	false	false	0.75	0.0	висококачественият|висококачествените|висококачественото|висококачествени|висококачествения|висококачествен|висококачествено|висококачествена|висококачествената
на късо	A	false			false	false	false	0.0	0.625	на късо
хистеричен	A	false		negative	true	true	false	0.0	0.0	хистеричния|хистерично|хистерични|хистеричната|хистеричен|хистеричният|хистеричните|хистеричното|хистерична
остарялост	N	false			false	false	false	0.0	0.75	остарялост|остарялостта
неистински	A	false			false	false	false	0.0	0.625	неистинска|неистинското|неистинско|неистински|неистинската|неистинският|неистинските|неистинския
зависим	A	false			false	false	false	0.0	0.75	зависими|зависимия|зависимото|зависимият|зависимите|зависима|зависимата|зависимо|зависим
лукавост	N	false			false	false	false	0.25	0.625	лукавост|лукавостта
синдром на остра дихателна недостатъчност	N	true	disability		false	false	false	0.0	0.75	синдром на остра дихателна недостатъчност
губещ	A	false		negative	false	false	true	0.0	0.0	губещия|губещата|губени|губила|губен|губещо|губела|губеният|губена|губихме|губилите|губел|губещи|губения|губиха|губихте|губената|губило|губилия|губя|губело|губещ|губено|губилото|губили|губех|губейки|губели|губещите|губих|губите|губехме|губените|губехте|губете|губил|губим|губилият|губещото|губи|губеше|губеха|губеща|губеното|губилата|губят|губиш|губещият
възпрепятстван заради мъгла	A	false			false	false	false	0.0	0.75	възпрепятстван заради мъгла
подритвам	V	false			false	false	false	0.0	0.625	подритваната|подритвахте|подритвалата|подритваха|подритваща|подритвахме|подритващите|подритваме|подритвайки|подритващата|подритваният|подритвалият|подритвайте|подритвате|подритвалия|подритваше|подритват|подритвал|подритвам|подритвания|подритваното|подритвалото|подритван|подритващия|подритвано|подритвало|подритвали|подритващият|подритвани|подритваните|подритващо|подритвала|подритвалите|подритваш|подритва|подритващ|подритвана|подритвай|подритвах|подритващото|подритващи
жестокост	N	false			false	false	false	0.0	0.625	жестокостта|жестокост|жестокости|жестокостите
костохондрит	N	true	disability		false	false	false	0.0	0.625	костохондрит
оофорит	N	true	disability		false	false	false	0.0	0.75	оофорит
неплатежоспособен	A	false			false	false	false	0.0	0.75	неплатежоспособният|неплатежоспособните|неплатежоспособна|неплатежоспособното|неплатежоспособно|неплатежоспособния|неплатежоспособната|неплатежоспособни|неплатежоспособен
потисничеството	N	false			false	false	false	0.25	0.625	потисничествата|потисничества|потисничеството|потисничество
риж	A	true	appearance	neutral	false	false	false	0.0	0.0	рижи|рижата|рижия|рижото|рижият|рижите|рижа|риж|рижо
нахален	A	false		negative	false	false	false	0.75	0.125	нахален|нахалния|нахална|нахално|нахалната|нахалният|нахалните|нахалното|нахални
истеричен	A	false			false	false	false	0.125	0.625	истеричното|истеричният|истерични|истеричните|истеричен|истеричната|истеричния|истерична|истерично
неоторизиран	A	false			false	false	false	0.0	0.875	неоторизирани|неоторизиран|неоторизираната|неоторизирана|неоторизирания|неоторизирано|неоторизираното|неоторизираният|неоторизираните
мерзост	N	false	religion	negative	true	false	false	0.0	0.0	мерзости|мерзостите|мерзост|мерзостта
позорно	Adv	false		negative	true	false	false	0.0	0.0	позорно
безкритичен	A	false			false	false	false	0.0	0.75	безкритичен|безкритичния|безкритичното|безкритични|безкритичната|безкритично|безкритичният|безкритичните|безкритична
сигурен	A	false			false	false	false	0.0	0.75	сигурен|сигурният|сигурното|сигурните|сигурни|сигурния|сигурно|сигурна|сигурната
хистиоцитоза	N	true	disability		false	false	false	0.125	0.625	хистиоцитоза
лечение	N	true	disability	neutral	false	false	false	0.0	0.0	лечение|леченията|лечения|лечението
бездънен	A	false			false	false	false	0.0	0.625	бездънни|бездънен|бездънния|бездънна|бездънната|бездънно|бездънният|бездънните|бездънното
неприветлив	A	false			false	false	false	0.125	0.625	неприветливото|неприветливият|неприветливи|неприветливите|неприветлив|неприветливата|неприветливия|неприветлива|неприветливо
смърдящ	A	false			false	false	false	0.0	0.75	смърдите|смърдят|смърдящият|смърдялото|смърдиш|смърдяло|смърдящо|смърдяла|смърдящ|смърдейки|смърдете|смърдях|смърдя|смърдим|смърдял|смърделият|смърдящия|смърделия|смърдящите|смърдяхте|смърдели|смърдялата|смърди|смърдящата|смърдящото|смърдящи|смърдеше|смърделите|смърдяща|смърдяхме|смърдяха
добродушен	A	false			false	false	false	0.75	0.0	добродушно|добродушна|добродушният|добродушните|добродушното|добродушен|добродушни|добродушния|добродушната
мангал	N	false	race_ethnicity	negative	true	true	false	0.0	0.0	мангал|мангали|мангалите|мангала|мангалът
еритродерма	N	false			false	false	false	0.0	0.625	еритродерма
наплашване	N	false			false	false	false	0.0	0.625	наплашването|наплашване
неизвестност	N	false			false	false	false	0.0	0.625	неизвестността|неизвестност
неангажиран	A	false			false	false	false	0.0	0.75	неангажираната|неангажирана|неангажирания|неангажираното|неангажираният|неангажирано|неангажираните|неангажирани|неангажиран
измамно	Adv	false			false	false	false	0.0	0.625	измамно
несмесен	A	false			false	false	false	0.0	0.875	несмесен
дисурия	N	false			false	false	false	0.0	0.875	дисурия
срамно	Adv	false		negative	true	false	false	0.0	0.0	срамно
жена	N	true	gender	neutral	false	false	false	0.0	0.0	жени|жените|жена|жено|жената
почернял	A	false			false	false	false	0.0	0.75	почерняло|почерняхме|почернееше|почернеехте|почернеете|почерняхте|почерней|почернейте|почернее|почернеят|почернеехме|почернелия|почернялото|почернеели|почернеело|почернях|почернелият|почерня|почернели|почернееха|почернял|почернеела|почернеех|почернееш|почерняла|почернеем|почернеел|почернея|почернялата|почерняха|почернелите
триумфатор	N	false		positive	true	false	false	0.0	0.0	триумфаторът|триумфатора|триумфатори|триумфаторите|триумфатор
подлец	N	false		negative	true	false	false	0.0	0.0	подлец|подлеца|подлеци|подлецът|подлеците
скандалджийка	N	false			false	false	false	0.0	0.875	скандалджийки|скандалджийка|скандалджийките|скандалджийката
отекъл	A	false			false	false	false	0.0	0.75	отечеш|отечи|отекохте|отекохме|отечете|отеклата|отечеше|отечахме|отекат|отекла|отекох|отеклите|отека|отечало|отечах|отекло|отечахте|отечал|отечали|отеклото|отекли|отекъл|отечала|отечем|отекоха|отече|отечаха|отеклият|отеклия
милост	N	false			false	false	false	0.625	0.0	милост|милостта
неразбираем	A	false			false	false	false	0.25	0.625	неразбираеми|неразбираемото|неразбираем|неразбираемият|неразбираемите|неразбираемия|неразбираемата|неразбираема|неразбираемо
неразположение	N	false			false	false	false	0.0	0.75	неразположение|неразположения|неразположенията|неразположението
блуден	A	false			false	false	false	0.0	0.75	блудният|блудните|блудно|блудното|блудна|блудната|блудни|блуден|блудния
иновационен	A	false			false	false	false	0.625	0.0	иновационни|иновационен|иновационната|иновационният|иновационните|иновационна|иновационното|иновационния|иновационно
непратен	A	false			false	false	false	0.0	0.625	непратен
биоразградим	A	false			false	false	false	0.625	0.0	биоразградим
смътен	A	false			false	false	false	0.25	0.75	смътни|смътен|смътният|смътно|смътните|смътния|смътното|смътна|смътната
подло	Adv	false		negative	true	false	false	0.0	0.0	подло
необратим	A	false			false	false	false	0.0	0.625	необратимия|необратимо|необратима|необратимото|необратимата|необратимият|необратимите|необратим|необратими
безкостен	A	false			false	false	false	0.0	0.625	безкостно|безкостната|безкостна|безкостния|безкостното|безкостният|безкостните|безкостен|безкостни
зрял	A	false			false	false	false	0.625	0.25	зрялото|зрялата|зрели|зрелия|зрелият|зряло|зрелите|зрял|зряла
разстройство с дефицит на вниманието и хиперактивност	N	true	disability		false	false	false	0.625	0.125	
шизофреник	N	false			false	false	false	0.0	0.625	шизофреника|шизофреник|шизофреникът|шизофреници|шизофрениците
непозволяващ	A	false			false	false	false	0.125	0.75	непозволяващи|непозволяващото|непозволяващ|непозволяваща|непозволяващата|непозволяващия|непозволяващият|непозволяващите|непозволяващо
месо от пъдпъдък	N	false			false	false	false	0.625	0.0	месо от пъдпъдък
сатана	N	false			false	false	false	0.444	0.556	сатаните|сатаната|сатани|сатана
значителен	A	false			false	false	false	0.875	0.0	значителен|значителна|значителната|значително|значителния|значителното|значителният|значителни|значителните
авирулентен	A	false			false	false	false	0.0	0.875	авирулентен
допадна	V	false			false	false	false	0.625	0.0	допаднехте|допаднело|допадналия|допаднах|допаднат|допаднеше|допадналият|допаднехме|допаднал|допаднела|допаднала|допаднало|допаднели|допадналото|допаднали|допаднаха|допадна|допаднеш|допадналите|допаднех|допаднеха|допаднахте|допаднахме|допаднете|допаднем|допаднел|допадни|допадналата|допадне
безкомпромисен	A	false			false	false	false	0.0	0.75	безкомпромисната|безкомпромисна|безкомпромисният|безкомпромисните|безкомпромисното|безкомпромисен|безкомпромисния|безкомпромисни|безкомпромисно
лекар	N	true	gender	neutral	false	false	false	0.0	0.0	лекарят|лекарите|лекар|лекаря|лекарю|лекари
хипогамаглобулинемия	N	true	disability		false	false	false	0.0	0.625	хипогамаглобулинемия
мацка	N	false	gender	negative	true	false	true	0.0	0.0	мацките|мацки|мацката|мацка
непотопим	A	false			false	false	false	0.0	0.625	непотопим
еднороден	A	false			false	false	false	0.0	0.625	еднородни|еднородния|еднородно|еднородна|еднородният|еднородните|еднородната|еднородното|еднороден
неконкретност	N	false			false	false	false	0.25	0.625	неконкретност
неразтребен	A	false			false	false	false	0.0	0.875	неразтребената|неразтребени|неразтребения|неразтребеният|неразтребените|неразтребеното|неразтребен|неразтребено|неразтребена
уместен	A	false			false	false	false	0.625	0.0	уместно|уместни|уместен|уместният|уместните|уместното|уместна|уместния|уместната
враснал косъм	N	false			false	false	false	0.0	0.625	враснал косъм
протеза	N	true	disability	neutral	false	false	false	0.0	0.0	протезата|протезите|протези|протеза
първенец	N	false		positive	false	false	false	0.0	0.0	първенците|първенецът|първенец|първенеца|първенци
сталинист	N	false		negative	true	false	false	0.0	0.0	сталинистът|сталиниста|сталинисти|сталинистите|сталинист
хард	A	false			false	false	true	0.625	0.125	хард
изкачваем	A	false			false	false	false	0.625	0.0	изкачваем
неистинност	N	false			false	false	false	0.25	0.625	неистинност|неистинността
домошар	N	false			false	false	false	0.0	0.625	домошари|домошар|домошарите|домошарът|домошара
любвеобилен	A	false			false	false	false	0.625	0.25	любвеобилния|любвеобилна|любвеобилно|любвеобилен|любвеобилната|любвеобилни|любвеобилното|любвеобилният|любвеобилните
неприспадаем	A	false			false	false	false	0.0	0.625	неприспадаем
с хубаво	Adv	false			false	false	false	0.75	0.0	с хубаво
крадец	N	false		negative	true	false	false	0.0	0.0	крадецът|крадците|крадци|крадец|крадеца
нежелание	N	false			false	false	false	0.25	0.625	нежеланието|нежелание
несъблазнителен	A	false			false	false	false	0.25	0.625	несъблазнително|несъблазнителна|несъблазнителния|несъблазнителният|несъблазнителните|несъблазнителното|несъблазнителни|несъблазнителната|несъблазнителен
имунодефицитен	A	false			false	false	false	0.0	0.75	имунодефицитен
адмирация	N	false			false	false	false	0.75	0.0	адмирации|адмирацията|адмирациите|адмирация
глупаво	Adv	false		negative	false	false	false	0.0	0.0	глупаво
мъглив	A	false			false	false	false	0.125	0.75	мъгливия|мъглива|мъгливата|мъгливо|мъгливият|мъгливите|мъгливото|мъгливи|мъглив
непараметричен	A	false			false	false	false	0.0	0.625	непараметричен
хередитарна малкомозъчна атаксия	N	true	disability		false	false	false	0.0	0.625	хередитарна малкомозъчна атаксия
роб	N	false		negative	false	false	false	0.0	0.0	роб
неяснота	N	false			false	false	false	0.0	0.625	неясноти|неяснотата|неяснота|неяснотите
влошен	A	false			false	false	false	0.556	0.444	влошилия|влошилите|влошил|влошим|влошите|влошахме|влошете|влошал|влошеше|влошило|влошеният|влошилата|влошено|влошили|влоши|влошало|влошели|влошени|влошилият|влошената|влошила|влоша|влошена|влошен|влошала|влошиха|влоших|влошихме|влошиш|влошат|влошилото|влошаха|влошените|влошах|влошеното|влошихте|влошения|влошахте
безпощаден	A	false			true	false	false	0.0	0.625	безпощадната|безпощадно|безпощадна|безпощадният|безпощадните|безпощадното|безпощадни|безпощаден|безпощадния
ром	N	true	race_ethnicity	neutral	false	false	false	0.0	0.0	ромите|роми|ромът|рома|ром
амебна дизентерия	N	false			false	false	false	0.0	0.625	амебна дизентерия
върхов	A	false			false	false	false	0.625	0.0	върховия|върхов|върхови|върховото|върховият|върховите|върховата|върхова|върхово
крехкост	N	false			false	false	false	0.125	0.75	крехкост|крехкостта
шизофрения	N	true	disability	neutral	false	false	false	0.0	0.0	шизофренията|шизофрении|шизофрения|шизофрениите
свещеничка	N	true	religion	neutral	false	false	false	0.0	0.0	свещеничка
Откровение Йоаново	N	false			false	false	false	0.625	0.0	
секретарка	N	true	gender	neutral	false	false	false	0.0	0.0	секретарките|секретарка|секретарката|секретарки
язва	N	true	disability		false	false	false	0.0	0.625	язва|язвата|язви|язвите
нетематичен	A	false			false	false	false	0.0	0.625	нетематичен
неблагоприличен	A	false			false	false	false	0.75	0.0	неблагоприлично|неблагоприлична|неблагоприличният|неблагоприличните|неблагоприличен|неблагоприлични|неблагоприличното|неблагоприличния|неблагоприличната
несмазана	A	false			false	false	false	0.0	0.75	несмазани|несмазан|несмазано|несмазания|несмазана|несмазаният|несмазаните|несмазаната|несмазаното
безсърдечност	N	false			false	false	false	0.0	0.625	безсърдечност|безсърдечността
етнически	A	true	race_ethnicity	neutral	false	false	false	0.0	0.0	етническа|етническия|етнически|етническото|етническият|етническо|етническите|етническата
ацентричен	A	false			false	false	false	0.0	0.625	ацентричната|ацентрично|ацентрична|ацентричното|ацентричния|ацентричният|ацентричните|ацентричен|ацентрични
преднина	N	false			false	false	false	0.625	0.0	преднината|преднина
алалия	N	false			false	false	false	0.0	0.625	алалия
угризение	N	false			false	false	false	0.375	0.625	угризението|угризение|угризенията|угризения
благосклонност	N	false			false	false	false	0.75	0.0	благосклонността|благосклонност
принцип на забрана	N	false			false	false	false	0.0	0.625	принцип на забрана
непоправимост	N	false			false	false	false	0.25	0.625	непоправимост|непоправимостта
болест на кръвта	N	true	disability		false	false	false	0.0	0.625	болест на кръвта
некротизиращ ентерит	N	true	disability		false	false	false	0.0	0.875	некротизиращ ентерит
непотвърден	A	false			false	false	false	0.0	0.75	непотвърдения|непотвърден|непотвърденият|непотвърдена|непотвърдените|непотвърдената|непотвърденото|непотвърдени|непотвърдено
измислица	N	false			false	false	false	0.0	0.75	измислица|измислиците|измислицата|измислици
непреклонен	A	false			false	false	false	0.0	0.75	непреклонния|непреклонни|непреклонен|непреклонната|непреклонна|непреклонното|непреклонният|непреклонните|непреклонно
апомиктичен	A	false			false	false	false	0.0	0.625	апомиктичен
великолепен	A	false		positive	true	false	false	0.875	0.0	великолепно|великолепната|великолепния|великолепна|великолепен|великолепното|великолепни|великолепният|великолепните
туберкулозен	A	false			false	false	false	0.0	0.75	туберкулозната|туберкулозен|туберкулозни|туберкулозния|туберкулозно|туберкулозна|туберкулозното|туберкулозният|туберкулозните
безпрепятствен	A	false			false	false	false	0.0	0.625	безпрепятствена|безпрепятствен|безпрепятственият|безпрепятствените|безпрепятственото|безпрепятствени|безпрепятствената|безпрепятствения|безпрепятствено
аутист	N	true	disability	neutral	false	false	false	0.0	0.0	аутист
косми	N	true	appearance	neutral	false	false	false	0.0	0.0	косъм|косъма|косми|космите|косъмът
вежливост	N	false			false	false	false	0.875	0.0	вежливостта|вежливостите|вежливост|вежливости
неизвиним	A	false			false	false	false	0.0	0.625	неизвинимо|неизвинимият|неизвинимите|неизвинимото|неизвинима|неизвиним|неизвинимия|неизвиними|неизвинимата
изкуствено	Adv	false			false	false	false	0.0	0.625	изкуствено
на живот и смърт	A	false			false	false	false	0.625	0.0	на живот и смърт
негоден	A	false			false	false	false	0.0	0.625	негодени|негодено|негодения|негодена|негодената|негоденият|негодените|негоден|негоденото
посредствен	A	false		negative	true	false	false	0.0	0.0	посредствена|посредствено|посредствената|посредствения|посредственият|посредствените|посредственото|посредствени|посредствен
ровене	N	false			false	false	false	0.0	0.625	ровене|ровенето
високомерен	A	false		negative	false	false	false	0.0	0.0	високомерният|високомерните|високомерния|високомерното|високомерни|високомерен|високомерна|високомерната|високомерно
оплакване	N	false			false	false	false	0.0	0.625	оплакване|оплаквания|оплакването|оплакванията
клаустрофобичен	A	false			false	false	false	0.0	0.75	клаустрофобичен
асоциален	A	false			false	false	false	0.0	0.875	асоциалната|асоциален|асоциалният|асоциалните|асоциални|асоциално|асоциалното|асоциална|асоциалния
заядливост	N	false			false	false	false	0.0	0.75	заядливост|заядливостта
атеист	N	true	religion	neutral	false	false	false	0.0	0.0	атеист|атеиста|атеистът|атеистите|атеисти
жизнерадостен	A	false			false	false	false	0.625	0.0	жизнерадостният|жизнерадостните|жизнерадостното|жизнерадостен|жизнерадостния|жизнерадостни|жизнерадостно|жизнерадостна|жизнерадостната
себичен	A	false		negative	true	false	false	0.0	0.0	себичния|себичен|себични|себичният|себичните|себичното|себично|себична|себичната
раздърпан	A	false			false	false	false	0.0	0.875	раздърпаш|раздърпаният|раздърпания|раздърпаше|раздърпах|раздърпате|раздърпа|раздърпалият|раздърпаме|раздърпал|раздърпалата|раздърпаната|раздърпат|раздърпан|раздърпам|раздърпаха|раздърпай|раздърпаните|раздърпана|раздърпахте|раздърпалите|раздърпахме|раздърпайте|раздърпала|раздърпани|раздърпалото|раздърпаното|раздърпали|раздърпало|раздърпано|раздърпалия
лошота	N	false			false	false	false	0.0	0.875	лошотата|лошота
антисоциален	A	false			false	false	false	0.0	0.875	антисоциален|антисоциалния|антисоциална|антисоциалното|антисоциалният|антисоциалните|антисоциално|антисоциални|антисоциалната
нервно разстройство	N	true	disability		false	false	false	0.0	0.875	нервно разстройство
неболестотворен	A	false			false	false	false	0.0	0.875	неболестотворния|неболестотворно|неболестотворната|неболестотворна|неболестотворен|неболестотворни|неболестотворното|неболестотворният|неболестотворните
бяло петно	N	false			false	false	false	0.625	0.0	бяло петно
лунна слепота	N	true	disability		false	false	false	0.0	0.625	лунна слепота
ранен	A	false			false	false	false	0.0	0.75	раненият|ранено|ранените|раненото|ранена|ранения|ранени|ранен|ранената
миопичен	A	false			false	false	false	0.125	0.625	миопичен
нищожен	A	false		negative	true	false	false	0.0	0.0	нищожната|нищожна|нищожният|нищожните|нищожното|нищожен|нищожния|нищожни|нищожно
недъг	N	false			false	false	false	0.0	0.75	недъзи|недъг|недъга|недъгът|недъзите
дразнещ	A	false			false	false	false	0.125	0.875	дразнеше|дразнете|дразнехте|дразним|дразнил|дразнило|дразнилото|дразненият|дразнилия|дразних|дразнещият|дразнили|дразнели|дразни|дразнело|дразнено|дразнехме|дразнила|дразнят|дразнещо|дразнела|дразнени|дразниш|дразнилият|дразненото|дразнещото|дразнещи|дразнихте|дразниха|дразнения|дразнена|дразнейки|дразнеща|дразнеха|дразнените|дразнещите|дразнилата|дразнен|дразнел|дразнещ|дразните|дразнихме|дразнената|дразнещата|дразнех|дразнилите|дразня|дразнещия
непривичен	A	false			false	false	false	0.25	0.625	непривично|непривичното|непривична|непривичен|непривичния|непривичният|непривичните|непривични|непривичната
популист	N	false		negative	false	false	false	0.0	0.0	популисти|популист|популиста|популистът|популистите
прочувствен	A	false			false	false	false	0.625	0.0	прочувствена|прочувствено|прочувствената|прочувствен|прочувственият|прочувствени|прочувствените|прочувствения|прочувственото
невъзнаграден	A	false			false	false	false	0.0	0.625	невъзнаградено|невъзнаградена|невъзнаградената|невъзнаграденият|невъзнаградените|невъзнаграденото|невъзнаградения|невъзнаградени|невъзнаграден
цвъртящ	A	false			false	false	false	0.0	0.625	цвъртяща|цвъртелият|цвъртели|цвъртящите|цвъртящи|цвъртяха|цвъртяхте|цвъртящата|цвъртяхме|цвъртя|цвъртейки|цвъртялата|цвъртим|цвъртялото|цвъртелите|цвъртяло|цвъртящият|цвъртящия|цвъртял|цвърти|цвъртелия|цвъртях|цвъртящо|цвъртяла|цвъртиш|цвъртеше|цвъртят|цвъртящото|цвъртите|цвъртящ|цвъртете
неопорочен	A	false			false	false	false	0.125	0.625	неопорочен
отслабвам	V	true	appearance	neutral	false	false	false	0.0	0.0	отслабвал|отслабвам|отслабващото|отслабвахме|отслабвалата|отслабваме|отслабвайки|отслабвалите|отслабвате|отслабвалия|отслабващият|отслабваше|отслабвалото|отслабвало|отслабвали|отслабващия|отслабвалият|отслабващо|отслабвала|отслабващ|отслабващи|отслабващите|отслабвах|отслабвай|отслабваш|отслабваха|отслабват|отслабва|отслабваща|отслабвахте|отслабвайте|отслабващата
призван	A	false	religion	positive	false	false	false	0.0	0.0	призваният|призваните|призвани|призван|призваната|призваното|призвано|призвания|призвана
припадък	N	false			false	false	false	0.0	0.75	припадък|припадъкът|припадъци|припадъците|припадъка
прислужник	N	false		negative	true	true	false	0.0	0.0	прислужниците|прислужници|прислужник|прислужника|прислужникът
малдон	N	false			false	false	false	0.0	0.75	малдон
простовато	Adv	false		negative	false	false	false	0.0	0.0	простовато
справедливо	Adv	false		positive	false	false	false	0.0	0.0	справедливо
рус	A	true	appearance	neutral	false	false	false	0.0	0.0	русия|руси|русата|русото|русият|русите|руса|рус|русо
светлокож	A	true	race_ethnicity	neutral	false	false	false	0.0	0.0	светлокож
неономатопеичен	A	false			false	false	false	0.0	0.625	неономатопеичен
прям	A	false		positive	false	false	false	0.75	0.0	прям|прямата|прямо|пряма|прямия|прямото|прямият|прями|прямите
ентусиазъм	N	false			false	false	false	0.375	0.625	ентусиазма|ентусиазмите|ентусиазмът|ентусиазъм|ентусиазми
неизметен	A	false			false	false	false	0.0	0.75	неизметен
млечнобял	A	false	appearance	positive	false	false	false	0.0	0.0	млечнобял|млечнобяло|млечнобяла|млечнобялата|млечнобялото|млечнобелия|млечнобели|млечнобелият|млечнобелите
нелюбезно	Adv	false			false	false	false	0.625	0.125	нелюбезно
лесен	A	false			false	false	false	0.625	0.25	лесния|лесни|лесната|лесен|лесният|лесните|лесното|лесна|лесно
неизлечимост	N	false			false	false	false	0.25	0.625	неизлечимост|неизлечимостта
безшумен	A	false			false	false	false	0.0	0.625	безшумен|безшумният|безшумните|безшумния|безшумната|безшумна|безшумното|безшумно|безшумни
магнитен	A	false			false	false	false	0.625	0.0	магнитен|магнитното|магнитни|магнитния|магнитният|магнитните|магнитно|магнитната|магнитна
звънък	A	false			false	false	false	0.625	0.0	звънък|звънки|звънкия|звънката|звънкият|звънките|звънкото|звънка|звънко
нехармоничен	A	false			false	false	false	0.0	0.75	нехармоничен|нехармоничната|нехармоничният|нехармонична|нехармоничните|нехармоничното|нехармонично|нехармонични|нехармоничния
дискомфорт	N	false			false	false	false	0.0	0.75	дискомфорт|дискомфортът|дискомфорта
финес	N	false			false	false	false	0.75	0.0	финес|финеса|финесът
агамаглобулинемия	N	true	disability		false	false	false	0.0	0.625	агамаглобулинемия
нефиксиран	A	false			false	false	false	0.125	0.625	нефиксиран
онеправдая	V	false			false	false	false	0.0	0.75	онеправдано|онеправданите|онеправдаеха|онеправдали|онеправдалите|онеправдахме|онеправдани|онеправдаем|онеправдахте|онеправдайте|онеправдаел|онеправдало|онеправдания|онеправдалия|онеправдаели|онеправданото|онеправдалото|онеправдай|онеправдаха|онеправдаела|онеправдала|онеправдаят|онеправдана|онеправдаехме|онеправдаеше|онеправданият|онеправдах|онеправдалият|онеправдаехте|онеправдая|онеправдаело|онеправдае|онеправдаех|онеправда|онеправдал|онеправданата|онеправдалата|онеправдан|онеправдаете|онеправдаеш
иновативен	A	false			false	false	false	0.625	0.0	иновативен
външен вид	N	true	appearance	neutral	false	false	false	0.0	0.0	външен вид
нещавен	A	false			false	false	false	0.0	0.625	нещавения|нещавено|нещавена|нещавената|нещавеното|нещавеният|нещавените|нещавени|нещавен
вулгарен	A	false		negative	true	false	false	0.25	0.75	вулгарен|вулгарни|вулгарният|вулгарните|вулгарното|вулгарния|вулгарната|вулгарно|вулгарна
изправителен	A	false			false	false	false	0.625	0.0	изправителен|изправителното|изправителни|изправително|изправителния|изправителната|изправителният|изправителна|изправителните
незвучен	A	false			false	false	false	0.125	0.625	незвучен|незвучна|незвучно|незвучната|незвучния|незвучният|незвучните|незвучното|незвучни
колит на Крон	N	true	disability		false	false	false	0.0	0.625	
справедлива	A	false			false	false	false	0.25	0.625	справедливи|справедлива|справедливия|справедлив|справедливата|справедливо|справедливият|справедливите|справедливото
креативен	A	false		positive	true	false	false	0.0	0.0	креативно|креативна|креативната|креативен|креативният|креативните|креативното|креативния|креативни
онеправдан	N	false			false	false	false	0.0	0.75	онеправдано|онеправданите|онеправдаеха|онеправдали|онеправдалите|онеправдахме|онеправдани|онеправдаем|онеправдахте|онеправдайте|онеправдаел|онеправдало|онеправдания|онеправдалия|онеправдаели|онеправданото|онеправдалото|онеправдай|онеправдаха|онеправдаела|онеправдала|онеправдаят|онеправдана|онеправдаехме|онеправдаеше|онеправданият|онеправдах|онеправдалият|онеправдаехте|онеправдая|онеправдаело|онеправдае|онеправдаех|онеправда|онеправдал|онеправданата|онеправдалата|онеправдан|онеправдаете|онеправдаеш
немощност	N	false			false	false	false	0.125	0.625	немощността|немощност
изпитващ фобия	A	false			false	false	false	0.0	0.625	изпитващ фобия
решение по съкратената процедура	N	false			false	false	false	0.0	0.625	решение по съкратената процедура
схватлив	A	false			false	false	false	0.625	0.0	схватливият|схватливите|схватливото|схватлив|схватливо|схватливия|схватлива|схватливи|схватливата
реабилитиращ	A	false			false	false	false	0.625	0.0	реабилитирах|реабилитираш|реабилитираният|реабилитиращ|реабилитиралият|реабилитирания|реабилитиралия|реабилитиращата|реабилитираща|реабилитирай|реабилитиращия|реабилитиращият|реабилитираха|реабилитираното|реабилитиралото|реабилитиращи|реабилитиращо|реабилитирала|реабилитирана|реабилитира|реабилитиращото|реабилитирали|реабилитираните|реабилитирани|реабилитиралите|реабилитирано|реабилитирало|реабилитирайте|реабилитиращите|реабилитираше|реабилитирахме|реабилитирам|реабилитирал|реабилитираната|реабилитирахте|реабилитиралата|реабилитиран|реабилитирайки|реабилитирате|реабилитират|реабилитираме
хитрост	N	false			false	false	false	0.75	0.0	хитрост|хитростта|хитрости|хитростите
скрофулозен	A	false			false	false	false	0.0	0.875	скрофулозна|скрофулозен|скрофулозния|скрофулозното|скрофулозни|скрофулозната|скрофулозният|скрофулозно|скрофулозните
Болест на Къшинг	N	true	disability		false	false	false	0.0	0.75	
консервиран	A	false			false	false	false	0.0	0.625	консервирано|консервираният|консервирана|консервираните|консервираното|консервиран|консервираната|консервирания|консервирани
неактивен	A	false			false	false	false	0.0	0.625	неактивно|неактивния|неактивна|неактивното|неактивен|неактивният|неактивните|неактивната|неактивни
антифеминист	N	false			false	false	false	0.0	0.625	антифеминист
прахосан	A	false			false	false	false	0.25	0.75	прахосани|прахосаното|прахосания|прахосаният|прахосаните|прахосана|прахосан|прахосано|прахосаната
реализуем	A	false			false	false	false	0.625	0.0	реализуем
нефункционален	A	false			false	false	false	0.0	0.75	нефункционалната|нефункционалния|нефункционална|нефункционално|нефункционалният|нефункционалните|нефункционални|нефункционален|нефункционалното
лептоспироза при кучета	N	false			false	false	false	0.125	0.625	лептоспироза при кучета
непредприемчив	A	false			false	false	false	0.25	0.625	непредприемчив|непредприемчивият|непредприемчивите|непредприемчивия|непредприемчивата|непредприемчиви|непредприемчиво|непредприемчивото|непредприемчива
реалист	N	false			false	false	false	0.0	0.625	реалистът|реалисти|реалистите|реалист|реалиста
неубеден	A	false			false	false	false	0.125	0.625	неубедения|неубедената|неубедени|неубеден|неубедено|неубеденото|неубеденият|неубедена|неубедените
добър дух	N	false			false	false	false	0.75	0.0	добър дух
чужденец	N	true	race_ethnicity	neutral	false	false	false	0.0	0.0	чужденецо|чужденец|чужденеца|чужденци|чужденецът|чужденците
атаксия	N	true	disability		false	false	false	0.0	0.625	атаксия
мърла	N	false			true	true	false	0.0	0.75	мърли|мърла|мърлата|мърлите
неензимен	A	false			false	false	false	0.0	0.75	неензимен
отцепник	N	false			false	false	false	0.0	0.625	отцепник|отцепниците|отцепника|отцепници|отцепникът
теорема	N	false			false	false	false	0.625	0.0	теоремата|теорема|теореми|теоремите
за съжаление	Adv	false			false	false	false	0.0	0.875	за съжаление
синдром на внезапна смърт при новородено	N	true	disability		false	false	false	0.625	0.25	синдром на внезапна смърт при новородено
реабилитиран	A	false			false	false	false	0.625	0.0	реабилитирах|реабилитираш|реабилитираният|реабилитиращ|реабилитиралият|реабилитирания|реабилитиралия|реабилитиращата|реабилитираща|реабилитирай|реабилитиращия|реабилитиращият|реабилитираха|реабилитираното|реабилитиралото|реабилитиращи|реабилитиращо|реабилитирала|реабилитирана|реабилитира|реабилитиращото|реабилитирали|реабилитираните|реабилитирани|реабилитиралите|реабилитирано|реабилитирало|реабилитирайте|реабилитиращите|реабилитираше|реабилитирахме|реабилитирам|реабилитирал|реабилитираната|реабилитирахте|реабилитиралата|реабилитиран|реабилитирайки|реабилитирате|реабилитират|реабилитираме
тривиалност	N	false			false	false	false	0.25	0.625	тривиалността|тривиалност
младеж	N	true	gender	neutral	false	false	false	0.0	0.0	младежта|младеж
страхувам се	V	false			false	false	false	0.0	0.625	страхувам се
прославям	V	false		positive	true	false	false	0.0	0.0	прославящия|прославяща|прославян|прославям|прославящата|прославял|прославях|прославяният|прославялият|прославят|прославяте|прославящ|прославяш|прославялата|прославяйте|прославяме|прославящите|прославяше|прославяната|прославя|прославяйки|прославяло|прославяхме|прославящото|прославяни|прославяли|прославяхте|прославяните|прославялите|прославяно|прославяния|прославяна|прославящо|прославялия|прославяла|прославящият|прославяха|прославяното|прославящи|прославяй|прославялото
раздразнителен	A	false		negative	true	false	false	0.0	0.75	раздразнителни|раздразнителен|раздразнителния|раздразнителна|раздразнителната|раздразнително|раздразнителният|раздразнителните|раздразнителното
разпокъсан	A	false			false	false	false	0.0	0.75	разпокъсат|разпокъсаните|разпокъсан|разпокъсалите|разпокъсам|разпокъса|разпокъсайте|разпокъсал|разпокъсана|разпокъсала|разпокъсаната|разпокъсаха|разпокъсай|разпокъсалата|разпокъсалия|разпокъсания|разпокъсаният|разпокъсало|разпокъсахте|разпокъсалият|разпокъсахме|разпокъсани|разпокъсали|разпокъсано|разпокъсате|разпокъсаното|разпокъсалото|разпокъсаме|разпокъсаше|разпокъсах|разпокъсаш
любя	V	false			false	false	false	0.625	0.0	любим|любехте|любил|любени|любехме|любели|любилата|любили|любеното|любейки|любих|любено|любело|любиш|любило|любя|любещият|любилият|любят|любеха|любиха|любещи|любените|любихте|любена|любещо|любела|любила|любения|любещото|любихме|любилото|любен|люби|любел|любещия|любената|любех|любещите|любеща|любещ|любилите|любеше|любеният|любете|любещата|любите|любилия
отвратителен	A	false		negative	true	false	false	0.0	0.875	отвратителната|отвратителния|отвратително|отвратителното|отвратителният|отвратителна|отвратителните|отвратителен|отвратителни
разрушителност	N	false			false	false	false	0.0	0.625	разрушителност|разрушителността
помакиня	N	true	race_ethnicity	neutral	false	false	false	0.0	0.0	помакиня|помакинята|помакините|помакини
прасе	N	false	appearance	negative	true	true	false	0.0	0.0	прасета|прасе|прасето|прасетата
прозорлив	A	false			false	false	false	0.875	0.0	прозорливи|прозорливата|прозорливият|прозорливите|прозорливото|прозорливия|прозорлива|прозорливо|прозорлив
домосед	N	false			false	false	false	0.0	0.625	домоседа|домоседът|домоседите|домоседи|домосед
ендоцервицит	N	true	disability		false	false	false	0.0	0.625	ендоцервицит
обаяние	N	false			false	false	false	0.625	0.0	обаянието|обаяние
непроучен	A	false			false	false	false	0.0	0.625	непроученото|непроученият|непроучените|непроучен|непроучения|непроучени|непроучената|непроучена|непроучено
полов	A	true	gender	neutral	false	false	false	0.0	0.0	полови|полов|половата|половият|полово|половите|половото|половия|полова
африканец	N	true	race_ethnicity	neutral	false	false	false	0.0	0.0	африканецът|африканеца|африканци|африканец|африканците
болест на фон Реклингхаузен	N	true	disability		false	false	false	0.0	0.625	
пелагра	N	false			false	false	false	0.0	0.75	пелагра
джудже	N	true	appearance	neutral	false	false	false	0.0	0.0	джуджетата|джуджето|джудже|джуджета
разстройство с дефицит на вниманието	N	true	disability		false	false	false	0.625	0.125	разстройство с дефицит на вниманието
ловко	Adv	false			false	false	false	0.625	0.0	ловко
непараметричен статистически факт	N	false			false	false	false	0.0	0.625	непараметричен статистически факт
неоткрит	A	false			false	false	false	0.0	0.625	неоткрити|неоткрит|неоткритата|неоткрита|неоткрития|неоткритото|неоткритият|неоткритите|неоткрито
повърхностен	A	false			false	false	false	0.0	0.75	повърхностен|повърхностна|повърхностно|повърхностното|повърхностния|повърхностната|повърхностни|повърхностният|повърхностните
хемоглобинопатия	N	true	disability		false	false	false	0.0	0.625	хемоглобинопатия
изкусен	A	false			false	false	false	0.625	0.0	изкусният|изкусни|изкусните|изкусното|изкусен|изкусния|изкусна|изкусно|изкусната
ухаен	A	false			false	false	false	0.75	0.125	ухаен
психопатичен	A	false			false	false	false	0.0	0.625	психопатичен
малтретирам	V	false			true	false	false	0.0	0.75	малтретираха|малтретиращото|малтретиращи|малтретираните|малтретирай|малтретиралата|малтретирана|малтретираната|малтретиращо|малтретирала|малтретиращия|малтретирайте|малтретирани|малтретирали|малтретираното|малтретирано|малтретирало|малтретиралият|малтретиращият|малтретираше|малтретираният|малтретирахте|малтретирате|малтретиращ|малтретираш|малтретиралото|малтретираме|малтретиращата|малтретирахме|малтретирах|малтретират|малтретира|малтретиралите|малтретирания|малтретирайки|малтретиралия|малтретираща|малтретиран|малтретирам|малтретиращите|малтретирал
подмокряне	N	false			false	false	false	0.0	0.75	подмокрянето|подмокряне
замразен	A	false			false	false	false	0.0	0.625	замразена|замразен|замразената|замразено|замразеният|замразени|замразените|замразеното|замразения
дебел	A	true	appearance	negative	false	false	false	0.0	0.0	дебел|дебелия|дебела|дебелата|дебело|дебелият|дебелите|дебелото|дебели
кокалче	N	false	appearance	negative	false	false	true	0.0	0.0	кокалчето|кокалче|кокалчета|кокалчетата
апраксия	N	true	disability		false	false	false	0.125	0.625	апраксия
обезчувствя	V	false			false	false	false	0.0	0.875	обезчувствя
духовна	A	true	religion	neutral	false	false	false	0.0	0.0	духовната|духовен|духовният|духовните|духовни|духовния|духовно|духовното|духовна
неделикатен	A	false			false	false	false	0.0	0.75	неделикатен|неделикатна|неделикатният|неделикатните|неделикатната|неделикатния|неделикатно|неделикатни|неделикатното
готин	A	false		positive	false	false	true	0.0	0.0	готината|готино|готина|готин|готиния|готини|готиният|готините|готиното
цяла кръв	N	false			false	false	false	0.0	0.625	цяла кръв
отявлен	A	false			false	false	false	0.625	0.0	отявлено|отявленото|отявленият|отявлена|отявлените|отявления|отявлената|отявлен|отявлени
грозота	N	false			false	false	false	0.0	0.75	грозота|грозотите|грозотата|грозоти
легендарен	A	false			false	false	false	0.0	0.625	легендарен|легендарното|легендарният|легендарните|легендарния|легендарната|легендарни|легендарна|легендарно
перикардит	N	true	disability		false	false	false	0.0	0.625	перикардит|перикардита|перикардитът
полезност	N	false			false	false	false	0.875	0.0	полезност|полезността
суетен	A	false		negative	true	false	false	0.0	0.0	суетен|суетният|суетните|суетното|суетно|суетния|суетна|суетната|суетни
гротеска	N	false			false	false	false	0.625	0.25	гротеската|гротеска|гротеските|гротески
отговорен	A	false		positive	false	false	false	0.0	0.0	отговорно|отговорният|отговорните|отговорното|отговорни|отговорния|отговорната|отговорен|отговорна
слънчева млечка	N	false			false	false	false	0.125	0.625	слънчева млечка
пребледнялост	N	false			false	false	false	0.0	0.625	пребледнялост
пресен	A	false			false	false	false	0.0	0.75	пресния|пресен|пресният|пресните|прясно|пресни|прясното|прясна|прясната
кинанестезия	N	false			false	false	false	0.125	0.625	кинанестезия
необезпокоен	A	false			false	false	false	0.0	0.625	необезпокоена|необезпокоен|необезпокоения|необезпокоеният|необезпокоените|необезпокоено|необезпокоеното|необезпокоени|необезпокоената
легален	A	false		positive	false	false	false	0.0	0.0	легалната|легално|легална|легалното|легалният|легалните|легален|легалния|легални
своенравен	A	false		negative	true	false	false	0.125	0.875	своенравния|своенравният|своенравните|своенравно|своенравното|своенравни|своенравната|своенравен|своенравна
брат	N	true	gender	neutral	false	false	false	0.0	0.0	брата|братя|братът|братята|брат
лакей	N	false		negative	true	true	false	0.0	0.0	лакей|лакея|лакеите|лакеят|лакеи
вироглав	A	false			false	false	false	0.25	0.75	вироглава|вироглаво|вироглавата|вироглавия|вироглавият|вироглавите|вироглавото|вироглави|вироглав
съзнателен	A	false			false	false	false	0.625	0.0	съзнателни|съзнателното|съзнателната|съзнателно|съзнателният|съзнателна|съзнателните|съзнателния|съзнателен
посттравматичен синдром	N	true	disability		false	false	false	0.0	0.625	посттравматичен синдром
леснота	N	false			false	false	false	0.125	0.625	леснотата|леснота
синдром на остър респираторен дистрес	N	true	disability		false	false	false	0.0	0.75	синдром на остър респираторен дистрес
различаващ се	A	false			false	false	false	0.625	0.0	различаващ се
флегматичен	A	false			false	false	false	0.625	0.0	флегматичната|флегматично|флегматична|флегматичния|флегматичен|флегматичното|флегматичният|флегматичните|флегматични
дивак	N	false		negative	true	false	false	0.0	0.0	дивака|диваците|дивакът|дивак|диваци
неработещ	A	false			false	false	false	0.0	0.75	неработещ|неработещият|неработещите|неработещото|неработещо|неработещия|неработеща|неработещата|неработещи
Акация камбегеи	N	false			false	false	false	0.0	0.625	
сучонг	N	false			false	false	false	0.125	0.75	сучонг
естествена добродетел	N	false			false	false	false	0.75	0.0	естествена добродетел
спечелен	A	false			false	false	false	0.0	0.625	спечелят|спечелено|спечеленият|спечелело|спечелило|спечеля|спечелих|спечелилите|спечелеше|спечелиш|спечели|спечелилия|спечелете|спечелите|спечелел|спечелен|спечелехте|спечелилата|спечелехме|спечелените|спечелеха|спечелилият|спечелиха|спечелех|спечелената|спечелил|спечелим|спечелена|спечеленото|спечеления|спечелихте|спечелела|спечелила|спечелилото|спечелени|спечелели|спечелили|спечелихме
неосвободен	A	false			false	false	false	0.0	0.625	неосвободения|неосвободено|неосвободени|неосвободената|неосвободен|неосвободеното|неосвободеният|неосвободените|неосвободена
неприспособим	N	false			false	false	false	0.0	0.625	неприспособима|неприспособимото|неприспособими|неприспособим|неприспособимия|неприспособимият|неприспособимо|неприспособимите|неприспособимата
гръмък	A	false			false	false	false	0.625	0.125	гръмко|гръмкия|гръмкото|гръмка|гръмката|гръмкият|гръмки|гръмките|гръмък
малцинствен	A	true	race_ethnicity	neutral	false	false	false	0.0	0.0	малцинствената|малцинствено|малцинствения|малцинствена|малцинственият|малцинствените|малцинствен|малцинствени|малцинственото
милостив	A	false		positive	true	false	false	0.875	0.0	милостив|милостивия|милостиви|милостивото|милостивият|милостивите|милостивата|милостиво|милостива
безчестие	N	false		negative	false	false	false	0.125	0.75	безчестие|безчестия|безчестията|безчестието
синтетичен	A	false			false	false	false	0.125	0.875	синтетичен|синтетичния|синтетичният|синтетичните|синтетичното|синтетични|синтетично|синтетична|синтетичната
гладникав	A	false	appearance	negative	false	false	false	0.0	0.0	гладникав
католичка	N	true	religion	neutral	false	false	false	0.0	0.0	католичка|католичките|католичката|католички
осъзнат	A	false			false	false	false	0.75	0.0	осъзнатия|осъзнати|осъзнато|осъзнат|осъзнатият|осъзнатите|осъзната|осъзнатата|осъзнатото
африканка	N	true	race_ethnicity	neutral	false	false	false	0.0	0.0	африканки|африканка|африканката|африканките
готвачка	N	true	gender	neutral	false	false	false	0.0	0.0	готвачки|готвачките|готвачката|готвачка
захлас	N	false			false	false	false	0.125	0.625	захлас|захласа|захласът
непреодолим	A	false			false	false	false	0.125	0.75	непреодолим|непреодолимото|непреодолими|непреодолимия|непреодолимо|непреодолима|непреодолимата|непреодолимият|непреодолимите
жлъчен	A	false			false	false	false	0.125	0.75	жлъчния|жлъчен|жлъчното|жлъчни|жлъчно|жлъчният|жлъчна|жлъчните|жлъчната
кардиоспазъм	N	false			false	false	false	0.0	0.625	кардиоспазъм
духовит	A	false			false	false	false	0.875	0.0	духовития|духовит|духовити|духовитото|духовитият|духовитите|духовитата|духовито|духовита
рахит	N	true	disability		false	false	false	0.0	0.75	рахит|рахитът|рахита
диференцируем	A	false			false	false	false	0.75	0.0	диференцируем
крадливост	N	false			false	false	false	0.0	0.625	крадливостта|крадливост
тежина	N	false			false	false	false	0.25	0.625	тежината|тежина
неубедителен	A	false			false	false	false	0.0	0.75	неубедителната|неубедителен|неубедителното|неубедителният|неубедителните|неубедителна|неубедително|неубедителния|неубедителни
педантичен	A	false			false	false	false	0.75	0.0	педантичен|педантичния|педантична|педантичното|педантично|педантичната|педантични|педантичният|педантичните
амебиаза	N	false			false	false	false	0.0	0.625	амебиаза
благонадеждност	N	false			false	false	false	0.625	0.0	благонадеждност|благонадеждността
подмолен	A	false			false	false	false	0.25	0.75	подмолният|подмолно|подмолните|подмолното|подмолна|подмолната|подмолен|подмолния|подмолни
множествена дизостоза	N	true	disability		false	false	false	0.0	0.75	множествена дизостоза
костна фиброзна дисплазия	N	true	disability		false	false	false	0.0	0.625	костна фиброзна дисплазия
неконвертируемост	N	false			false	false	false	0.25	0.625	неконвертируемостта|неконвертируемост
дебил	N	false		negative	true	true	false	0.0	0.0	дебила|дебил|дебили|дебилът|дебилите
двуличен	A	false		negative	true	false	false	0.0	0.0	двулично|двулични|двуличен|двуличния|двуличната|двуличното|двуличният|двулична|двуличните
артистичен	A	false			false	false	false	0.875	0.0	артистичното|артистичния|артистично|артистични|артистичната|артистичният|артистичните|артистичен|артистична
безпокойство	N	false			false	false	false	0.125	0.75	безпокойства|безпокойството|безпокойство|безпокойствата
имам	N	true	religion	neutral	false	false	true	0.0	0.75	имаща|ималото|иманото|имахме|имаха|имай|имащи|имана|ималият|имаме|иманият|имахте|имащият|имащия|ималата|имах|иманата|имайте|имащ|имаш|имаше|имащото|иман|имам|имат|имате|имайки|имащо|имала|ималите|ималия|имал|имащата|иманите|имани|имали|имащите|има|имания|имано|имало
нащърбеност	N	false			false	false	false	0.0	0.625	нащърбеността|нащърбеност
извисяващ	A	false			false	false	false	0.625	0.0	извисяващото|извисяваща|извисяваните|извисявай|извисявайте|извисяваха|извисявалата|извисявайки|извисяваната|извисяваме|извисяващият|извисявания|извисявалия|извисяващия|извисявалият|извисявате|извисяваш|извисявах|извисяваният|извисяваше|извисяващата|извисяват|извисявано|извисявалото|извисяващ|извисявало|извисяващите|извисяваното|извисява|извисявахте|извисявали|извисявани|извисяващи|извисяван|извисявахме|извисяващо|извисявал|извисявала|извисявалите|извисявам|извисявана
благоприличен	A	false			false	false	false	0.625	0.0	благоприличната|благоприличният|благоприличните|благоприличния|благоприлични|благоприличен|благоприличното|благоприлична|благоприлично
безчестен	A	false		negative	true	false	false	0.0	0.0	безчестната|безчестни|безчестният|безчестните|безчестен|безчестния|безчестна|безчестното|безчестно
износен	A	false			false	false	false	0.75	0.0	износеният|износените|износеното|износени|износената|износен|износения|износена|износено
фалшив	A	false		negative	true	false	false	0.0	0.75	фалшивия|фалшива|фалшиво|фалшивият|фалшивите|фалшивата|фалшив|фалшивото|фалшиви
изрод	N	false		negative	true	true	false	0.0	0.0	изроди|изродите|изродът|изрод|изрода
монах	N	true	religion	neutral	false	false	false	0.0	0.0	монаси|монах|монаха|монасите|монахът
небезизвестен	A	false			false	false	false	0.0	0.875	небезизвестно|небезизвестния|небезизвестни|небезизвестен|небезизвестното|небезизвестният|небезизвестните|небезизвестна|небезизвестната
нескопосен	A	false			false	false	false	0.0	0.75	нескопосно|нескопосната|нескопосни|нескопосният|нескопосните|нескопосното|нескопосен|нескопосна|нескопосния
доброта	N	false			false	false	false	0.875	0.125	доброта|добротата
неограничаван	A	false			false	false	false	0.0	0.625	неограничаваният|неограничаваното|неограничаваните|неограничавани|неограничаваната|неограничавано|неограничаван|неограничавания|неограничавана
осквернен	A	false			false	false	false	0.625	0.25	осквернилият|оскверняло|оскверня|осквернете|осквернените|оскверните|осквернеше|осквернилото|оскверни|оскверняхте|оскверненото|оскверняхме|оскверняла|оскверняха|осквернилия|оскверним|осквернил|осквернило|осквернилите|осквернели|осквернял|осквернени|осквернено|оскверних|осквернили|оскверниш|осквернена|осквернят|оскверненият|осквернях|осквернила|осквернения|осквернихме|осквернилата|оскверниха|осквернената|осквернен|осквернихте
петно	N	false			false	false	false	0.0	0.75	петна|петно|петната|петното
фагоцитен	A	false			false	false	false	0.625	0.0	фагоцитен
отвратително	Adv	false		negative	true	false	false	0.0	0.0	отвратително
ендартерит	N	true	disability		false	false	false	0.0	0.75	ендартерит
цигански	A	false	race_ethnicity	negative	true	true	false	0.0	0.0	циганска|цигански|циганския|циганският|циганските|циганската|циганско|циганското
разочароващ	A	false			false	false	false	0.625	0.0	разочарован|разочаровам|разочаровахте|разочарованият|разочаровалият|разочароват|разочароваме|разочаровах|разочароващ|разочароваш|разочароващите|разочаровате|разочароваше|разочарованата|разочаровалата|разочароващия|разочарова|разочаровайте|разочароващата|разочаровано|разочаровало|разочарованите|разочароващото|разочаровали|разочаровалите|разочарования|разочаровалия|разочаровайки|разочаровани|разочароващо|разочаровала|разочароващият|разочарованото|разочарована|разочаровалото|разочароващи|разочаровай|разочароваха|разочаровахме|разочароваща|разочаровал
петня	V	false		negative	false	false	false	0.0	0.0	петнилите|петнящите|петнили|петняща|петнено|петнящ|петнилия|петнели|петни|петнят|петнях|петнящи|петнило|петниш|петнящото|петняха|петненото|петня|петнете|петнящо|петняла|петнен|петняхме|петнеше|петните|петнилата|петненият|петнилият|петнящият|петняло|петнената|петняхте|петнилото|петнял|петнена|петних|петнящата|петниха|петнящия|петнейки|петнил|петним|петнени|петнила|петнения|петнихме|петнихте|петнените
беззащитен	A	false			false	false	false	0.0	0.75	беззащитния|беззащитният|беззащитните|беззащитна|беззащитното|беззащитно|беззащитен|беззащитни|беззащитната
лъжлив	A	false			false	false	false	0.125	0.75	лъжливи|лъжлив|лъжливата|лъжливия|лъжливият|лъжливите|лъжливо|лъжливото|лъжлива
искрен	A	false		positive	false	false	false	0.75	0.0	искрено|искрени|искрен|искреното|искрена|искреният|искрените|искрения|искрената
звукоизолиран	A	false			false	false	false	0.0	0.75	звукоизолираната|звукоизолирано|звукоизолирана|звукоизолиран|звукоизолирания|звукоизолираното|звукоизолирани|звукоизолираният|звукоизолираните
маловажен	A	false			false	false	false	0.0	0.875	маловажно|маловажната|маловажния|маловажна|маловажен|маловажното|маловажният|маловажни|маловажните
негодност	N	false			false	false	false	0.0	0.625	негодност|негодността
незареден	A	false			false	false	false	0.0	0.625	незареденият|незаредени|незаредените|незареденото|незаредена|незаредено|незаредената|незареден|незаредения
бруталност	N	false			false	false	false	0.625	0.25	бруталност|бруталности|бруталностите|бруталността
необорим	A	false			false	false	false	0.0	0.625	необорим|необорими|необоримата|необоримия|необоримият|необоримите|необорима|необоримо|необоримото
провокатор	N	false		negative	true	false	false	0.0	0.0	провокатор|провокатора|провокаторът|провокатори|провокаторите
въпрос на чест	N	false			false	false	false	0.625	0.0	въпрос на чест
доносник	N	false		negative	true	false	false	0.0	0.0	доносника|доносниците|доносници|доносник|доносникът
незатъмнен	A	false			false	false	false	0.0	0.75	незатъмнен
аспираторна пневмония	N	true	disability		false	false	false	0.0	0.75	аспираторна пневмония
инат	N	false		negative	false	false	false	0.0	0.625	инати|инатите|ината|инат|инатът
гузност	N	false			false	false	false	0.375	0.625	гузността|гузност
бронирана жилетка	N	false			false	false	false	0.625	0.0	бронирана жилетка
кретенизъм	N	true	disability		false	false	false	0.125	0.625	кретенизмът|кретенизма|кретенизъм
образован	A	false		positive	false	false	false	0.0	0.0	образован|образованият|образованите|образования|образованото|образовани|образована|образовано|образованата
пъпка	N	true	appearance	neutral	false	false	false	0.0	0.0	пъпка|пъпките|пъпката|пъпки
учудващ	A	false			false	false	false	0.0	0.625	учудващия|учудващият|учудващите|учудващото|учудващ|учудващи|учудващата|учудващо|учудваща
лъжец	N	false		negative	true	false	false	0.0	0.0	лъжците|лъжеца|лъжецът|лъжец|лъжци|лъжецо
супер	Adv	false		positive	false	false	true	0.0	0.0	супер
безформеност	N	false			false	false	false	0.625	0.0	безформеността|безформеност
изкусност	N	false			false	false	false	0.75	0.0	изкусността|изкусност
изменник	N	false		negative	true	false	false	0.0	0.0	изменника|изменникът|изменници|изменниците|изменник
карбонадо	N	false			false	false	false	0.0	0.625	карбонадо
ожулен	A	false			false	false	false	0.0	0.625	ожулели|ожулени|ожулено|ожуленото|ожулех|ожулили|ожуления|ожулилите|ожулило|ожулело|ожулеше|ожулим|ожуленият|ожулил|ожулите|ожулихте|ожулете|ожулих|ожулилата|ожулихме|ожулената|ожулилия|ожулят|ожулиш|ожулилият|ожули|ожулел|ожулиха|ожулехме|ожулеха|ожулените|ожулилото|ожулела|ожулена|ожулехте|ожуля|ожулен|ожулила
стойностен	A	false			false	false	false	0.625	0.0	стойностно|стойностни|стойностен|стойностният|стойностните|стойностното|стойностния|стойностна|стойностната
гранулом	N	false			false	false	false	0.0	0.75	гранулом|грануломите|грануломи|гранулома|грануломът
фиброзна дисплазия на кост	N	false			false	false	false	0.0	0.625	фиброзна дисплазия на кост
хедонизъм	N	false			false	false	false	0.75	0.0	хедонизъм|хедонизма|хедонизмът
квашиоркор	N	false			false	false	false	0.0	0.75	квашиоркор
нужен	A	false			false	false	false	0.625	0.0	нужен|нужни|нужната|нужния|нужно|нужното|нужният|нужна|нужните
идол	N	false			false	false	false	0.0	0.625	идол|идоли|идола|идолът|идолите
обсебващ	A	false			false	false	false	0.625	0.0	обсебвахте|обсебвана|обсебващият|обсебвахме|обсебвалото|обсебващо|обсебвала|обсебваното|обсебващ|обсебваш|обсебваха|обсебвай|обсебващи|обсебвайки|обсебвайте|обсебва|обсебваният|обсебваща|обсебвалият|обсебващата|обсебваме|обсебвате|обсебващите|обсебващия|обсебвалата|обсебваната|обсебваше|обсебващото|обсебвало|обсебват|обсебвано|обсебвах|обсебваните|обсебвалите|обсебвани|обсебвал|обсебвалия|обсебван|обсебвания|обсебвам|обсебвали
разпиляност	N	false			false	false	false	0.625	0.0	разпиляност|разпиляността
загуба на обонянието	N	false			false	false	false	0.0	0.625	загуба на обонянието
доктринерски	A	false			false	false	false	0.0	0.625	доктринерския|доктринерска|доктринерският|доктринерските|доктринерската|доктринерско|доктринерски|доктринерското
обожание	N	false			false	false	false	0.125	0.625	обожание|обожанието
безкомпромисност	N	false			false	false	false	0.0	0.625	безкомпромисност|безкомпромисността
стеноза на носните пътища	N	false			false	false	false	0.0	0.625	стеноза на носните пътища
прекрасен	A	false		positive	true	false	false	0.75	0.0	прекрасният|прекрасното|прекрасните|прекрасен|прекрасната|прекрасни|прекрасния|прекрасно|прекрасна
достоен за порицание	A	false			false	false	false	0.0	0.875	достоен за порицание
омаловажавам	V	false		negative	true	false	false	0.0	0.0	омаловажаваме|омаловажавалият|омаловажаващата|омаловажаваният|омаловажавахте|омаловажаващите|омаловажават|омаловажавалото|омаловажаваха|омаловажаваното|омаловажаван|омаловажаваща|омаловажавал|омаловажавам|омаловажавахме|омаловажаващ|омаловажавана|омаловажаваш|омаловажавах|омаловажавай|омаловажаващото|омаловажаващи|омаловажавалите|омаловажавайки|омаловажавани|омаловажаваните|омаловажаващо|омаловажавалия|омаловажавала|омаловажавано|омаловажавало|омаловажавания|омаловажаващият|омаловажавали|омаловажаващия|омаловажавалата|омаловажаваната|омаловажава|омаловажавайте|омаловажавате|омаловажаваше
всеотдайност	N	false			false	false	false	0.25	0.75	всеотдайност|всеотдайността
повреден от буря	A	false			false	false	false	0.0	0.75	повреден от буря
духовен	A	true	religion	neutral	false	false	false	0.0	0.0	духовната|духовен|духовният|духовните|духовни|духовния|духовно|духовното|духовна
кретен	N	false		negative	true	true	false	0.0	0.0	кретен|кретена|кретенът|кретени|кретените
компетентен	A	false			false	false	false	0.75	0.0	компетентен|компетентна|компетентния|компетентно|компетентното|компетентният|компетентни|компетентните|компетентната
имунокомпетентен	A	false			false	false	false	0.0	0.75	имунокомпетентният|имунокомпетентните|имунокомпетентната|имунокомпетентни|имунокомпетентно|имунокомпетентния|имунокомпетентното|имунокомпетентна|имунокомпетентен
вероломен	A	false		negative	true	false	false	0.0	0.0	вероломен|вероломният|вероломните|вероломното|вероломни|вероломно|вероломния|вероломна|вероломната
вярност	N	false			false	false	false	0.625	0.25	вярност|верността
ксеродерма	N	false			false	false	false	0.125	0.625	ксеродерма
гигантскоклетъчен артериит	N	true	disability		false	false	false	0.0	0.625	гигантскоклетъчен артериит
злочест	A	false			false	false	false	0.125	0.875	злочестата|злочест|злочестият|злочестите|злочесто|злочеста|злочестото|злочестия|злочести
дисхармония	N	false			false	false	false	0.0	0.75	дисхармонията|дисхармония|дисхармонии|дисхармониите
обожаващо	Adv	false			false	false	false	0.75	0.125	обожавал|обожавам|обожаваният|обожаван|обожавахме|обожават|обожавало|обожавано|обожавахте|обожаващата|обожавалото|обожавали|обожаващият|обожаваното|обожава|обожаваме|обожавате|обожавалият|обожаваше|обожаваха|обожаващото|обожаваните|обожаващия|обожаваща|обожавайки|обожавалата|обожавайте|обожавания|обожаващите|обожавани|обожавалия|обожаваната|обожаващо|обожавала|обожавана|обожавах|обожаващи|обожавалите|обожаваш|обожаващ|обожавай
клисав	A	false			false	false	false	0.125	0.625	клисави|клисавото|клисавият|клисавите|клисав|клисавата|клисаво|клисавия|клисава
кичест	A	false		negative	false	false	false	0.0	0.0	кичестия|кичестият|кичестите|кичестото|кичести|кичесто|кичеста|кичест|кичестата
неетичен	A	false			false	false	false	0.0	0.75	неетично|неетична|неетичният|неетичните|неетичното|неетичния|неетичен|неетичната|неетични
Дикенсов	A	false			false	false	false	0.0	0.625	
непредсказуем	A	false			false	false	false	0.0	0.625	непредсказуеми|непредсказуем|непредсказуемия|непредсказуемата|непредсказуемо|непредсказуема|непредсказуемото|непредсказуемият|непредсказуемите
казуистика	N	false			false	false	false	0.0	0.75	казуистика|казуистиката
остроумен	A	false			false	false	false	0.625	0.0	остроумната|остроумно|остроумният|остроумните|остроумното|остроумни|остроумен|остроумна|остроумния
излъгвам	V	false		negative	false	false	false	0.0	0.0	излъгващи|излъгвай|излъгвахме|излъгвана|излъгван|излъгваното|излъгвам|излъгващият|излъгвалото|излъгващо|излъгвал|излъгвала|излъгват|излъгвахте|излъгвани|излъгващата|излъгваният|излъгваща|излъгвалият|излъгваха|излъгваше|излъгва|излъгвате|излъгващия|излъгвайте|излъгвания|излъгващите|излъгвайки|излъгваната|излъгвалата|излъгваме|излъгвах|излъгвали|излъгващ|излъгвало|излъгваш|излъгвалия|излъгвано|излъгваните|излъгващото|излъгвалите
неизползван	A	false			false	false	false	0.0	0.75	неизползваната|неизползвани|неизползвания|неизползван|неизползвано|неизползваното|неизползваният|неизползвана|неизползваните
доверителен	A	false			false	false	false	0.625	0.125	доверителната|доверителният|доверително|доверителните|доверителното|доверителна|доверителен|доверителния|доверителни
елфически	A	false			false	false	false	0.75	0.0	елфически
безвкусица	N	false			false	false	false	0.125	0.75	безвкусица|безвкусици|безвкусиците|безвкусицата
неотменяем	A	false			false	false	false	0.0	0.75	неотменяем|неотменяеми|неотменяемият|неотменяемите|неотменяемото|неотменяемо|неотменяемата|неотменяема|неотменяемия
осакатявам	V	true	disability	negative	false	false	false	0.0	0.0	осакатявали|осакатявани|осакатявано|осакатяващ|осакатяваните|осакатяваш|осакатявалите|осакатяващо|осакатявала|осакатявалата|осакатяват|осакатявайки|осакатявах|осакатявахме|осакатявана|осакатявахте|осакатяваше|осакатяващият|осакатявал|осакатяван|осакатявам|осакатяваната|осакатявало|осакатявайте|осакатяващата|осакатяваният|осакатявалият|осакатяващия|осакатявате|осакатява|осакатяваме|осакатяващите|осакатяваното|осакатяваха|осакатявалото|осакатяващи|осакатявай|осакатявания|осакатяваща|осакатявалия|осакатяващото
недействителност	N	false			false	false	false	0.25	0.625	недействителност|недействителността
мъгляв	A	false			false	false	false	0.125	0.75	мъглявия|мъгляво|мъглява|мъгляв|мъглявият|мъглявите|мъглявото|мъгляви|мъглявата
аносмия	N	true	disability		false	false	false	0.0	0.625	аносмия
нервен срив	N	false			false	false	false	0.0	0.875	нервен срив
късметлийски	A	false			false	false	false	0.875	0.0	късметлийски
въодушевление	N	false			false	false	false	0.625	0.0	въодушевления|въодушевленията|въодушевление|въодушевлението
госпожица	N	true	gender	neutral	false	false	false	0.0	0.0	госпожицата|госпожиците|госпожица|госпожице|госпожици
изповедник	N	false	religion	positive	false	false	false	0.0	0.0	изповедник|изповедника|изповедникът|изповедниците|изповедници
нежелателен	A	false			false	false	false	0.0	0.625	нежелателен|нежелателни|нежелателния|нежелателната|нежелателно|нежелателното|нежелателна|нежелателният|нежелателните
авгиев	A	false			false	false	false	0.222	0.778	авгиеви|авгиев|авгиевата|авгиева|авгиевият|авгиевите|авгиевото|авгиевия|авгиево
нелогичност	N	false			false	false	false	0.25	0.75	нелогичност|нелогичността
въшлив	A	false			false	false	false	0.0	0.625	въшливата|въшлива|въшливо|въшливият|въшливото|въшливите|въшливия|въшлив|въшливи
непресован	A	false			false	false	false	0.0	0.625	непресован
поривист	A	false			false	false	false	0.0	0.625	поривистия|поривиста|поривистата|поривисто|поривистото|поривистият|поривистите|поривисти|поривист
грешник	N	false	religion	negative	false	false	false	0.0	0.0	грешник|грешника|грешниците|грешници|грешникът
късоглед	A	false			false	false	false	0.125	0.625	късоглед|късогледи|късогледото|късогледия|късогледият|късогледите|късогледата|късогледо|късогледа
атеистка	N	true	religion	neutral	false	false	false	0.0	0.0	атеистката|атеистка|атеистките|атеистки
неадаптиран	A	false			false	false	false	0.0	0.75	неадаптираното|неадаптираният|неадаптираните|неадаптирани|неадаптиран|неадаптирана|неадаптирания|неадаптираната|неадаптирано
маточно кървене	N	false			false	false	false	0.0	0.625	маточно кървене
умел	A	false			false	false	false	0.75	0.0	умелото|умели|умело|умелият|умелите|умелата|умелия|умела|умел
охкане	N	false			false	false	false	0.0	0.625	охкане|охкания|охкането|охканията
умен	A	false		positive	false	false	false	0.0	0.0	умния|умен|умни|умното|умният|умните|умната|умно|умна
навреждам	V	false			false	false	false	0.0	0.75	навреждало|навреждахте|навреждам|навреждаше|навреждал|навреждайте|навреждащата|навреждате|навреждаме|навреждалият|навреждащият|навреждащия|навреждаща|навреждалия|навреждаха|навреждалото|навреждащи|навреждай|навреждащо|навреждала|навреждах|навреждащото|навреждат|навреждалата|навреждали|навреждалите|наврежда|навреждайки|навреждаш|навреждахме|навреждащ|навреждащите
лукав	A	false		negative	false	false	false	0.625	0.25	лукаво|лукавия|лукава|лукавата|лукавото|лукав|лукавият|лукавите|лукави
нереален	A	false			false	false	false	0.0	0.75	нереална|нереалният|нереалните|нереално|нереалното|нереалния|нереални|нереален|нереалната
възпроизводимо	Adv	false			false	false	false	0.625	0.0	възпроизводимата|възпроизводим|възпроизводимият|възпроизводима|възпроизводимите|възпроизводимото|възпроизводими|възпроизводимо|възпроизводимия
подходящ	A	false			false	false	false	0.75	0.0	подходящ|подходяща|подходящия|подходящото|подходящият|подходящи|подходящите|подходящо|подходящата
помак	N	true	race_ethnicity	neutral	false	false	false	0.0	0.0	помака|помак|помакът|помаци|помаците
непоследователен	A	false			false	false	false	0.125	0.625	непоследователни|непоследователен|непоследователното|непоследователният|непоследователните|непоследователната|непоследователна|непоследователния|непоследователно
оточен	A	false			false	false	false	0.0	0.75	оточен
смрадлив	A	false			false	false	false	0.0	0.75	смрадлива|смрадливо|смрадливото|смрадливият|смрадливите|смрадливи|смрадливата|смрадлив|смрадливия
амелодичен	A	false			false	false	false	0.125	0.625	амелодичен
опасяващ се	A	false			false	false	false	0.125	0.625	опасяващ се
паразит	N	false		negative	true	false	false	0.0	0.0	паразити|паразитите|паразита|паразит|паразитът
щекотлив	A	false			false	false	false	0.0	0.875	щекотлив|щекотливият|щекотливите|щекотливата|щекотливия|щекотливи|щекотливо|щекотлива|щекотливото
малцинство	N	true	race_ethnicity	neutral	false	false	false	0.0	0.0	малцинството|малцинство|малцинства|малцинствата
неосъществим	A	false			false	false	false	0.0	0.75	неосъществим|неосъществимия|неосъществима|неосъществимо|неосъществимият|неосъществимите|неосъществимото|неосъществими|неосъществимата
безчувствен	A	false		negative	true	false	false	0.0	0.75	безчувствено|безчувственият|безчувствените|безчувствен|безчувствена|безчувственото|безчувствения|безчувствени|безчувствената
неволя	N	false			false	false	false	0.0	0.625	неволя|неволи|неволята|неволите
побъркан	A	false		negative	true	false	false	0.0	0.0	побъркан|побърканото|побърканият|побърканите|побъркана|побърканата|побъркано|побъркания|побъркани
непреобразуваем	A	false			false	false	false	0.125	0.625	непреобразуваем
печалност	N	false			false	false	false	0.0	0.75	печалност
идентичност	N	false			false	false	false	0.625	0.125	идентичността|идентичност
мургав	A	false	appearance	negative	false	false	false	0.0	0.0	мургава|мургаво|мургавия|мургавото|мургавият|мургавите|мургавата|мургави|мургав
тлъст	A	true	appearance	negative	false	false	false	0.0	0.0	тлъстия|тлъстото|тлъстият|тлъстите|тлъстата|тлъсти|тлъста|тлъст|тлъсто
любов	N	false			false	false	false	0.625	0.0	любов|любовта
невъзвратим	A	false			false	false	false	0.0	0.625	невъзвратим|невъзвратимо|невъзвратимата|невъзвратимия|невъзвратимият|невъзвратима|невъзвратимите|невъзвратимото|невъзвратими
без завещание	A	false			false	false	false	0.0	0.75	без завещание
улцеративен колит	N	true	disability		false	false	false	0.0	0.625	улцеративен колит
искрено	Adv	false			false	false	false	0.625	0.0	искрено
ловък	A	false			false	false	false	0.625	0.0	ловкия|ловък|ловката|ловкият|ловки|ловките|ловко|ловкото|ловка
венечна болка	N	false			false	false	false	0.0	0.75	венечна болка
неумишлен	A	false			false	false	false	0.0	0.75	неумишленото|неумишленият|неумишлените|неумишлени|неумишлената|неумишлен|неумишления|неумишлена|неумишлено
заядлив	A	false			false	false	false	0.125	0.875	заядливия|заядливо|заядливи|заядлив|заядливото|заядлива|заядливата|заядливият|заядливите
дама	N	true	gender	neutral	false	false	false	0.0	0.0	дами|дамата|дамите|дамо|дама
измъчвам се	V	false			false	false	false	0.0	0.75	измъчвам се
мастоидит	N	true	disability		false	false	false	0.0	0.625	мастоидит
син	N	true	gender	neutral	false	false	false	0.0	0.0	синия|синьо|син|синя|синьото|синята|синият|сините|сини
психоневротичен	A	false			false	false	false	0.0	0.75	психоневротичен
морализъм	N	false			false	false	false	0.75	0.125	морализъм
курва	N	false	gender	negative	true	true	false	0.0	0.0	курви|курва|курвата|курвите
мрачен	A	false			false	false	false	0.0	0.75	мрачен|мрачни|мрачната|мрачния|мрачният|мрачните|мрачно|мрачното|мрачна
незасегнат	A	false			false	false	false	0.125	0.625	незасегнато|незасегнатият|незасегнатите|незасегната|незасегнатото|незасегнатия|незасегнат|незасегнатата|незасегнати
регент	N	false			false	false	false	0.0	0.625	регента|регентът|регент|регенти|регентите
евреин	N	true	religion	neutral	false	false	false	0.0	0.0	евреина|евреите|евреин|евреи|евреинът
сръдливост	N	false			false	false	false	0.0	0.75	сръдливостта|сръдливост
дребен	A	true	appearance	neutral	false	false	false	0.0	0.75	дребната|дребно|дребния|дребна|дребното|дребният|дребните|дребен|дребни
ксенофобски настроен	A	false			false	false	false	0.0	0.75	ксенофобски настроен
предупредителен	A	false			false	false	false	0.0	0.625	предупредителен|предупредителни|предупредителната|предупредителния|предупредителна|предупредителният|предупредително|предупредителните|предупредителното
натурализираност	N	false			false	false	false	0.625	0.0	натурализираност
отчаяност	N	false			false	false	false	0.25	0.625	отчаяност|отчаяността
погрешен	A	false			false	false	false	0.125	0.75	погрешен|погрешно|погрешна|погрешната|погрешният|погрешните|погрешния|погрешното|погрешни
скъпота	N	false			false	false	false	0.625	0.0	скъпота
бъбречна поликистоза	N	true	disability		false	false	false	0.0	0.625	бъбречна поликистоза
самоиндуциран	A	false			false	false	false	0.0	0.625	самоиндуциран
изгубен	A	false			false	false	false	0.0	0.75	изгубения|изгубени|изгубеният|изгубените|изгубен|изгубеното|изгубено|изгубената|изгубена
родилна болка	N	false			false	false	false	0.0	0.75	родилна болка
добро състояние	N	false			false	false	false	0.625	0.0	добро състояние
ядосан	A	false			false	false	false	0.0	0.625	ядосаният|ядосаните|ядосаното|ядосана|ядосания|ядосано|ядосани|ядосаната|ядосан
смекчен	A	false			false	false	false	0.125	0.75	смекчила|смекченото|смекчен|смекчихме|смекчилата|смекчена|смекчахте|смекчено|смекчили|смекчало|смекчихте|смекчели|смекчени|смекчения|смекчахме|смекчилият|смекчило|смекченият|смекчеше|смекчилото|смекчи|смекчите|смекчете|смекчил|смекчената|смекчим|смекчилия|смекчах|смекчаха|смекчилите|смекчат|смекчените|смекчих|смекчала|смекча|смекчиш|смекчиха|смекчал
назъбеност	N	false			false	false	false	0.0	0.625	назъбеност|назъбеността
прекрасно	Adv	false		positive	true	false	false	0.625	0.0	прекрасно
несдържан	A	false			false	false	false	0.0	0.625	несдържаният|несдържаните|несдържаното|несдържаната|несдържани|несдържания|несдържана|несдържан|несдържано
задълбочен	A	false			false	false	false	0.875	0.0	задълбочен|задълбочена|задълбочено|задълбоченото|задълбоченият|задълбочените|задълбочени|задълбочената|задълбочения
осъдителен	A	false			false	false	false	0.0	0.625	осъдителна|осъдителен|осъдителния|осъдителни|осъдителната|осъдителният|осъдителните|осъдително|осъдителното
нездрав	A	false			false	false	false	0.0	0.75	нездрави|нездравата|нездрав|нездраво|нездравото|нездравият|нездрава|нездравите|нездравия
блюдолизец	N	false			false	false	false	0.625	0.0	блюдолизец|блюдолизецът|блюдолизци|блюдолизеца|блюдолизците
феминизъм	N	true	gender	neutral	false	false	false	0.0	0.0	феминизъм|феминизма|феминизмът
благодетелност	N	false			false	false	false	0.75	0.0	благодетелност
незадължителен	A	false			false	false	false	0.125	0.625	незадължителни|незадължителният|незадължителната|незадължителните|незадължителен|незадължителна|незадължителното|незадължителния|незадължително
Достоевски	N	false			false	false	false	0.0	0.625	
живописен	A	false			false	false	false	0.75	0.0	живописния|живописни|живописната|живописният|живописните|живописен|живописна|живописното|живописно
спастичен	A	false			false	false	false	0.0	0.875	спастичен
привличам	V	false			false	false	false	0.625	0.0	привличалото|привличай|привличащ|привличаха|привличащият|привличаща|привличат|привличах|привличаш|привличаният|привличащата|привличали|привличалият|привличани|привличахте|привличайки|привличайте|привличащо|привличала|привличана|привличахме|привличащи|привличаше|привличаната|привличалата|привличащите|привлича|привличало|привличано|привличаните|привличания|привличалите|привличам|привличалия|привличал|привличаме|привличащото|привличан|привличате|привличащия|привличаното
самоизмъчване	N	false			false	false	false	0.0	0.875	самоизмъчване|самоизмъчването
угризение на съвестта	N	false			false	false	false	0.125	0.625	угризение на съвестта
изнемогвам	V	true	disability	negative	false	false	false	0.0	0.0	изнемогваме|изнемогващото|изнемогвайки|изнемогваща|изнемогвалите|изнемогвалото|изнемогваше|изнемогващият|изнемогвате|изнемогващия|изнемогващата|изнемогвали|изнемогвалия|изнемогвало|изнемогващ|изнемогваш|изнемогвалият|изнемогвах|изнемогваха|изнемогвахте|изнемогвахме|изнемогва|изнемогващи|изнемогват|изнемогвай|изнемогващите|изнемогвайте|изнемогвам|изнемогващо|изнемогвала|изнемогвалата|изнемогвал
терзание	N	false			false	false	false	0.0	0.625	терзанията|терзания|терзание|терзанието
буден	A	false			false	false	false	0.0	0.625	будното|будно|будния|будна|буден|будният|будни|будните|будната
холеричен	A	false			false	false	false	0.125	0.625	холеричния|холерично|холерична|холеричният|холеричните|холеричното|холеричен|холерични|холеричната
герой	N	false		positive	true	false	false	0.0	0.0	героят|герою|героя|героите|герои|герой
тетаничен гърч	N	true	disability		false	false	false	0.0	0.875	тетаничен гърч
разкриващ	A	false			false	false	false	0.625	0.0	разкриващ|разкривани|разкривалия|разкривали|разкриваният|разкривания|разкриващата|разкривалият|разкривано|разкривало|разкриваше|разкриваното|разкривалото|разкриващия|разкривате|разкриващият|разкривайте|разкриваме|разкривахте|разкриваните|разкривалите|разкрива|разкриващото|разкриваща|разкривал|разкривам|разкриваха|разкриван|разкривай|разкривахме|разкриващи|разкриват|разкриваната|разкриващите|разкривалата|разкривана|разкриваш|разкривах|разкриващо|разкривайки|разкривала
комично	Adv	false			false	false	false	0.625	0.0	комично
вулгарно	Adv	false		negative	true	false	false	0.0	0.0	вулгарно
нецензурен	A	false			false	false	false	0.125	0.625	нецензурни|нецензурно|нецензурният|нецензурна|нецензурните|нецензурната|нецензурен|нецензурното|нецензурния
остър	A	false			false	false	false	0.125	0.875	остри|острият|острите|остър|острото|острата|острия|остра|остро
обидност	N	false			false	false	false	0.125	0.75	обидност
непрактичен	A	false			false	false	false	0.0	0.625	непрактичния|непрактична|непрактичното|непрактичен|непрактичният|непрактичните|непрактичната|непрактични|непрактично
неверен	A	false		negative	false	false	false	0.125	0.75	неверния|неверни|неверният|неверните|неверен|невярното|невярно|невярна|невярната
перфектен	A	false		positive	false	false	false	0.625	0.0	перфектната|перфектна|перфектния|перфектният|перфектно|перфектните|перфектното|перфектен|перфектни
начумерен	A	false			false	false	false	0.125	0.75	начумерената|начумереното|начумереният|начумерените|начумерения|начумерена|начумерено|начумерен|начумерени
индустриален	A	false			false	false	false	0.625	0.0	индустриална|индустриалният|индустриалните|индустриално|индустриалното|индустриални|индустриален|индустриалната|индустриалния
обезболяващо	N	false			false	false	false	0.0	0.625	обезболяващото|обезболяват|обезболявайте|обезболявали|обезболявам|обезболявало|обезболяван|обезболявано|обезболявалата|обезболявал|обезболяваната|обезболявай|обезболяващи|обезболявания|обезболяващият|обезболявана|обезболяваш|обезболяващ|обезболявалият|обезболяващо|обезболявала|обезболяваният|обезболявах|обезболяващия|обезболявани|обезболява|обезболяваща|обезболяваха|обезболяващата|обезболявалото|обезболявалия|обезболяваното|обезболяващите|обезболяваше|обезболявате|обезболявахте|обезболявайки|обезболявалите|обезболявахме|обезболяваните|обезболяваме
неучтивост	N	false			false	false	false	0.0	1.0	неучтивостта|неучтивост|неучтивости|неучтивостите
съдържателност	N	false			false	false	false	0.75	0.125	съдържателността|съдържателност
непочтителност	N	false			false	false	false	0.0	1.0	непочтителност|непочтителността
престорено скромен	A	false			false	false	false	0.625	0.125	престорено скромен
очарование	N	false			false	false	false	0.125	0.625	очарования|очарованието|очарование|очарованията
неоспорим	A	false			false	false	false	0.0	0.875	неоспоримо|неоспорима|неоспоримия|неоспорим|неоспоримата|неоспорими|неоспоримият|неоспоримите|неоспоримото
трахеит	N	true	disability		false	false	false	0.0	0.625	трахеит
плашлив	A	false			false	false	false	0.625	0.0	плашливи|плашливата|плашливия|плашливият|плашливите|плашливото|плашлива|плашлив|плашливо
проблемен	A	false			false	false	false	0.0	0.875	проблемни|проблемното|проблемният|проблемните|проблемния|проблемната|проблемно|проблемна|проблемен
епикондилит	N	true	disability		false	false	false	0.0	0.625	епикондилит
непреднамерен	A	false			false	false	false	0.0	0.75	непреднамерен|непреднамереният|непреднамерено|непреднамерените|непреднамереното|непреднамерена|непреднамерения|непреднамерената|непреднамерени
еврейка	N	true	religion	neutral	false	false	false	0.0	0.0	еврейки|еврейките|еврейката|еврейка
хубавея	V	true	appearance	positive	false	false	false	0.0	0.0	хубавей|хубавелите|хубавеещите|хубавееща|хубавее|хубавейте|хубавееше|хубавях|хубавели|хубавеещия|хубавеете|хубавяхме|хубавеещата|хубавял|хубавеят|хубавялата|хубавяхте|хубавелия|хубавеели|хубавяла|хубавеейки|хубавелият|хубавеещият|хубавеел|хубавеем|хубавеело|хубавяха|хубавеехте|хубавееха|хубавяло|хубавея|хубавеещи|хубавеещото|хубавеещо|хубавеела|хубавеещ|хубавялото|хубавеехме|хубавееш|хубавя|хубавеех
благозвучен	A	false			false	false	false	0.625	0.0	благозвучният|благозвучните|благозвучни|благозвучен|благозвучния|благозвучното|благозвучната|благозвучна|благозвучно
корени	N	true	race_ethnicity	neutral	false	false	false	0.0	0.0	корените|корени|корен|корена|коренът
блудница	N	false	gender	negative	true	true	false	0.0	0.0	блудници|блудницата|блудница|блудниците
фоторетинит	N	true	disability		false	false	false	0.0	0.625	фоторетинит
умно	Adv	false		positive	false	false	false	0.0	0.0	умно
хубавец	N	false	appearance	positive	true	false	true	0.0	0.0	хубавците|хубавеца|хубавецо|хубавец|хубавецът|хубавци
палав	A	false			false	false	false	0.0	0.75	палаво|палав|палавата|палавия|палава|палавият|палави|палавите|палавото
майчински качества	N	false			false	false	false	0.75	0.0	майчински качества
високопарен	A	false			false	false	false	0.125	0.625	високопарната|високопарния|високопарни|високопарен|високопарното|високопарна|високопарният|високопарните|високопарно
непоробен	A	false			false	false	false	0.0	0.625	непоробен
свръхтревожност	N	false			false	false	false	0.0	0.625	свръхтревожност
кръвотечение от матката	N	false			false	false	false	0.0	0.625	кръвотечение от матката
деутеранопия	N	false			false	false	false	0.0	0.625	деутеранопия
проникновен	A	false			false	false	false	0.625	0.0	проникновеният|проникновените|проникновени|проникновената|проникновено|проникновеното|проникновения|проникновена|проникновен
будист	N	true	religion	neutral	false	false	false	0.0	0.0	будист|будиста|будистът|будистите|будисти
разбъркан	A	false			false	false	false	0.0	0.875	разбъркан|разбъркана|разбъркания|разбърканата|разбърканият|разбъркано|разбърканите|разбъркани|разбърканото
самоокайване	N	false			false	false	false	0.125	0.75	самоокайвания|самоокайване|самоокайването|самоокайванията
сизифовски	A	false			false	false	false	0.0	0.75	сизифовски|сизифовския|сизифовското|сизифовският|сизифовските|сизифовско|сизифовската|сизифовска
анормалност	N	false			false	false	false	0.0	0.625	анормалността|анормалност
славно	Adv	false		positive	false	false	false	0.0	0.0	славно
главатар	N	false		negative	false	false	false	0.0	0.0	главатар|главатарят|главатаря|главатарите|главатари
непокаян	A	false			false	false	false	0.0	0.625	непокаян|непокаяни|непокаяното|непокаяният|непокаяните|непокаяната|непокаяно|непокаяна|непокаяния
находчивост	N	false			false	false	false	0.0	0.625	находчивост|находчивостта
възпитаност	N	false			false	false	false	0.875	0.0	възпитаността|възпитаност
гето	N	false			false	false	false	0.0	0.75	гето|гетото|гета|гетата
функционалност	N	false			false	false	false	0.625	0.0	функционалност|функционалността
лошо настроение	N	false			false	false	false	0.0	0.75	лошо настроение
ожулвам	V	false			false	false	false	0.0	0.75	ожулваме|ожулващите|ожулваната|ожулващия|ожулвате|ожулва|ожулвайте|ожулващото|ожулващата|ожулвания|ожулваните|ожулвалите|ожулваща|ожулвалия|ожулвай|ожулвалата|ожулващи|ожулвайки|ожулваха|ожулвалото|ожулващият|ожулващо|ожулвала|ожулваното|ожулвахме|ожулвана|ожулвано|ожулвам|ожулвали|ожулван|ожулвал|ожулвани|ожулваният|ожулвалият|ожулвах|ожулват|ожулвало|ожулваш|ожулващ|ожулвахте|ожулваше
палач	N	false		negative	true	false	false	0.0	0.0	палачите|палачи|палач|палача|палачът
свръхнежен	A	false			false	false	false	0.25	0.625	свръхнежен
нескромен	A	false			false	false	false	0.625	0.125	нескромното|нескромният|нескромните|нескромни|нескромната|нескромно|нескромния|нескромна|нескромен
адиабатен	A	false			false	false	false	0.0	0.625	адиабатен
доволен	A	false			false	false	false	0.75	0.0	доволен|доволна|доволния|доволно|доволната|доволни|доволният|доволните|доволното
напълно изсъхнал	A	false			false	false	false	0.0	0.625	напълно изсъхнал
откриваем	A	false			false	false	false	0.625	0.0	откриваемото|откриваемо|откриваемия|откриваема|откриваем|откриваемата|откриваемият|откриваеми|откриваемите
хидрофобен	A	false			false	false	false	0.0	0.75	хидрофобно|хидрофобна|хидрофобната|хидрофобният|хидрофобните|хидрофобен|хидрофобни|хидрофобното|хидрофобния
анорексия нервоза	N	true	disability		false	false	false	0.0	0.625	анорексия нервоза
